Domain Code,Domain,Area Code (M49),Area,Year Code,Year,Item Code,Item,Months Code,Months,Element Code,Element,Unit,Value,Flag,Flag Description,Note
"CP","Consumer Price Indices","096","Brunei Darussalam","2000","2000","23013","Consumer Prices, Food Indices (2015 = 100)","7001","January","6125","Value","","93.010078","I","Value imputed by a receiving agency","base year is 2015"
"CP","Consumer Price Indices","096","Brunei Darussalam","2000","2000","23013","Consumer Prices, Food Indices (2015 = 100)","7002","February","6125","Value","","93.307303","I","Value imputed by a receiving agency","base year is 2015"
"CP","Consumer Price Indices","096","Brunei Darussalam","2000","2000","23013","Consumer Prices, Food Indices (2015 = 100)","7003","March","6125","Value","","93.703929","I","Value imputed by a receiving agency","base year is 2015"
"CP","Consumer Price Indices","096","Brunei Darussalam","2000","2000","23013","Consumer Prices, Food Indices (2015 = 100)","7004","April","6125","Value","","93.803144","I","Value imputed by a receiving agency","base year is 2015"
"CP","Consumer Price Indices","096","Brunei Darussalam","2000","2000","23013","Consumer Prices, Food Indices (2015 = 100)","7005","May","6125","Value","","93.803144","I","Value imputed by a receiving agency","base year is 2015"
"CP","Consumer Price Indices","096","Brunei Darussalam","2000","2000","23013","Consumer Prices, Food Indices (2015 = 100)","7006","June","6125","Value","","94.299563","I","Value imputed by a receiving agency","base year is 2015"
"CP","Consumer Price Indices","096","Brunei Darussalam","2000","2000","23013","Consumer Prices, Food Indices (2015 = 100)","7007","July","6125","Value","","94.398916","I","Value imputed by a receiving agency","base year is 2015"
"CP","Consumer Price Indices","096","Brunei Darussalam","2000","2000","23013","Consumer Prices, Food Indices (2015 = 100)","7008","August","6125","Value","","94.697114","I","Value imputed by a receiving agency","base year is 2015"
"CP","Consumer Price Indices","096","Brunei Darussalam","2000","2000","23013","Consumer Prices, Food Indices (2015 = 100)","7009","September","6125","Value","","94.79656","I","Value imputed by a receiving agency","base year is 2015"
"CP","Consumer Price Indices","096","Brunei Darussalam","2000","2000","23013","Consumer Prices, Food Indices (2015 = 100)","7010","October","6125","Value","","94.99552","I","Value imputed by a receiving agency","base year is 2015"
"CP","Consumer Price Indices","096","Brunei Darussalam","2000","2000","23013","Consumer Prices, Food Indices (2015 = 100)","7011","November","6125","Value","","94.498293","I","Value imputed by a receiving agency","base year is 2015"
"CP","Consumer Price Indices","096","Brunei Darussalam","2000","2000","23013","Consumer Prices, Food Indices (2015 = 100)","7012","December","6125","Value","","94.697114","I","Value imputed by a receiving agency","base year is 2015"
"CP","Consumer Price Indices","096","Brunei Darussalam","2001","2001","23013","Consumer Prices, Food Indices (2015 = 100)","7001","January","6125","Value","","95.095034","I","Value imputed by a receiving agency","base year is 2015"
"CP","Consumer Price Indices","096","Brunei Darussalam","2001","2001","23013","Consumer Prices, Food Indices (2015 = 100)","7002","February","6125","Value","","95.194572","I","Value imputed by a receiving agency","base year is 2015"
"CP","Consumer Price Indices","096","Brunei Darussalam","2001","2001","23013","Consumer Prices, Food Indices (2015 = 100)","7003","March","6125","Value","","95.294132","I","Value imputed by a receiving agency","base year is 2015"
"CP","Consumer Price Indices","096","Brunei Darussalam","2001","2001","23013","Consumer Prices, Food Indices (2015 = 100)","7004","April","6125","Value","","95.493322","I","Value imputed by a receiving agency","base year is 2015"
"CP","Consumer Price Indices","096","Brunei Darussalam","2001","2001","23013","Consumer Prices, Food Indices (2015 = 100)","7005","May","6125","Value","","95.493322","I","Value imputed by a receiving agency","base year is 2015"
"CP","Consumer Price Indices","096","Brunei Darussalam","2001","2001","23013","Consumer Prices, Food Indices (2015 = 100)","7006","June","6125","Value","","95.592951","I","Value imputed by a receiving agency","base year is 2015"
"CP","Consumer Price Indices","096","Brunei Darussalam","2001","2001","23013","Consumer Prices, Food Indices (2015 = 100)","7007","July","6125","Value","","95.592951","I","Value imputed by a receiving agency","base year is 2015"
"CP","Consumer Price Indices","096","Brunei Darussalam","2001","2001","23013","Consumer Prices, Food Indices (2015 = 100)","7008","August","6125","Value","","95.592951","I","Value imputed by a receiving agency","base year is 2015"
"CP","Consumer Price Indices","096","Brunei Darussalam","2001","2001","23013","Consumer Prices, Food Indices (2015 = 100)","7009","September","6125","Value","","95.792278","I","Value imputed by a receiving agency","base year is 2015"
"CP","Consumer Price Indices","096","Brunei Darussalam","2001","2001","23013","Consumer Prices, Food Indices (2015 = 100)","7010","October","6125","Value","","95.792278","I","Value imputed by a receiving agency","base year is 2015"
"CP","Consumer Price Indices","096","Brunei Darussalam","2001","2001","23013","Consumer Prices, Food Indices (2015 = 100)","7011","November","6125","Value","","92.812044","I","Value imputed by a receiving agency","base year is 2015"
"CP","Consumer Price Indices","096","Brunei Darussalam","2001","2001","23013","Consumer Prices, Food Indices (2015 = 100)","7012","December","6125","Value","","90.935384","I","Value imputed by a receiving agency","base year is 2015"
"CP","Consumer Price Indices","096","Brunei Darussalam","2002","2002","23013","Consumer Prices, Food Indices (2015 = 100)","7001","January","6125","Value","","92.218501","I","Value imputed by a receiving agency","base year is 2015"
"CP","Consumer Price Indices","096","Brunei Darussalam","2002","2002","23013","Consumer Prices, Food Indices (2015 = 100)","7002","February","6125","Value","","92.218501","I","Value imputed by a receiving agency","base year is 2015"
"CP","Consumer Price Indices","096","Brunei Darussalam","2002","2002","23013","Consumer Prices, Food Indices (2015 = 100)","7003","March","6125","Value","","92.317367","I","Value imputed by a receiving agency","base year is 2015"
"CP","Consumer Price Indices","096","Brunei Darussalam","2002","2002","23013","Consumer Prices, Food Indices (2015 = 100)","7004","April","6125","Value","","92.515168","I","Value imputed by a receiving agency","base year is 2015"
"CP","Consumer Price Indices","096","Brunei Darussalam","2002","2002","23013","Consumer Prices, Food Indices (2015 = 100)","7005","May","6125","Value","","92.416255","I","Value imputed by a receiving agency","base year is 2015"
"CP","Consumer Price Indices","096","Brunei Darussalam","2002","2002","23013","Consumer Prices, Food Indices (2015 = 100)","7006","June","6125","Value","","92.317367","I","Value imputed by a receiving agency","base year is 2015"
"CP","Consumer Price Indices","096","Brunei Darussalam","2002","2002","23013","Consumer Prices, Food Indices (2015 = 100)","7007","July","6125","Value","","92.317367","I","Value imputed by a receiving agency","base year is 2015"
"CP","Consumer Price Indices","096","Brunei Darussalam","2002","2002","23013","Consumer Prices, Food Indices (2015 = 100)","7008","August","6125","Value","","92.515168","I","Value imputed by a receiving agency","base year is 2015"
"CP","Consumer Price Indices","096","Brunei Darussalam","2002","2002","23013","Consumer Prices, Food Indices (2015 = 100)","7009","September","6125","Value","","92.416255","I","Value imputed by a receiving agency","base year is 2015"
"CP","Consumer Price Indices","096","Brunei Darussalam","2002","2002","23013","Consumer Prices, Food Indices (2015 = 100)","7010","October","6125","Value","","92.416255","I","Value imputed by a receiving agency","base year is 2015"
"CP","Consumer Price Indices","096","Brunei Darussalam","2002","2002","23013","Consumer Prices, Food Indices (2015 = 100)","7011","November","6125","Value","","90.639845","I","Value imputed by a receiving agency","base year is 2015"
"CP","Consumer Price Indices","096","Brunei Darussalam","2002","2002","23013","Consumer Prices, Food Indices (2015 = 100)","7012","December","6125","Value","","90.639845","I","Value imputed by a receiving agency","base year is 2015"
"CP","Consumer Price Indices","096","Brunei Darussalam","2003","2003","23013","Consumer Prices, Food Indices (2015 = 100)","7001","January","6125","Value","","91.370196","I","Value imputed by a receiving agency","base year is 2015"
"CP","Consumer Price Indices","096","Brunei Darussalam","2003","2003","23013","Consumer Prices, Food Indices (2015 = 100)","7002","February","6125","Value","","93.380131","I","Value imputed by a receiving agency","base year is 2015"
"CP","Consumer Price Indices","096","Brunei Darussalam","2003","2003","23013","Consumer Prices, Food Indices (2015 = 100)","7003","March","6125","Value","","93.261633","I","Value imputed by a receiving agency","base year is 2015"
"CP","Consumer Price Indices","096","Brunei Darussalam","2003","2003","23013","Consumer Prices, Food Indices (2015 = 100)","7004","April","6125","Value","","92.196647","I","Value imputed by a receiving agency","base year is 2015"
"CP","Consumer Price Indices","096","Brunei Darussalam","2003","2003","23013","Consumer Prices, Food Indices (2015 = 100)","7005","May","6125","Value","","92.787973","I","Value imputed by a receiving agency","base year is 2015"
"CP","Consumer Price Indices","096","Brunei Darussalam","2003","2003","23013","Consumer Prices, Food Indices (2015 = 100)","7006","June","6125","Value","","93.380131","I","Value imputed by a receiving agency","base year is 2015"
"CP","Consumer Price Indices","096","Brunei Darussalam","2003","2003","23013","Consumer Prices, Food Indices (2015 = 100)","7007","July","6125","Value","","92.314845","I","Value imputed by a receiving agency","base year is 2015"
"CP","Consumer Price Indices","096","Brunei Darussalam","2003","2003","23013","Consumer Prices, Food Indices (2015 = 100)","7008","August","6125","Value","","91.606157","I","Value imputed by a receiving agency","base year is 2015"
"CP","Consumer Price Indices","096","Brunei Darussalam","2003","2003","23013","Consumer Prices, Food Indices (2015 = 100)","7009","September","6125","Value","","92.314845","I","Value imputed by a receiving agency","base year is 2015"
"CP","Consumer Price Indices","096","Brunei Darussalam","2003","2003","23013","Consumer Prices, Food Indices (2015 = 100)","7010","October","6125","Value","","91.370196","I","Value imputed by a receiving agency","base year is 2015"
"CP","Consumer Price Indices","096","Brunei Darussalam","2003","2003","23013","Consumer Prices, Food Indices (2015 = 100)","7011","November","6125","Value","","91.842253","I","Value imputed by a receiving agency","base year is 2015"
"CP","Consumer Price Indices","096","Brunei Darussalam","2003","2003","23013","Consumer Prices, Food Indices (2015 = 100)","7012","December","6125","Value","","92.906338","I","Value imputed by a receiving agency","base year is 2015"
"CP","Consumer Price Indices","096","Brunei Darussalam","2004","2004","23013","Consumer Prices, Food Indices (2015 = 100)","7001","January","6125","Value","","92.196647","I","Value imputed by a receiving agency","base year is 2015"
"CP","Consumer Price Indices","096","Brunei Darussalam","2004","2004","23013","Consumer Prices, Food Indices (2015 = 100)","7002","February","6125","Value","","93.024736","I","Value imputed by a receiving agency","base year is 2015"
"CP","Consumer Price Indices","096","Brunei Darussalam","2004","2004","23013","Consumer Prices, Food Indices (2015 = 100)","7003","March","6125","Value","","93.498662","I","Value imputed by a receiving agency","base year is 2015"
"CP","Consumer Price Indices","096","Brunei Darussalam","2004","2004","23013","Consumer Prices, Food Indices (2015 = 100)","7004","April","6125","Value","","93.617227","I","Value imputed by a receiving agency","base year is 2015"
"CP","Consumer Price Indices","096","Brunei Darussalam","2004","2004","23013","Consumer Prices, Food Indices (2015 = 100)","7005","May","6125","Value","","93.617227","I","Value imputed by a receiving agency","base year is 2015"
"CP","Consumer Price Indices","096","Brunei Darussalam","2004","2004","23013","Consumer Prices, Food Indices (2015 = 100)","7006","June","6125","Value","","93.498662","I","Value imputed by a receiving agency","base year is 2015"
"CP","Consumer Price Indices","096","Brunei Darussalam","2004","2004","23013","Consumer Prices, Food Indices (2015 = 100)","7007","July","6125","Value","","92.787973","I","Value imputed by a receiving agency","base year is 2015"
"CP","Consumer Price Indices","096","Brunei Darussalam","2004","2004","23013","Consumer Prices, Food Indices (2015 = 100)","7008","August","6125","Value","","93.380131","I","Value imputed by a receiving agency","base year is 2015"
"CP","Consumer Price Indices","096","Brunei Darussalam","2004","2004","23013","Consumer Prices, Food Indices (2015 = 100)","7009","September","6125","Value","","93.854455","I","Value imputed by a receiving agency","base year is 2015"
"CP","Consumer Price Indices","096","Brunei Darussalam","2004","2004","23013","Consumer Prices, Food Indices (2015 = 100)","7010","October","6125","Value","","93.143168","I","Value imputed by a receiving agency","base year is 2015"
"CP","Consumer Price Indices","096","Brunei Darussalam","2004","2004","23013","Consumer Prices, Food Indices (2015 = 100)","7011","November","6125","Value","","94.091816","I","Value imputed by a receiving agency","base year is 2015"
"CP","Consumer Price Indices","096","Brunei Darussalam","2004","2004","23013","Consumer Prices, Food Indices (2015 = 100)","7012","December","6125","Value","","93.973119","I","Value imputed by a receiving agency","base year is 2015"
"CP","Consumer Price Indices","096","Brunei Darussalam","2005","2005","23013","Consumer Prices, Food Indices (2015 = 100)","7001","January","6125","Value","","94.808719","I","Value imputed by a receiving agency","base year is 2015"
"CP","Consumer Price Indices","096","Brunei Darussalam","2005","2005","23013","Consumer Prices, Food Indices (2015 = 100)","7002","February","6125","Value","","95.125129","I","Value imputed by a receiving agency","base year is 2015"
"CP","Consumer Price Indices","096","Brunei Darussalam","2005","2005","23013","Consumer Prices, Food Indices (2015 = 100)","7003","March","6125","Value","","95.039919","I","Value imputed by a receiving agency","base year is 2015"
"CP","Consumer Price Indices","096","Brunei Darussalam","2005","2005","23013","Consumer Prices, Food Indices (2015 = 100)","7004","April","6125","Value","","94.820884","I","Value imputed by a receiving agency","base year is 2015"
"CP","Consumer Price Indices","096","Brunei Darussalam","2005","2005","23013","Consumer Prices, Food Indices (2015 = 100)","7005","May","6125","Value","","95.05209","I","Value imputed by a receiving agency","base year is 2015"
"CP","Consumer Price Indices","096","Brunei Darussalam","2005","2005","23013","Consumer Prices, Food Indices (2015 = 100)","7006","June","6125","Value","","95.027747","I","Value imputed by a receiving agency","base year is 2015"
"CP","Consumer Price Indices","096","Brunei Darussalam","2005","2005","23013","Consumer Prices, Food Indices (2015 = 100)","7007","July","6125","Value","","94.456074","I","Value imputed by a receiving agency","base year is 2015"
"CP","Consumer Price Indices","096","Brunei Darussalam","2005","2005","23013","Consumer Prices, Food Indices (2015 = 100)","7008","August","6125","Value","","94.820884","I","Value imputed by a receiving agency","base year is 2015"
"CP","Consumer Price Indices","096","Brunei Darussalam","2005","2005","23013","Consumer Prices, Food Indices (2015 = 100)","7009","September","6125","Value","","94.930387","I","Value imputed by a receiving agency","base year is 2015"
"CP","Consumer Price Indices","096","Brunei Darussalam","2005","2005","23013","Consumer Prices, Food Indices (2015 = 100)","7010","October","6125","Value","","94.237338","I","Value imputed by a receiving agency","base year is 2015"
"CP","Consumer Price Indices","096","Brunei Darussalam","2005","2005","23013","Consumer Prices, Food Indices (2015 = 100)","7011","November","6125","Value","","95.161653","I","Value imputed by a receiving agency","base year is 2015"
"CP","Consumer Price Indices","096","Brunei Darussalam","2005","2005","23013","Consumer Prices, Food Indices (2015 = 100)","7012","December","6125","Value","","95.307779","I","Value imputed by a receiving agency","base year is 2015"
"CP","Consumer Price Indices","096","Brunei Darussalam","2006","2006","23013","Consumer Prices, Food Indices (2015 = 100)","7001","January","6125","Value","","95.661121","I","Value imputed by a receiving agency","base year is 2015"
"CP","Consumer Price Indices","096","Brunei Darussalam","2006","2006","23013","Consumer Prices, Food Indices (2015 = 100)","7002","February","6125","Value","","95.539246","I","Value imputed by a receiving agency","base year is 2015"
"CP","Consumer Price Indices","096","Brunei Darussalam","2006","2006","23013","Consumer Prices, Food Indices (2015 = 100)","7003","March","6125","Value","","95.368679","I","Value imputed by a receiving agency","base year is 2015"
"CP","Consumer Price Indices","096","Brunei Darussalam","2006","2006","23013","Consumer Prices, Food Indices (2015 = 100)","7004","April","6125","Value","","95.210356","I","Value imputed by a receiving agency","base year is 2015"
"CP","Consumer Price Indices","096","Brunei Darussalam","2006","2006","23013","Consumer Prices, Food Indices (2015 = 100)","7005","May","6125","Value","","95.368679","I","Value imputed by a receiving agency","base year is 2015"
"CP","Consumer Price Indices","096","Brunei Darussalam","2006","2006","23013","Consumer Prices, Food Indices (2015 = 100)","7006","June","6125","Value","","94.601961","I","Value imputed by a receiving agency","base year is 2015"
"CP","Consumer Price Indices","096","Brunei Darussalam","2006","2006","23013","Consumer Prices, Food Indices (2015 = 100)","7007","July","6125","Value","","94.516854","I","Value imputed by a receiving agency","base year is 2015"
"CP","Consumer Price Indices","096","Brunei Darussalam","2006","2006","23013","Consumer Prices, Food Indices (2015 = 100)","7008","August","6125","Value","","94.979064","I","Value imputed by a receiving agency","base year is 2015"
"CP","Consumer Price Indices","096","Brunei Darussalam","2006","2006","23013","Consumer Prices, Food Indices (2015 = 100)","7009","September","6125","Value","","94.930387","I","Value imputed by a receiving agency","base year is 2015"
"CP","Consumer Price Indices","096","Brunei Darussalam","2006","2006","23013","Consumer Prices, Food Indices (2015 = 100)","7010","October","6125","Value","","94.711409","I","Value imputed by a receiving agency","base year is 2015"
"CP","Consumer Price Indices","096","Brunei Darussalam","2006","2006","23013","Consumer Prices, Food Indices (2015 = 100)","7011","November","6125","Value","","95.222532","I","Value imputed by a receiving agency","base year is 2015"
"CP","Consumer Price Indices","096","Brunei Darussalam","2006","2006","23013","Consumer Prices, Food Indices (2015 = 100)","7012","December","6125","Value","","94.918219","I","Value imputed by a receiving agency","base year is 2015"
"CP","Consumer Price Indices","096","Brunei Darussalam","2007","2007","23013","Consumer Prices, Food Indices (2015 = 100)","7001","January","6125","Value","","95.868387","I","Value imputed by a receiving agency","base year is 2015"
"CP","Consumer Price Indices","096","Brunei Darussalam","2007","2007","23013","Consumer Prices, Food Indices (2015 = 100)","7002","February","6125","Value","","95.624555","I","Value imputed by a receiving agency","base year is 2015"
"CP","Consumer Price Indices","096","Brunei Darussalam","2007","2007","23013","Consumer Prices, Food Indices (2015 = 100)","7003","March","6125","Value","","95.856192","I","Value imputed by a receiving agency","base year is 2015"
"CP","Consumer Price Indices","096","Brunei Darussalam","2007","2007","23013","Consumer Prices, Food Indices (2015 = 100)","7004","April","6125","Value","","95.941563","I","Value imputed by a receiving agency","base year is 2015"
"CP","Consumer Price Indices","096","Brunei Darussalam","2007","2007","23013","Consumer Prices, Food Indices (2015 = 100)","7005","May","6125","Value","","96.002553","I","Value imputed by a receiving agency","base year is 2015"
"CP","Consumer Price Indices","096","Brunei Darussalam","2007","2007","23013","Consumer Prices, Food Indices (2015 = 100)","7006","June","6125","Value","","95.91717","I","Value imputed by a receiving agency","base year is 2015"
"CP","Consumer Price Indices","096","Brunei Darussalam","2007","2007","23013","Consumer Prices, Food Indices (2015 = 100)","7007","July","6125","Value","","95.6855","I","Value imputed by a receiving agency","base year is 2015"
"CP","Consumer Price Indices","096","Brunei Darussalam","2007","2007","23013","Consumer Prices, Food Indices (2015 = 100)","7008","August","6125","Value","","96.307629","I","Value imputed by a receiving agency","base year is 2015"
"CP","Consumer Price Indices","096","Brunei Darussalam","2007","2007","23013","Consumer Prices, Food Indices (2015 = 100)","7009","September","6125","Value","","96.50299","I","Value imputed by a receiving agency","base year is 2015"
"CP","Consumer Price Indices","096","Brunei Darussalam","2007","2007","23013","Consumer Prices, Food Indices (2015 = 100)","7010","October","6125","Value","","96.88175","I","Value imputed by a receiving agency","base year is 2015"
"CP","Consumer Price Indices","096","Brunei Darussalam","2007","2007","23013","Consumer Prices, Food Indices (2015 = 100)","7011","November","6125","Value","","97.322011","I","Value imputed by a receiving agency","base year is 2015"
"CP","Consumer Price Indices","096","Brunei Darussalam","2007","2007","23013","Consumer Prices, Food Indices (2015 = 100)","7012","December","6125","Value","","97.285305","I","Value imputed by a receiving agency","base year is 2015"
"CP","Consumer Price Indices","096","Brunei Darussalam","2008","2008","23013","Consumer Prices, Food Indices (2015 = 100)","7001","January","6125","Value","","97.713723","I","Value imputed by a receiving agency","base year is 2015"
"CP","Consumer Price Indices","096","Brunei Darussalam","2008","2008","23013","Consumer Prices, Food Indices (2015 = 100)","7002","February","6125","Value","","97.860704","I","Value imputed by a receiving agency","base year is 2015"
"CP","Consumer Price Indices","096","Brunei Darussalam","2008","2008","23013","Consumer Prices, Food Indices (2015 = 100)","7003","March","6125","Value","","98.032244","I","Value imputed by a receiving agency","base year is 2015"
"CP","Consumer Price Indices","096","Brunei Darussalam","2008","2008","23013","Consumer Prices, Food Indices (2015 = 100)","7004","April","6125","Value","","98.007735","I","Value imputed by a receiving agency","base year is 2015"
"CP","Consumer Price Indices","096","Brunei Darussalam","2008","2008","23013","Consumer Prices, Food Indices (2015 = 100)","7005","May","6125","Value","","98.743615","I","Value imputed by a receiving agency","base year is 2015"
"CP","Consumer Price Indices","096","Brunei Darussalam","2008","2008","23013","Consumer Prices, Food Indices (2015 = 100)","7006","June","6125","Value","","98.559531","I","Value imputed by a receiving agency","base year is 2015"
"CP","Consumer Price Indices","096","Brunei Darussalam","2008","2008","23013","Consumer Prices, Food Indices (2015 = 100)","7007","July","6125","Value","","98.338731","I","Value imputed by a receiving agency","base year is 2015"
"CP","Consumer Price Indices","096","Brunei Darussalam","2008","2008","23013","Consumer Prices, Food Indices (2015 = 100)","7008","August","6125","Value","","98.976897","I","Value imputed by a receiving agency","base year is 2015"
"CP","Consumer Price Indices","096","Brunei Darussalam","2008","2008","23013","Consumer Prices, Food Indices (2015 = 100)","7009","September","6125","Value","","99.825098","I","Value imputed by a receiving agency","base year is 2015"
"CP","Consumer Price Indices","096","Brunei Darussalam","2008","2008","23013","Consumer Prices, Food Indices (2015 = 100)","7010","October","6125","Value","","100.255954","I","Value imputed by a receiving agency","base year is 2015"
"CP","Consumer Price Indices","096","Brunei Darussalam","2008","2008","23013","Consumer Prices, Food Indices (2015 = 100)","7011","November","6125","Value","","100.255954","I","Value imputed by a receiving agency","base year is 2015"
"CP","Consumer Price Indices","096","Brunei Darussalam","2008","2008","23013","Consumer Prices, Food Indices (2015 = 100)","7012","December","6125","Value","","99.640571","I","Value imputed by a receiving agency","base year is 2015"
"CP","Consumer Price Indices","096","Brunei Darussalam","2009","2009","23013","Consumer Prices, Food Indices (2015 = 100)","7001","January","6125","Value","","99.738976","I","Value imputed by a receiving agency","base year is 2015"
"CP","Consumer Price Indices","096","Brunei Darussalam","2009","2009","23013","Consumer Prices, Food Indices (2015 = 100)","7002","February","6125","Value","","100.145124","I","Value imputed by a receiving agency","base year is 2015"
"CP","Consumer Price Indices","096","Brunei Darussalam","2009","2009","23013","Consumer Prices, Food Indices (2015 = 100)","7003","March","6125","Value","","99.911236","I","Value imputed by a receiving agency","base year is 2015"
"CP","Consumer Price Indices","096","Brunei Darussalam","2009","2009","23013","Consumer Prices, Food Indices (2015 = 100)","7004","April","6125","Value","","100.083563","I","Value imputed by a receiving agency","base year is 2015"
"CP","Consumer Price Indices","096","Brunei Darussalam","2009","2009","23013","Consumer Prices, Food Indices (2015 = 100)","7005","May","6125","Value","","100.16975","I","Value imputed by a receiving agency","base year is 2015"
"CP","Consumer Price Indices","096","Brunei Darussalam","2009","2009","23013","Consumer Prices, Food Indices (2015 = 100)","7006","June","6125","Value","","100.157437","I","Value imputed by a receiving agency","base year is 2015"
"CP","Consumer Price Indices","096","Brunei Darussalam","2009","2009","23013","Consumer Prices, Food Indices (2015 = 100)","7007","July","6125","Value","","99.886624","I","Value imputed by a receiving agency","base year is 2015"
"CP","Consumer Price Indices","096","Brunei Darussalam","2009","2009","23013","Consumer Prices, Food Indices (2015 = 100)","7008","August","6125","Value","","100.317539","I","Value imputed by a receiving agency","base year is 2015"
"CP","Consumer Price Indices","096","Brunei Darussalam","2009","2009","23013","Consumer Prices, Food Indices (2015 = 100)","7009","September","6125","Value","","100.391451","I","Value imputed by a receiving agency","base year is 2015"
"CP","Consumer Price Indices","096","Brunei Darussalam","2009","2009","23013","Consumer Prices, Food Indices (2015 = 100)","7010","October","6125","Value","","100.465375","I","Value imputed by a receiving agency","base year is 2015"
"CP","Consumer Price Indices","096","Brunei Darussalam","2009","2009","23013","Consumer Prices, Food Indices (2015 = 100)","7011","November","6125","Value","","100.379131","I","Value imputed by a receiving agency","base year is 2015"
"CP","Consumer Price Indices","096","Brunei Darussalam","2009","2009","23013","Consumer Prices, Food Indices (2015 = 100)","7012","December","6125","Value","","100.317539","I","Value imputed by a receiving agency","base year is 2015"
"CP","Consumer Price Indices","096","Brunei Darussalam","2010","2010","23013","Consumer Prices, Food Indices (2015 = 100)","7001","January","6125","Value","","99.363779","X","Figure from external organization","base year is 2015"
"CP","Consumer Price Indices","096","Brunei Darussalam","2010","2010","23013","Consumer Prices, Food Indices (2015 = 100)","7002","February","6125","Value","","99.329489","X","Figure from external organization","base year is 2015"
"CP","Consumer Price Indices","096","Brunei Darussalam","2010","2010","23013","Consumer Prices, Food Indices (2015 = 100)","7003","March","6125","Value","","99.58704","X","Figure from external organization","base year is 2015"
"CP","Consumer Price Indices","096","Brunei Darussalam","2010","2010","23013","Consumer Prices, Food Indices (2015 = 100)","7004","April","6125","Value","","99.398765","X","Figure from external organization","base year is 2015"
"CP","Consumer Price Indices","096","Brunei Darussalam","2010","2010","23013","Consumer Prices, Food Indices (2015 = 100)","7005","May","6125","Value","","99.409695","X","Figure from external organization","base year is 2015"
"CP","Consumer Price Indices","096","Brunei Darussalam","2010","2010","23013","Consumer Prices, Food Indices (2015 = 100)","7006","June","6125","Value","","99.171053","X","Figure from external organization","base year is 2015"
"CP","Consumer Price Indices","096","Brunei Darussalam","2010","2010","23013","Consumer Prices, Food Indices (2015 = 100)","7007","July","6125","Value","","98.680385","X","Figure from external organization","base year is 2015"
"CP","Consumer Price Indices","096","Brunei Darussalam","2010","2010","23013","Consumer Prices, Food Indices (2015 = 100)","7008","August","6125","Value","","98.653885","X","Figure from external organization","base year is 2015"
"CP","Consumer Price Indices","096","Brunei Darussalam","2010","2010","23013","Consumer Prices, Food Indices (2015 = 100)","7009","September","6125","Value","","99.150594","X","Figure from external organization","base year is 2015"
"CP","Consumer Price Indices","096","Brunei Darussalam","2010","2010","23013","Consumer Prices, Food Indices (2015 = 100)","7010","October","6125","Value","","99.26054","X","Figure from external organization","base year is 2015"
"CP","Consumer Price Indices","096","Brunei Darussalam","2010","2010","23013","Consumer Prices, Food Indices (2015 = 100)","7011","November","6125","Value","","99.22314","X","Figure from external organization","base year is 2015"
"CP","Consumer Price Indices","096","Brunei Darussalam","2010","2010","23013","Consumer Prices, Food Indices (2015 = 100)","7012","December","6125","Value","","99.361673","X","Figure from external organization","base year is 2015"
"CP","Consumer Price Indices","096","Brunei Darussalam","2011","2011","23013","Consumer Prices, Food Indices (2015 = 100)","7001","January","6125","Value","","99.352263","X","Figure from external organization","base year is 2015"
"CP","Consumer Price Indices","096","Brunei Darussalam","2011","2011","23013","Consumer Prices, Food Indices (2015 = 100)","7002","February","6125","Value","","99.310053","X","Figure from external organization","base year is 2015"
"CP","Consumer Price Indices","096","Brunei Darussalam","2011","2011","23013","Consumer Prices, Food Indices (2015 = 100)","7003","March","6125","Value","","99.567614","X","Figure from external organization","base year is 2015"
"CP","Consumer Price Indices","096","Brunei Darussalam","2011","2011","23013","Consumer Prices, Food Indices (2015 = 100)","7004","April","6125","Value","","99.419214","X","Figure from external organization","base year is 2015"
"CP","Consumer Price Indices","096","Brunei Darussalam","2011","2011","23013","Consumer Prices, Food Indices (2015 = 100)","7005","May","6125","Value","","99.429796","X","Figure from external organization","base year is 2015"
"CP","Consumer Price Indices","096","Brunei Darussalam","2011","2011","23013","Consumer Prices, Food Indices (2015 = 100)","7006","June","6125","Value","","99.181874","X","Figure from external organization","base year is 2015"
"CP","Consumer Price Indices","096","Brunei Darussalam","2011","2011","23013","Consumer Prices, Food Indices (2015 = 100)","7007","July","6125","Value","","98.687619","X","Figure from external organization","base year is 2015"
"CP","Consumer Price Indices","096","Brunei Darussalam","2011","2011","23013","Consumer Prices, Food Indices (2015 = 100)","7008","August","6125","Value","","98.658465","X","Figure from external organization","base year is 2015"
"CP","Consumer Price Indices","096","Brunei Darussalam","2011","2011","23013","Consumer Prices, Food Indices (2015 = 100)","7009","September","6125","Value","","99.163243","X","Figure from external organization","base year is 2015"
"CP","Consumer Price Indices","096","Brunei Darussalam","2011","2011","23013","Consumer Prices, Food Indices (2015 = 100)","7010","October","6125","Value","","99.286494","X","Figure from external organization","base year is 2015"
"CP","Consumer Price Indices","096","Brunei Darussalam","2011","2011","23013","Consumer Prices, Food Indices (2015 = 100)","7011","November","6125","Value","","99.248239","X","Figure from external organization","base year is 2015"
"CP","Consumer Price Indices","096","Brunei Darussalam","2011","2011","23013","Consumer Prices, Food Indices (2015 = 100)","7012","December","6125","Value","","99.395824","X","Figure from external organization","base year is 2015"
"CP","Consumer Price Indices","096","Brunei Darussalam","2012","2012","23013","Consumer Prices, Food Indices (2015 = 100)","7001","January","6125","Value","","99.401259","X","Figure from external organization","base year is 2015"
"CP","Consumer Price Indices","096","Brunei Darussalam","2012","2012","23013","Consumer Prices, Food Indices (2015 = 100)","7002","February","6125","Value","","99.366591","X","Figure from external organization","base year is 2015"
"CP","Consumer Price Indices","096","Brunei Darussalam","2012","2012","23013","Consumer Prices, Food Indices (2015 = 100)","7003","March","6125","Value","","99.624142","X","Figure from external organization","base year is 2015"
"CP","Consumer Price Indices","096","Brunei Darussalam","2012","2012","23013","Consumer Prices, Food Indices (2015 = 100)","7004","April","6125","Value","","99.435629","X","Figure from external organization","base year is 2015"
"CP","Consumer Price Indices","096","Brunei Darussalam","2012","2012","23013","Consumer Prices, Food Indices (2015 = 100)","7005","May","6125","Value","","99.391631","X","Figure from external organization","base year is 2015"
"CP","Consumer Price Indices","096","Brunei Darussalam","2012","2012","23013","Consumer Prices, Food Indices (2015 = 100)","7006","June","6125","Value","","99.161276","X","Figure from external organization","base year is 2015"
"CP","Consumer Price Indices","096","Brunei Darussalam","2012","2012","23013","Consumer Prices, Food Indices (2015 = 100)","7007","July","6125","Value","","98.677374","X","Figure from external organization","base year is 2015"
"CP","Consumer Price Indices","096","Brunei Darussalam","2012","2012","23013","Consumer Prices, Food Indices (2015 = 100)","7008","August","6125","Value","","98.64057","X","Figure from external organization","base year is 2015"
"CP","Consumer Price Indices","096","Brunei Darussalam","2012","2012","23013","Consumer Prices, Food Indices (2015 = 100)","7009","September","6125","Value","","99.15434","X","Figure from external organization","base year is 2015"
"CP","Consumer Price Indices","096","Brunei Darussalam","2012","2012","23013","Consumer Prices, Food Indices (2015 = 100)","7010","October","6125","Value","","99.249729","X","Figure from external organization","base year is 2015"
"CP","Consumer Price Indices","096","Brunei Darussalam","2012","2012","23013","Consumer Prices, Food Indices (2015 = 100)","7011","November","6125","Value","","99.216184","X","Figure from external organization","base year is 2015"
"CP","Consumer Price Indices","096","Brunei Darussalam","2012","2012","23013","Consumer Prices, Food Indices (2015 = 100)","7012","December","6125","Value","","99.364455","X","Figure from external organization","base year is 2015"
"CP","Consumer Price Indices","096","Brunei Darussalam","2013","2013","23013","Consumer Prices, Food Indices (2015 = 100)","7001","January","6125","Value","","99.351448","X","Figure from external organization","base year is 2015"
"CP","Consumer Price Indices","096","Brunei Darussalam","2013","2013","23013","Consumer Prices, Food Indices (2015 = 100)","7002","February","6125","Value","","99.316025","X","Figure from external organization","base year is 2015"
"CP","Consumer Price Indices","096","Brunei Darussalam","2013","2013","23013","Consumer Prices, Food Indices (2015 = 100)","7003","March","6125","Value","","99.586851","X","Figure from external organization","base year is 2015"
"CP","Consumer Price Indices","096","Brunei Darussalam","2013","2013","23013","Consumer Prices, Food Indices (2015 = 100)","7004","April","6125","Value","","99.398238","X","Figure from external organization","base year is 2015"
"CP","Consumer Price Indices","096","Brunei Darussalam","2013","2013","23013","Consumer Prices, Food Indices (2015 = 100)","7005","May","6125","Value","","99.37767","X","Figure from external organization","base year is 2015"
"CP","Consumer Price Indices","096","Brunei Darussalam","2013","2013","23013","Consumer Prices, Food Indices (2015 = 100)","7006","June","6125","Value","","99.265806","X","Figure from external organization","base year is 2015"
"CP","Consumer Price Indices","096","Brunei Darussalam","2013","2013","23013","Consumer Prices, Food Indices (2015 = 100)","7007","July","6125","Value","","98.884091","X","Figure from external organization","base year is 2015"
"CP","Consumer Price Indices","096","Brunei Darussalam","2013","2013","23013","Consumer Prices, Food Indices (2015 = 100)","7008","August","6125","Value","","99.278336","X","Figure from external organization","base year is 2015"
"CP","Consumer Price Indices","096","Brunei Darussalam","2013","2013","23013","Consumer Prices, Food Indices (2015 = 100)","7009","September","6125","Value","","99.116035","X","Figure from external organization","base year is 2015"
"CP","Consumer Price Indices","096","Brunei Darussalam","2013","2013","23013","Consumer Prices, Food Indices (2015 = 100)","7010","October","6125","Value","","99.48696","X","Figure from external organization","base year is 2015"
"CP","Consumer Price Indices","096","Brunei Darussalam","2013","2013","23013","Consumer Prices, Food Indices (2015 = 100)","7011","November","6125","Value","","99.463143","X","Figure from external organization","base year is 2015"
"CP","Consumer Price Indices","096","Brunei Darussalam","2013","2013","23013","Consumer Prices, Food Indices (2015 = 100)","7012","December","6125","Value","","99.412398","X","Figure from external organization","base year is 2015"
"CP","Consumer Price Indices","096","Brunei Darussalam","2014","2014","23013","Consumer Prices, Food Indices (2015 = 100)","7001","January","6125","Value","","99.35891","X","Figure from external organization","base year is 2015"
"CP","Consumer Price Indices","096","Brunei Darussalam","2014","2014","23013","Consumer Prices, Food Indices (2015 = 100)","7002","February","6125","Value","","99.809118","X","Figure from external organization","base year is 2015"
"CP","Consumer Price Indices","096","Brunei Darussalam","2014","2014","23013","Consumer Prices, Food Indices (2015 = 100)","7003","March","6125","Value","","99.706783","X","Figure from external organization","base year is 2015"
"CP","Consumer Price Indices","096","Brunei Darussalam","2014","2014","23013","Consumer Prices, Food Indices (2015 = 100)","7004","April","6125","Value","","99.351249","X","Figure from external organization","base year is 2015"
"CP","Consumer Price Indices","096","Brunei Darussalam","2014","2014","23013","Consumer Prices, Food Indices (2015 = 100)","7005","May","6125","Value","","98.949651","X","Figure from external organization","base year is 2015"
"CP","Consumer Price Indices","096","Brunei Darussalam","2014","2014","23013","Consumer Prices, Food Indices (2015 = 100)","7006","June","6125","Value","","98.747127","X","Figure from external organization","base year is 2015"
"CP","Consumer Price Indices","096","Brunei Darussalam","2014","2014","23013","Consumer Prices, Food Indices (2015 = 100)","7007","July","6125","Value","","98.49683","X","Figure from external organization","base year is 2015"
"CP","Consumer Price Indices","096","Brunei Darussalam","2014","2014","23013","Consumer Prices, Food Indices (2015 = 100)","7008","August","6125","Value","","98.826917","X","Figure from external organization","base year is 2015"
"CP","Consumer Price Indices","096","Brunei Darussalam","2014","2014","23013","Consumer Prices, Food Indices (2015 = 100)","7009","September","6125","Value","","99.077274","X","Figure from external organization","base year is 2015"
"CP","Consumer Price Indices","096","Brunei Darussalam","2014","2014","23013","Consumer Prices, Food Indices (2015 = 100)","7010","October","6125","Value","","99.098011","X","Figure from external organization","base year is 2015"
"CP","Consumer Price Indices","096","Brunei Darussalam","2014","2014","23013","Consumer Prices, Food Indices (2015 = 100)","7011","November","6125","Value","","98.880931","X","Figure from external organization","base year is 2015"
"CP","Consumer Price Indices","096","Brunei Darussalam","2014","2014","23013","Consumer Prices, Food Indices (2015 = 100)","7012","December","6125","Value","","98.957898","X","Figure from external organization","base year is 2015"
"CP","Consumer Price Indices","096","Brunei Darussalam","2015","2015","23013","Consumer Prices, Food Indices (2015 = 100)","7001","January","6125","Value","","99.232748","X","Figure from external organization","base year is 2015"
"CP","Consumer Price Indices","096","Brunei Darussalam","2015","2015","23013","Consumer Prices, Food Indices (2015 = 100)","7002","February","6125","Value","","99.314972","X","Figure from external organization","base year is 2015"
"CP","Consumer Price Indices","096","Brunei Darussalam","2015","2015","23013","Consumer Prices, Food Indices (2015 = 100)","7003","March","6125","Value","","99.724357","X","Figure from external organization","base year is 2015"
"CP","Consumer Price Indices","096","Brunei Darussalam","2015","2015","23013","Consumer Prices, Food Indices (2015 = 100)","7004","April","6125","Value","","99.886781","X","Figure from external organization","base year is 2015"
"CP","Consumer Price Indices","096","Brunei Darussalam","2015","2015","23013","Consumer Prices, Food Indices (2015 = 100)","7005","May","6125","Value","","100.01623","X","Figure from external organization","base year is 2015"
"CP","Consumer Price Indices","096","Brunei Darussalam","2015","2015","23013","Consumer Prices, Food Indices (2015 = 100)","7006","June","6125","Value","","100.107197","X","Figure from external organization","base year is 2015"
"CP","Consumer Price Indices","096","Brunei Darussalam","2015","2015","23013","Consumer Prices, Food Indices (2015 = 100)","7007","July","6125","Value","","99.912125","X","Figure from external organization","base year is 2015"
"CP","Consumer Price Indices","096","Brunei Darussalam","2015","2015","23013","Consumer Prices, Food Indices (2015 = 100)","7008","August","6125","Value","","100.318156","X","Figure from external organization","base year is 2015"
"CP","Consumer Price Indices","096","Brunei Darussalam","2015","2015","23013","Consumer Prices, Food Indices (2015 = 100)","7009","September","6125","Value","","100.47025","X","Figure from external organization","base year is 2015"
"CP","Consumer Price Indices","096","Brunei Darussalam","2015","2015","23013","Consumer Prices, Food Indices (2015 = 100)","7010","October","6125","Value","","100.442693","X","Figure from external organization","base year is 2015"
"CP","Consumer Price Indices","096","Brunei Darussalam","2015","2015","23013","Consumer Prices, Food Indices (2015 = 100)","7011","November","6125","Value","","100.331294","X","Figure from external organization","base year is 2015"
"CP","Consumer Price Indices","096","Brunei Darussalam","2015","2015","23013","Consumer Prices, Food Indices (2015 = 100)","7012","December","6125","Value","","100.252503","X","Figure from external organization","base year is 2015"
"CP","Consumer Price Indices","096","Brunei Darussalam","2016","2016","23013","Consumer Prices, Food Indices (2015 = 100)","7001","January","6125","Value","","100.105312","X","Figure from external organization","base year is 2015"
"CP","Consumer Price Indices","096","Brunei Darussalam","2016","2016","23013","Consumer Prices, Food Indices (2015 = 100)","7002","February","6125","Value","","99.958844","X","Figure from external organization","base year is 2015"
"CP","Consumer Price Indices","096","Brunei Darussalam","2016","2016","23013","Consumer Prices, Food Indices (2015 = 100)","7003","March","6125","Value","","100.056906","X","Figure from external organization","base year is 2015"
"CP","Consumer Price Indices","096","Brunei Darussalam","2016","2016","23013","Consumer Prices, Food Indices (2015 = 100)","7004","April","6125","Value","","99.860117","X","Figure from external organization","base year is 2015"
"CP","Consumer Price Indices","096","Brunei Darussalam","2016","2016","23013","Consumer Prices, Food Indices (2015 = 100)","7005","May","6125","Value","","99.795834","X","Figure from external organization","base year is 2015"
"CP","Consumer Price Indices","096","Brunei Darussalam","2016","2016","23013","Consumer Prices, Food Indices (2015 = 100)","7006","June","6125","Value","","99.39808","X","Figure from external organization","base year is 2015"
"CP","Consumer Price Indices","096","Brunei Darussalam","2016","2016","23013","Consumer Prices, Food Indices (2015 = 100)","7007","July","6125","Value","","99.234723","X","Figure from external organization","base year is 2015"
"CP","Consumer Price Indices","096","Brunei Darussalam","2016","2016","23013","Consumer Prices, Food Indices (2015 = 100)","7008","August","6125","Value","","99.158016","X","Figure from external organization","base year is 2015"
"CP","Consumer Price Indices","096","Brunei Darussalam","2016","2016","23013","Consumer Prices, Food Indices (2015 = 100)","7009","September","6125","Value","","99.028874","X","Figure from external organization","base year is 2015"
"CP","Consumer Price Indices","096","Brunei Darussalam","2016","2016","23013","Consumer Prices, Food Indices (2015 = 100)","7010","October","6125","Value","","99.072328","X","Figure from external organization","base year is 2015"
"CP","Consumer Price Indices","096","Brunei Darussalam","2016","2016","23013","Consumer Prices, Food Indices (2015 = 100)","7011","November","6125","Value","","99.16395","X","Figure from external organization","base year is 2015"
"CP","Consumer Price Indices","096","Brunei Darussalam","2016","2016","23013","Consumer Prices, Food Indices (2015 = 100)","7012","December","6125","Value","","99.021323","X","Figure from external organization","base year is 2015"
"CP","Consumer Price Indices","096","Brunei Darussalam","2017","2017","23013","Consumer Prices, Food Indices (2015 = 100)","7001","January","6125","Value","","99.082083","X","Figure from external organization","base year is 2015"
"CP","Consumer Price Indices","096","Brunei Darussalam","2017","2017","23013","Consumer Prices, Food Indices (2015 = 100)","7002","February","6125","Value","","99.207017","X","Figure from external organization","base year is 2015"
"CP","Consumer Price Indices","096","Brunei Darussalam","2017","2017","23013","Consumer Prices, Food Indices (2015 = 100)","7003","March","6125","Value","","99.09536","X","Figure from external organization","base year is 2015"
"CP","Consumer Price Indices","096","Brunei Darussalam","2017","2017","23013","Consumer Prices, Food Indices (2015 = 100)","7004","April","6125","Value","","98.907374","X","Figure from external organization","base year is 2015"
"CP","Consumer Price Indices","096","Brunei Darussalam","2017","2017","23013","Consumer Prices, Food Indices (2015 = 100)","7005","May","6125","Value","","99.018217","X","Figure from external organization","base year is 2015"
"CP","Consumer Price Indices","096","Brunei Darussalam","2017","2017","23013","Consumer Prices, Food Indices (2015 = 100)","7006","June","6125","Value","","98.991632","X","Figure from external organization","base year is 2015"
"CP","Consumer Price Indices","096","Brunei Darussalam","2017","2017","23013","Consumer Prices, Food Indices (2015 = 100)","7007","July","6125","Value","","99.84035","X","Figure from external organization","base year is 2015"
"CP","Consumer Price Indices","096","Brunei Darussalam","2017","2017","23013","Consumer Prices, Food Indices (2015 = 100)","7008","August","6125","Value","","99.761113","X","Figure from external organization","base year is 2015"
"CP","Consumer Price Indices","096","Brunei Darussalam","2017","2017","23013","Consumer Prices, Food Indices (2015 = 100)","7009","September","6125","Value","","100.387758","X","Figure from external organization","base year is 2015"
"CP","Consumer Price Indices","096","Brunei Darussalam","2017","2017","23013","Consumer Prices, Food Indices (2015 = 100)","7010","October","6125","Value","","100.826486","X","Figure from external organization","base year is 2015"
"CP","Consumer Price Indices","096","Brunei Darussalam","2017","2017","23013","Consumer Prices, Food Indices (2015 = 100)","7011","November","6125","Value","","100.807324","X","Figure from external organization","base year is 2015"
"CP","Consumer Price Indices","096","Brunei Darussalam","2017","2017","23013","Consumer Prices, Food Indices (2015 = 100)","7012","December","6125","Value","","101.225778","X","Figure from external organization","base year is 2015"
"CP","Consumer Price Indices","096","Brunei Darussalam","2018","2018","23013","Consumer Prices, Food Indices (2015 = 100)","7001","January","6125","Value","","101.875088","X","Figure from external organization","base year is 2015"
"CP","Consumer Price Indices","096","Brunei Darussalam","2018","2018","23013","Consumer Prices, Food Indices (2015 = 100)","7002","February","6125","Value","","102.008496","X","Figure from external organization","base year is 2015"
"CP","Consumer Price Indices","096","Brunei Darussalam","2018","2018","23013","Consumer Prices, Food Indices (2015 = 100)","7003","March","6125","Value","","101.964546","X","Figure from external organization","base year is 2015"
"CP","Consumer Price Indices","096","Brunei Darussalam","2018","2018","23013","Consumer Prices, Food Indices (2015 = 100)","7004","April","6125","Value","","101.864837","X","Figure from external organization","base year is 2015"
"CP","Consumer Price Indices","096","Brunei Darussalam","2018","2018","23013","Consumer Prices, Food Indices (2015 = 100)","7005","May","6125","Value","","101.695129","X","Figure from external organization","base year is 2015"
"CP","Consumer Price Indices","096","Brunei Darussalam","2018","2018","23013","Consumer Prices, Food Indices (2015 = 100)","7006","June","6125","Value","","101.132976","X","Figure from external organization","base year is 2015"
"CP","Consumer Price Indices","096","Brunei Darussalam","2018","2018","23013","Consumer Prices, Food Indices (2015 = 100)","7007","July","6125","Value","","101.487306","X","Figure from external organization","base year is 2015"
"CP","Consumer Price Indices","096","Brunei Darussalam","2018","2018","23013","Consumer Prices, Food Indices (2015 = 100)","7008","August","6125","Value","","101.832507","X","Figure from external organization","base year is 2015"
"CP","Consumer Price Indices","096","Brunei Darussalam","2018","2018","23013","Consumer Prices, Food Indices (2015 = 100)","7009","September","6125","Value","","101.861305","X","Figure from external organization","base year is 2015"
"CP","Consumer Price Indices","096","Brunei Darussalam","2018","2018","23013","Consumer Prices, Food Indices (2015 = 100)","7010","October","6125","Value","","101.48297","X","Figure from external organization","base year is 2015"
"CP","Consumer Price Indices","096","Brunei Darussalam","2018","2018","23013","Consumer Prices, Food Indices (2015 = 100)","7011","November","6125","Value","","101.432619","X","Figure from external organization","base year is 2015"
"CP","Consumer Price Indices","096","Brunei Darussalam","2018","2018","23013","Consumer Prices, Food Indices (2015 = 100)","7012","December","6125","Value","","101.336234","X","Figure from external organization","base year is 2015"
"CP","Consumer Price Indices","096","Brunei Darussalam","2019","2019","23013","Consumer Prices, Food Indices (2015 = 100)","7001","January","6125","Value","","101.374915","X","Figure from external organization","base year is 2015"
"CP","Consumer Price Indices","096","Brunei Darussalam","2019","2019","23013","Consumer Prices, Food Indices (2015 = 100)","7002","February","6125","Value","","101.497299","X","Figure from external organization","base year is 2015"
"CP","Consumer Price Indices","096","Brunei Darussalam","2019","2019","23013","Consumer Prices, Food Indices (2015 = 100)","7003","March","6125","Value","","101.603726","X","Figure from external organization","base year is 2015"
"CP","Consumer Price Indices","096","Brunei Darussalam","2019","2019","23013","Consumer Prices, Food Indices (2015 = 100)","7004","April","6125","Value","","100.867479","X","Figure from external organization","base year is 2015"
"CP","Consumer Price Indices","096","Brunei Darussalam","2019","2019","23013","Consumer Prices, Food Indices (2015 = 100)","7005","May","6125","Value","","100.419125","X","Figure from external organization","base year is 2015"
"CP","Consumer Price Indices","096","Brunei Darussalam","2019","2019","23013","Consumer Prices, Food Indices (2015 = 100)","7006","June","6125","Value","","100.67463","X","Figure from external organization","base year is 2015"
"CP","Consumer Price Indices","096","Brunei Darussalam","2019","2019","23013","Consumer Prices, Food Indices (2015 = 100)","7007","July","6125","Value","","100.861793","X","Figure from external organization","base year is 2015"
"CP","Consumer Price Indices","096","Brunei Darussalam","2019","2019","23013","Consumer Prices, Food Indices (2015 = 100)","7008","August","6125","Value","","100.622007","X","Figure from external organization","base year is 2015"
"CP","Consumer Price Indices","096","Brunei Darussalam","2019","2019","23013","Consumer Prices, Food Indices (2015 = 100)","7009","September","6125","Value","","100.919705","X","Figure from external organization","base year is 2015"
"CP","Consumer Price Indices","096","Brunei Darussalam","2019","2019","23013","Consumer Prices, Food Indices (2015 = 100)","7010","October","6125","Value","","100.792796","X","Figure from external organization","base year is 2015"
"CP","Consumer Price Indices","096","Brunei Darussalam","2019","2019","23013","Consumer Prices, Food Indices (2015 = 100)","7011","November","6125","Value","","100.841807","X","Figure from external organization","base year is 2015"
"CP","Consumer Price Indices","096","Brunei Darussalam","2019","2019","23013","Consumer Prices, Food Indices (2015 = 100)","7012","December","6125","Value","","100.926443","X","Figure from external organization","base year is 2015"
"CP","Consumer Price Indices","096","Brunei Darussalam","2020","2020","23013","Consumer Prices, Food Indices (2015 = 100)","7001","January","6125","Value","","101.659306","X","Figure from external organization","base year is 2015"
"CP","Consumer Price Indices","096","Brunei Darussalam","2020","2020","23013","Consumer Prices, Food Indices (2015 = 100)","7002","February","6125","Value","","102.555517","X","Figure from external organization","base year is 2015"
"CP","Consumer Price Indices","096","Brunei Darussalam","2020","2020","23013","Consumer Prices, Food Indices (2015 = 100)","7003","March","6125","Value","","102.675678","X","Figure from external organization","base year is 2015"
"CP","Consumer Price Indices","096","Brunei Darussalam","2020","2020","23013","Consumer Prices, Food Indices (2015 = 100)","7004","April","6125","Value","","103.884948","X","Figure from external organization","base year is 2015"
"CP","Consumer Price Indices","096","Brunei Darussalam","2020","2020","23013","Consumer Prices, Food Indices (2015 = 100)","7005","May","6125","Value","","104.095153","X","Figure from external organization","base year is 2015"
"CP","Consumer Price Indices","096","Brunei Darussalam","2020","2020","23013","Consumer Prices, Food Indices (2015 = 100)","7006","June","6125","Value","","103.400524","X","Figure from external organization","base year is 2015"
"CP","Consumer Price Indices","096","Brunei Darussalam","2020","2020","23013","Consumer Prices, Food Indices (2015 = 100)","7007","July","6125","Value","","103.063966","X","Figure from external organization","base year is 2015"
"CP","Consumer Price Indices","096","Brunei Darussalam","2020","2020","23013","Consumer Prices, Food Indices (2015 = 100)","7008","August","6125","Value","","103.111766","X","Figure from external organization","base year is 2015"
"CP","Consumer Price Indices","096","Brunei Darussalam","2020","2020","23013","Consumer Prices, Food Indices (2015 = 100)","7009","September","6125","Value","","103.071567","X","Figure from external organization","base year is 2015"
"CP","Consumer Price Indices","096","Brunei Darussalam","2020","2020","23013","Consumer Prices, Food Indices (2015 = 100)","7010","October","6125","Value","","103.947891","X","Figure from external organization","base year is 2015"
"CP","Consumer Price Indices","096","Brunei Darussalam","2020","2020","23013","Consumer Prices, Food Indices (2015 = 100)","7011","November","6125","Value","","104.622376","X","Figure from external organization","base year is 2015"
"CP","Consumer Price Indices","096","Brunei Darussalam","2020","2020","23013","Consumer Prices, Food Indices (2015 = 100)","7012","December","6125","Value","","105.672775","X","Figure from external organization","base year is 2015"
"CP","Consumer Price Indices","096","Brunei Darussalam","2021","2021","23013","Consumer Prices, Food Indices (2015 = 100)","7001","January","6125","Value","","105.803484","X","Figure from external organization","base year is 2015"
"CP","Consumer Price Indices","096","Brunei Darussalam","2021","2021","23013","Consumer Prices, Food Indices (2015 = 100)","7002","February","6125","Value","","106.519865","X","Figure from external organization","base year is 2015"
"CP","Consumer Price Indices","096","Brunei Darussalam","2021","2021","23013","Consumer Prices, Food Indices (2015 = 100)","7003","March","6125","Value","","106.356181","X","Figure from external organization","base year is 2015"
"CP","Consumer Price Indices","096","Brunei Darussalam","2021","2021","23013","Consumer Prices, Food Indices (2015 = 100)","7004","April","6125","Value","","105.407159","X","Figure from external organization","base year is 2015"
"CP","Consumer Price Indices","096","Brunei Darussalam","2021","2021","23013","Consumer Prices, Food Indices (2015 = 100)","7005","May","6125","Value","","105.009493","X","Figure from external organization","base year is 2015"
"CP","Consumer Price Indices","096","Brunei Darussalam","2021","2021","23013","Consumer Prices, Food Indices (2015 = 100)","7006","June","6125","Value","","105.073945","X","Figure from external organization","base year is 2015"
"CP","Consumer Price Indices","096","Brunei Darussalam","2021","2021","23013","Consumer Prices, Food Indices (2015 = 100)","7007","July","6125","Value","","105.045435","X","Figure from external organization","base year is 2015"
"CP","Consumer Price Indices","096","Brunei Darussalam","2021","2021","23013","Consumer Prices, Food Indices (2015 = 100)","7008","August","6125","Value","","105.259262","X","Figure from external organization","base year is 2015"
"CP","Consumer Price Indices","096","Brunei Darussalam","2021","2021","23013","Consumer Prices, Food Indices (2015 = 100)","7009","September","6125","Value","","105.61136","X","Figure from external organization","base year is 2015"
"CP","Consumer Price Indices","096","Brunei Darussalam","2021","2021","23013","Consumer Prices, Food Indices (2015 = 100)","7010","October","6125","Value","","106.341405","X","Figure from external organization","base year is 2015"
"CP","Consumer Price Indices","096","Brunei Darussalam","2021","2021","23013","Consumer Prices, Food Indices (2015 = 100)","7011","November","6125","Value","","107.106519","X","Figure from external organization","base year is 2015"
"CP","Consumer Price Indices","096","Brunei Darussalam","2021","2021","23013","Consumer Prices, Food Indices (2015 = 100)","7012","December","6125","Value","","107.804135","X","Figure from external organization","base year is 2015"
"CP","Consumer Price Indices","096","Brunei Darussalam","2022","2022","23013","Consumer Prices, Food Indices (2015 = 100)","7001","January","6125","Value","","108.447841","X","Figure from external organization","base year is 2015"
"CP","Consumer Price Indices","096","Brunei Darussalam","2022","2022","23013","Consumer Prices, Food Indices (2015 = 100)","7002","February","6125","Value","","109.300049","X","Figure from external organization","base year is 2015"
"CP","Consumer Price Indices","096","Brunei Darussalam","2022","2022","23013","Consumer Prices, Food Indices (2015 = 100)","7003","March","6125","Value","","109.933014","X","Figure from external organization","base year is 2015"
"CP","Consumer Price Indices","096","Brunei Darussalam","2022","2022","23013","Consumer Prices, Food Indices (2015 = 100)","7004","April","6125","Value","","110.330557","X","Figure from external organization","base year is 2015"
"CP","Consumer Price Indices","096","Brunei Darussalam","2022","2022","23013","Consumer Prices, Food Indices (2015 = 100)","7005","May","6125","Value","","110.633063","X","Figure from external organization","base year is 2015"
"CP","Consumer Price Indices","096","Brunei Darussalam","2022","2022","23013","Consumer Prices, Food Indices (2015 = 100)","7006","June","6125","Value","","111.176531","X","Figure from external organization","base year is 2015"
"CP","Consumer Price Indices","096","Brunei Darussalam","2022","2022","23013","Consumer Prices, Food Indices (2015 = 100)","7007","July","6125","Value","","112.152418","X","Figure from external organization","base year is 2015"
"CP","Consumer Price Indices","096","Brunei Darussalam","2022","2022","23013","Consumer Prices, Food Indices (2015 = 100)","7008","August","6125","Value","","112.599667","X","Figure from external organization","base year is 2015"
"CP","Consumer Price Indices","096","Brunei Darussalam","2022","2022","23013","Consumer Prices, Food Indices (2015 = 100)","7009","September","6125","Value","","112.701857","X","Figure from external organization","base year is 2015"
"CP","Consumer Price Indices","096","Brunei Darussalam","2022","2022","23013","Consumer Prices, Food Indices (2015 = 100)","7010","October","6125","Value","","112.837349","X","Figure from external organization","base year is 2015"
"CP","Consumer Price Indices","096","Brunei Darussalam","2022","2022","23013","Consumer Prices, Food Indices (2015 = 100)","7011","November","6125","Value","","113.313647","X","Figure from external organization","base year is 2015"
"CP","Consumer Price Indices","096","Brunei Darussalam","2022","2022","23013","Consumer Prices, Food Indices (2015 = 100)","7012","December","6125","Value","","113.32872","X","Figure from external organization","base year is 2015"
"CP","Consumer Price Indices","096","Brunei Darussalam","2023","2023","23013","Consumer Prices, Food Indices (2015 = 100)","7001","January","6125","Value","","113.650105","X","Figure from external organization","base year is 2015"
"CP","Consumer Price Indices","096","Brunei Darussalam","2023","2023","23013","Consumer Prices, Food Indices (2015 = 100)","7002","February","6125","Value","","114.239786","X","Figure from external organization","base year is 2015"
"CP","Consumer Price Indices","096","Brunei Darussalam","2023","2023","23013","Consumer Prices, Food Indices (2015 = 100)","7003","March","6125","Value","","114.165451","X","Figure from external organization","base year is 2015"
"CP","Consumer Price Indices","096","Brunei Darussalam","2023","2023","23013","Consumer Prices, Food Indices (2015 = 100)","7004","April","6125","Value","","113.4167","X","Figure from external organization","base year is 2015"
"CP","Consumer Price Indices","096","Brunei Darussalam","2023","2023","23013","Consumer Prices, Food Indices (2015 = 100)","7005","May","6125","Value","","113.704206","X","Figure from external organization","base year is 2015"
"CP","Consumer Price Indices","096","Brunei Darussalam","2023","2023","23013","Consumer Prices, Food Indices (2015 = 100)","7006","June","6125","Value","","113.677771","X","Figure from external organization","base year is 2015"
"CP","Consumer Price Indices","096","Brunei Darussalam","2023","2023","23013","Consumer Prices, Food Indices (2015 = 100)","7007","July","6125","Value","","114.331725","X","Figure from external organization","base year is 2015"
"CP","Consumer Price Indices","096","Brunei Darussalam","2023","2023","23013","Consumer Prices, Food Indices (2015 = 100)","7008","August","6125","Value","","114.537008","X","Figure from external organization","base year is 2015"
"CP","Consumer Price Indices","096","Brunei Darussalam","2023","2023","23013","Consumer Prices, Food Indices (2015 = 100)","7009","September","6125","Value","","114.802925","X","Figure from external organization","base year is 2015"
"CP","Consumer Price Indices","096","Brunei Darussalam","2023","2023","23013","Consumer Prices, Food Indices (2015 = 100)","7010","October","6125","Value","","115.207841","X","Figure from external organization","base year is 2015"
"CP","Consumer Price Indices","096","Brunei Darussalam","2023","2023","23013","Consumer Prices, Food Indices (2015 = 100)","7011","November","6125","Value","","115.650667","X","Figure from external organization","base year is 2015"
"CP","Consumer Price Indices","096","Brunei Darussalam","2023","2023","23013","Consumer Prices, Food Indices (2015 = 100)","7012","December","6125","Value","","115.751289","X","Figure from external organization","base year is 2015"
"CP","Consumer Price Indices","096","Brunei Darussalam","2024","2024","23013","Consumer Prices, Food Indices (2015 = 100)","7001","January","6125","Value","","116.00702","X","Figure from external organization","base year is 2015"
"CP","Consumer Price Indices","096","Brunei Darussalam","2024","2024","23013","Consumer Prices, Food Indices (2015 = 100)","7002","February","6125","Value","","115.731354","X","Figure from external organization","base year is 2015"
"CP","Consumer Price Indices","096","Brunei Darussalam","2024","2024","23013","Consumer Prices, Food Indices (2015 = 100)","7003","March","6125","Value","","115.891666","X","Figure from external organization","base year is 2015"
"CP","Consumer Price Indices","096","Brunei Darussalam","2024","2024","23013","Consumer Prices, Food Indices (2015 = 100)","7004","April","6125","Value","","115.377454","X","Figure from external organization","base year is 2015"
"CP","Consumer Price Indices","096","Brunei Darussalam","2024","2024","23013","Consumer Prices, Food Indices (2015 = 100)","7005","May","6125","Value","","115.514538","X","Figure from external organization","base year is 2015"
"CP","Consumer Price Indices","096","Brunei Darussalam","2024","2024","23013","Consumer Prices, Food Indices (2015 = 100)","7006","June","6125","Value","","115.082611","X","Figure from external organization","base year is 2015"
"CP","Consumer Price Indices","096","Brunei Darussalam","2024","2024","23013","Consumer Prices, Food Indices (2015 = 100)","7007","July","6125","Value","","114.964982","X","Figure from external organization","base year is 2015"
"CP","Consumer Price Indices","096","Brunei Darussalam","2024","2024","23013","Consumer Prices, Food Indices (2015 = 100)","7008","August","6125","Value","","114.605433","X","Figure from external organization","base year is 2015"
"CP","Consumer Price Indices","096","Brunei Darussalam","2024","2024","23013","Consumer Prices, Food Indices (2015 = 100)","7009","September","6125","Value","","114.400985","X","Figure from external organization","base year is 2015"
"CP","Consumer Price Indices","096","Brunei Darussalam","2024","2024","23013","Consumer Prices, Food Indices (2015 = 100)","7010","October","6125","Value","","114.343435","X","Figure from external organization","base year is 2015"
"CP","Consumer Price Indices","096","Brunei Darussalam","2024","2024","23013","Consumer Prices, Food Indices (2015 = 100)","7011","November","6125","Value","","114.262305","X","Figure from external organization","base year is 2015"
"CP","Consumer Price Indices","096","Brunei Darussalam","2024","2024","23013","Consumer Prices, Food Indices (2015 = 100)","7012","December","6125","Value","","114.370342","X","Figure from external organization","base year is 2015"
"CP","Consumer Price Indices","096","Brunei Darussalam","2025","2025","23013","Consumer Prices, Food Indices (2015 = 100)","7001","January","6125","Value","","114.79428","X","Figure from external organization","base year is 2015"
"CP","Consumer Price Indices","096","Brunei Darussalam","2025","2025","23013","Consumer Prices, Food Indices (2015 = 100)","7002","February","6125","Value","","114.960444","X","Figure from external organization","base year is 2015"
"CP","Consumer Price Indices","096","Brunei Darussalam","2025","2025","23013","Consumer Prices, Food Indices (2015 = 100)","7003","March","6125","Value","","115.230563","X","Figure from external organization","base year is 2015"
"CP","Consumer Price Indices","096","Brunei Darussalam","2025","2025","23013","Consumer Prices, Food Indices (2015 = 100)","7004","April","6125","Value","","114.90804","X","Figure from external organization","base year is 2015"
"CP","Consumer Price Indices","096","Brunei Darussalam","2025","2025","23013","Consumer Prices, Food Indices (2015 = 100)","7005","May","6125","Value","","114.542671","X","Figure from external organization","base year is 2015"
"CP","Consumer Price Indices","096","Brunei Darussalam","2025","2025","23013","Consumer Prices, Food Indices (2015 = 100)","7006","June","6125","Value","","114.286236","X","Figure from external organization","base year is 2015"
"CP","Consumer Price Indices","096","Brunei Darussalam","2025","2025","23013","Consumer Prices, Food Indices (2015 = 100)","7007","July","6125","Value","","114.460645","X","Figure from external organization","base year is 2015"
"CP","Consumer Price Indices","096","Brunei Darussalam","2025","2025","23013","Consumer Prices, Food Indices (2015 = 100)","7008","August","6125","Value","","114.534011","X","Figure from external organization","base year is 2015"
"CP","Consumer Price Indices","096","Brunei Darussalam","2025","2025","23013","Consumer Prices, Food Indices (2015 = 100)","7009","September","6125","Value","","114.81704","X","Figure from external organization","base year is 2015"
"CP","Consumer Price Indices","116","Cambodia","2000","2000","23013","Consumer Prices, Food Indices (2015 = 100)","7001","January","6125","Value","","40.170611","I","Value imputed by a receiving agency","base year is 2015"
"CP","Consumer Price Indices","116","Cambodia","2000","2000","23013","Consumer Prices, Food Indices (2015 = 100)","7002","February","6125","Value","","40.00984","I","Value imputed by a receiving agency","base year is 2015"
"CP","Consumer Price Indices","116","Cambodia","2000","2000","23013","Consumer Prices, Food Indices (2015 = 100)","7003","March","6125","Value","","40.139227","I","Value imputed by a receiving agency","base year is 2015"
"CP","Consumer Price Indices","116","Cambodia","2000","2000","23013","Consumer Prices, Food Indices (2015 = 100)","7004","April","6125","Value","","39.876651","I","Value imputed by a receiving agency","base year is 2015"
"CP","Consumer Price Indices","116","Cambodia","2000","2000","23013","Consumer Prices, Food Indices (2015 = 100)","7005","May","6125","Value","","39.571561","I","Value imputed by a receiving agency","base year is 2015"
"CP","Consumer Price Indices","116","Cambodia","2000","2000","23013","Consumer Prices, Food Indices (2015 = 100)","7006","June","6125","Value","","39.548119","I","Value imputed by a receiving agency","base year is 2015"
"CP","Consumer Price Indices","116","Cambodia","2000","2000","23013","Consumer Prices, Food Indices (2015 = 100)","7007","July","6125","Value","","39.94323","I","Value imputed by a receiving agency","base year is 2015"
"CP","Consumer Price Indices","116","Cambodia","2000","2000","23013","Consumer Prices, Food Indices (2015 = 100)","7008","August","6125","Value","","40.198078","I","Value imputed by a receiving agency","base year is 2015"
"CP","Consumer Price Indices","116","Cambodia","2000","2000","23013","Consumer Prices, Food Indices (2015 = 100)","7009","September","6125","Value","","41.44728","I","Value imputed by a receiving agency","base year is 2015"
"CP","Consumer Price Indices","116","Cambodia","2000","2000","23013","Consumer Prices, Food Indices (2015 = 100)","7010","October","6125","Value","","42.591224","I","Value imputed by a receiving agency","base year is 2015"
"CP","Consumer Price Indices","116","Cambodia","2000","2000","23013","Consumer Prices, Food Indices (2015 = 100)","7011","November","6125","Value","","41.206085","I","Value imputed by a receiving agency","base year is 2015"
"CP","Consumer Price Indices","116","Cambodia","2000","2000","23013","Consumer Prices, Food Indices (2015 = 100)","7012","December","6125","Value","","40.355127","I","Value imputed by a receiving agency","base year is 2015"
"CP","Consumer Price Indices","116","Cambodia","2001","2001","23013","Consumer Prices, Food Indices (2015 = 100)","7001","January","6125","Value","","38.906435","X","Figure from external organization","base year is 2015"
"CP","Consumer Price Indices","116","Cambodia","2001","2001","23013","Consumer Prices, Food Indices (2015 = 100)","7002","February","6125","Value","","38.729506","X","Figure from external organization","base year is 2015"
"CP","Consumer Price Indices","116","Cambodia","2001","2001","23013","Consumer Prices, Food Indices (2015 = 100)","7003","March","6125","Value","","39.87664","X","Figure from external organization","base year is 2015"
"CP","Consumer Price Indices","116","Cambodia","2001","2001","23013","Consumer Prices, Food Indices (2015 = 100)","7004","April","6125","Value","","38.008058","X","Figure from external organization","base year is 2015"
"CP","Consumer Price Indices","116","Cambodia","2001","2001","23013","Consumer Prices, Food Indices (2015 = 100)","7005","May","6125","Value","","37.691698","X","Figure from external organization","base year is 2015"
"CP","Consumer Price Indices","116","Cambodia","2001","2001","23013","Consumer Prices, Food Indices (2015 = 100)","7006","June","6125","Value","","37.129751","X","Figure from external organization","base year is 2015"
"CP","Consumer Price Indices","116","Cambodia","2001","2001","23013","Consumer Prices, Food Indices (2015 = 100)","7007","July","6125","Value","","38.699402","X","Figure from external organization","base year is 2015"
"CP","Consumer Price Indices","116","Cambodia","2001","2001","23013","Consumer Prices, Food Indices (2015 = 100)","7008","August","6125","Value","","39.288813","X","Figure from external organization","base year is 2015"
"CP","Consumer Price Indices","116","Cambodia","2001","2001","23013","Consumer Prices, Food Indices (2015 = 100)","7009","September","6125","Value","","40.020296","X","Figure from external organization","base year is 2015"
"CP","Consumer Price Indices","116","Cambodia","2001","2001","23013","Consumer Prices, Food Indices (2015 = 100)","7010","October","6125","Value","","39.356944","X","Figure from external organization","base year is 2015"
"CP","Consumer Price Indices","116","Cambodia","2001","2001","23013","Consumer Prices, Food Indices (2015 = 100)","7011","November","6125","Value","","39.158889","X","Figure from external organization","base year is 2015"
"CP","Consumer Price Indices","116","Cambodia","2001","2001","23013","Consumer Prices, Food Indices (2015 = 100)","7012","December","6125","Value","","38.955553","X","Figure from external organization","base year is 2015"
"CP","Consumer Price Indices","116","Cambodia","2002","2002","23013","Consumer Prices, Food Indices (2015 = 100)","7001","January","6125","Value","","38.548352","X","Figure from external organization","base year is 2015"
"CP","Consumer Price Indices","116","Cambodia","2002","2002","23013","Consumer Prices, Food Indices (2015 = 100)","7002","February","6125","Value","","38.726337","X","Figure from external organization","base year is 2015"
"CP","Consumer Price Indices","116","Cambodia","2002","2002","23013","Consumer Prices, Food Indices (2015 = 100)","7003","March","6125","Value","","39.906744","X","Figure from external organization","base year is 2015"
"CP","Consumer Price Indices","116","Cambodia","2002","2002","23013","Consumer Prices, Food Indices (2015 = 100)","7004","April","6125","Value","","38.813481","X","Figure from external organization","base year is 2015"
"CP","Consumer Price Indices","116","Cambodia","2002","2002","23013","Consumer Prices, Food Indices (2015 = 100)","7005","May","6125","Value","","39.19005","X","Figure from external organization","base year is 2015"
"CP","Consumer Price Indices","116","Cambodia","2002","2002","23013","Consumer Prices, Food Indices (2015 = 100)","7006","June","6125","Value","","39.787912","X","Figure from external organization","base year is 2015"
"CP","Consumer Price Indices","116","Cambodia","2002","2002","23013","Consumer Prices, Food Indices (2015 = 100)","7007","July","6125","Value","","40.48084","X","Figure from external organization","base year is 2015"
"CP","Consumer Price Indices","116","Cambodia","2002","2002","23013","Consumer Prices, Food Indices (2015 = 100)","7008","August","6125","Value","","40.674141","X","Figure from external organization","base year is 2015"
"CP","Consumer Price Indices","116","Cambodia","2002","2002","23013","Consumer Prices, Food Indices (2015 = 100)","7009","September","6125","Value","","40.593335","X","Figure from external organization","base year is 2015"
"CP","Consumer Price Indices","116","Cambodia","2002","2002","23013","Consumer Prices, Food Indices (2015 = 100)","7010","October","6125","Value","","40.564815","X","Figure from external organization","base year is 2015"
"CP","Consumer Price Indices","116","Cambodia","2002","2002","23013","Consumer Prices, Food Indices (2015 = 100)","7011","November","6125","Value","","40.468164","X","Figure from external organization","base year is 2015"
"CP","Consumer Price Indices","116","Cambodia","2002","2002","23013","Consumer Prices, Food Indices (2015 = 100)","7012","December","6125","Value","","40.211485","X","Figure from external organization","base year is 2015"
"CP","Consumer Price Indices","116","Cambodia","2003","2003","23013","Consumer Prices, Food Indices (2015 = 100)","7001","January","6125","Value","","40.245814","X","Figure from external organization","base year is 2015"
"CP","Consumer Price Indices","116","Cambodia","2003","2003","23013","Consumer Prices, Food Indices (2015 = 100)","7002","February","6125","Value","","40.341937","X","Figure from external organization","base year is 2015"
"CP","Consumer Price Indices","116","Cambodia","2003","2003","23013","Consumer Prices, Food Indices (2015 = 100)","7003","March","6125","Value","","40.437532","X","Figure from external organization","base year is 2015"
"CP","Consumer Price Indices","116","Cambodia","2003","2003","23013","Consumer Prices, Food Indices (2015 = 100)","7004","April","6125","Value","","40.264828","X","Figure from external organization","base year is 2015"
"CP","Consumer Price Indices","116","Cambodia","2003","2003","23013","Consumer Prices, Food Indices (2015 = 100)","7005","May","6125","Value","","40.218351","X","Figure from external organization","base year is 2015"
"CP","Consumer Price Indices","116","Cambodia","2003","2003","23013","Consumer Prices, Food Indices (2015 = 100)","7006","June","6125","Value","","40.322396","X","Figure from external organization","base year is 2015"
"CP","Consumer Price Indices","116","Cambodia","2003","2003","23013","Consumer Prices, Food Indices (2015 = 100)","7007","July","6125","Value","","40.489818","X","Figure from external organization","base year is 2015"
"CP","Consumer Price Indices","116","Cambodia","2003","2003","23013","Consumer Prices, Food Indices (2015 = 100)","7008","August","6125","Value","","40.579075","X","Figure from external organization","base year is 2015"
"CP","Consumer Price Indices","116","Cambodia","2003","2003","23013","Consumer Prices, Food Indices (2015 = 100)","7009","September","6125","Value","","40.619742","X","Figure from external organization","base year is 2015"
"CP","Consumer Price Indices","116","Cambodia","2003","2003","23013","Consumer Prices, Food Indices (2015 = 100)","7010","October","6125","Value","","40.410596","X","Figure from external organization","base year is 2015"
"CP","Consumer Price Indices","116","Cambodia","2003","2003","23013","Consumer Prices, Food Indices (2015 = 100)","7011","November","6125","Value","","40.256377","X","Figure from external organization","base year is 2015"
"CP","Consumer Price Indices","116","Cambodia","2003","2003","23013","Consumer Prices, Food Indices (2015 = 100)","7012","December","6125","Value","","40.325036","X","Figure from external organization","base year is 2015"
"CP","Consumer Price Indices","116","Cambodia","2004","2004","23013","Consumer Prices, Food Indices (2015 = 100)","7001","January","6125","Value","","40.485593","X","Figure from external organization","base year is 2015"
"CP","Consumer Price Indices","116","Cambodia","2004","2004","23013","Consumer Prices, Food Indices (2015 = 100)","7002","February","6125","Value","","40.77132","X","Figure from external organization","base year is 2015"
"CP","Consumer Price Indices","116","Cambodia","2004","2004","23013","Consumer Prices, Food Indices (2015 = 100)","7003","March","6125","Value","","41.559843","X","Figure from external organization","base year is 2015"
"CP","Consumer Price Indices","116","Cambodia","2004","2004","23013","Consumer Prices, Food Indices (2015 = 100)","7004","April","6125","Value","","41.719871","X","Figure from external organization","base year is 2015"
"CP","Consumer Price Indices","116","Cambodia","2004","2004","23013","Consumer Prices, Food Indices (2015 = 100)","7005","May","6125","Value","","42.525823","X","Figure from external organization","base year is 2015"
"CP","Consumer Price Indices","116","Cambodia","2004","2004","23013","Consumer Prices, Food Indices (2015 = 100)","7006","June","6125","Value","","45.838357","X","Figure from external organization","base year is 2015"
"CP","Consumer Price Indices","116","Cambodia","2004","2004","23013","Consumer Prices, Food Indices (2015 = 100)","7007","July","6125","Value","","46.519138","X","Figure from external organization","base year is 2015"
"CP","Consumer Price Indices","116","Cambodia","2004","2004","23013","Consumer Prices, Food Indices (2015 = 100)","7008","August","6125","Value","","47.033552","X","Figure from external organization","base year is 2015"
"CP","Consumer Price Indices","116","Cambodia","2004","2004","23013","Consumer Prices, Food Indices (2015 = 100)","7009","September","6125","Value","","44.68647","X","Figure from external organization","base year is 2015"
"CP","Consumer Price Indices","116","Cambodia","2004","2004","23013","Consumer Prices, Food Indices (2015 = 100)","7010","October","6125","Value","","44.101283","X","Figure from external organization","base year is 2015"
"CP","Consumer Price Indices","116","Cambodia","2004","2004","23013","Consumer Prices, Food Indices (2015 = 100)","7011","November","6125","Value","","43.658697","X","Figure from external organization","base year is 2015"
"CP","Consumer Price Indices","116","Cambodia","2004","2004","23013","Consumer Prices, Food Indices (2015 = 100)","7012","December","6125","Value","","43.750594","X","Figure from external organization","base year is 2015"
"CP","Consumer Price Indices","116","Cambodia","2005","2005","23013","Consumer Prices, Food Indices (2015 = 100)","7001","January","6125","Value","","43.304839","X","Figure from external organization","base year is 2015"
"CP","Consumer Price Indices","116","Cambodia","2005","2005","23013","Consumer Prices, Food Indices (2015 = 100)","7002","February","6125","Value","","43.377723","X","Figure from external organization","base year is 2015"
"CP","Consumer Price Indices","116","Cambodia","2005","2005","23013","Consumer Prices, Food Indices (2015 = 100)","7003","March","6125","Value","","45.097368","X","Figure from external organization","base year is 2015"
"CP","Consumer Price Indices","116","Cambodia","2005","2005","23013","Consumer Prices, Food Indices (2015 = 100)","7004","April","6125","Value","","45.957718","X","Figure from external organization","base year is 2015"
"CP","Consumer Price Indices","116","Cambodia","2005","2005","23013","Consumer Prices, Food Indices (2015 = 100)","7005","May","6125","Value","","47.820491","X","Figure from external organization","base year is 2015"
"CP","Consumer Price Indices","116","Cambodia","2005","2005","23013","Consumer Prices, Food Indices (2015 = 100)","7006","June","6125","Value","","48.038615","X","Figure from external organization","base year is 2015"
"CP","Consumer Price Indices","116","Cambodia","2005","2005","23013","Consumer Prices, Food Indices (2015 = 100)","7007","July","6125","Value","","49.191559","X","Figure from external organization","base year is 2015"
"CP","Consumer Price Indices","116","Cambodia","2005","2005","23013","Consumer Prices, Food Indices (2015 = 100)","7008","August","6125","Value","","50.377247","X","Figure from external organization","base year is 2015"
"CP","Consumer Price Indices","116","Cambodia","2005","2005","23013","Consumer Prices, Food Indices (2015 = 100)","7009","September","6125","Value","","50.154898","X","Figure from external organization","base year is 2015"
"CP","Consumer Price Indices","116","Cambodia","2005","2005","23013","Consumer Prices, Food Indices (2015 = 100)","7010","October","6125","Value","","50.024974","X","Figure from external organization","base year is 2015"
"CP","Consumer Price Indices","116","Cambodia","2005","2005","23013","Consumer Prices, Food Indices (2015 = 100)","7011","November","6125","Value","","49.716008","X","Figure from external organization","base year is 2015"
"CP","Consumer Price Indices","116","Cambodia","2005","2005","23013","Consumer Prices, Food Indices (2015 = 100)","7012","December","6125","Value","","49.585556","X","Figure from external organization","base year is 2015"
"CP","Consumer Price Indices","116","Cambodia","2006","2006","23013","Consumer Prices, Food Indices (2015 = 100)","7001","January","6125","Value","","49.225888","X","Figure from external organization","base year is 2015"
"CP","Consumer Price Indices","116","Cambodia","2006","2006","23013","Consumer Prices, Food Indices (2015 = 100)","7002","February","6125","Value","","48.969737","X","Figure from external organization","base year is 2015"
"CP","Consumer Price Indices","116","Cambodia","2006","2006","23013","Consumer Prices, Food Indices (2015 = 100)","7003","March","6125","Value","","49.15406","X","Figure from external organization","base year is 2015"
"CP","Consumer Price Indices","116","Cambodia","2006","2006","23013","Consumer Prices, Food Indices (2015 = 100)","7004","April","6125","Value","","49.948921","X","Figure from external organization","base year is 2015"
"CP","Consumer Price Indices","116","Cambodia","2006","2006","23013","Consumer Prices, Food Indices (2015 = 100)","7005","May","6125","Value","","50.01758","X","Figure from external organization","base year is 2015"
"CP","Consumer Price Indices","116","Cambodia","2006","2006","23013","Consumer Prices, Food Indices (2015 = 100)","7006","June","6125","Value","","51.716099","X","Figure from external organization","base year is 2015"
"CP","Consumer Price Indices","116","Cambodia","2006","2006","23013","Consumer Prices, Food Indices (2015 = 100)","7007","July","6125","Value","","52.997382","X","Figure from external organization","base year is 2015"
"CP","Consumer Price Indices","116","Cambodia","2006","2006","23013","Consumer Prices, Food Indices (2015 = 100)","7008","August","6125","Value","","53.55933","X","Figure from external organization","base year is 2015"
"CP","Consumer Price Indices","116","Cambodia","2006","2006","23013","Consumer Prices, Food Indices (2015 = 100)","7009","September","6125","Value","","53.304763","X","Figure from external organization","base year is 2015"
"CP","Consumer Price Indices","116","Cambodia","2006","2006","23013","Consumer Prices, Food Indices (2015 = 100)","7010","October","6125","Value","","52.834713","X","Figure from external organization","base year is 2015"
"CP","Consumer Price Indices","116","Cambodia","2006","2006","23013","Consumer Prices, Food Indices (2015 = 100)","7011","November","6125","Value","","52.304454","X","Figure from external organization","base year is 2015"
"CP","Consumer Price Indices","116","Cambodia","2006","2006","23013","Consumer Prices, Food Indices (2015 = 100)","7012","December","6125","Value","","52.607082","X","Figure from external organization","base year is 2015"
"CP","Consumer Price Indices","116","Cambodia","2007","2007","23013","Consumer Prices, Food Indices (2015 = 100)","7001","January","6125","Value","","52.908653","X","Figure from external organization","base year is 2015"
"CP","Consumer Price Indices","116","Cambodia","2007","2007","23013","Consumer Prices, Food Indices (2015 = 100)","7002","February","6125","Value","","53.778511","X","Figure from external organization","base year is 2015"
"CP","Consumer Price Indices","116","Cambodia","2007","2007","23013","Consumer Prices, Food Indices (2015 = 100)","7003","March","6125","Value","","53.744181","X","Figure from external organization","base year is 2015"
"CP","Consumer Price Indices","116","Cambodia","2007","2007","23013","Consumer Prices, Food Indices (2015 = 100)","7004","April","6125","Value","","53.557217","X","Figure from external organization","base year is 2015"
"CP","Consumer Price Indices","116","Cambodia","2007","2007","23013","Consumer Prices, Food Indices (2015 = 100)","7005","May","6125","Value","","56.337908","X","Figure from external organization","base year is 2015"
"CP","Consumer Price Indices","116","Cambodia","2007","2007","23013","Consumer Prices, Food Indices (2015 = 100)","7006","June","6125","Value","","57.741193","X","Figure from external organization","base year is 2015"
"CP","Consumer Price Indices","116","Cambodia","2007","2007","23013","Consumer Prices, Food Indices (2015 = 100)","7007","July","6125","Value","","59.422811","X","Figure from external organization","base year is 2015"
"CP","Consumer Price Indices","116","Cambodia","2007","2007","23013","Consumer Prices, Food Indices (2015 = 100)","7008","August","6125","Value","","61.311991","X","Figure from external organization","base year is 2015"
"CP","Consumer Price Indices","116","Cambodia","2007","2007","23013","Consumer Prices, Food Indices (2015 = 100)","7009","September","6125","Value","","63.43514","X","Figure from external organization","base year is 2015"
"CP","Consumer Price Indices","116","Cambodia","2007","2007","23013","Consumer Prices, Food Indices (2015 = 100)","7010","October","6125","Value","","62.367756","X","Figure from external organization","base year is 2015"
"CP","Consumer Price Indices","116","Cambodia","2007","2007","23013","Consumer Prices, Food Indices (2015 = 100)","7011","November","6125","Value","","62.566867","X","Figure from external organization","base year is 2015"
"CP","Consumer Price Indices","116","Cambodia","2007","2007","23013","Consumer Prices, Food Indices (2015 = 100)","7012","December","6125","Value","","65.203902","X","Figure from external organization","base year is 2015"
"CP","Consumer Price Indices","116","Cambodia","2008","2008","23013","Consumer Prices, Food Indices (2015 = 100)","7001","January","6125","Value","","66.750843","X","Figure from external organization","base year is 2015"
"CP","Consumer Price Indices","116","Cambodia","2008","2008","23013","Consumer Prices, Food Indices (2015 = 100)","7002","February","6125","Value","","74.357208","X","Figure from external organization","base year is 2015"
"CP","Consumer Price Indices","116","Cambodia","2008","2008","23013","Consumer Prices, Food Indices (2015 = 100)","7003","March","6125","Value","","78.133983","X","Figure from external organization","base year is 2015"
"CP","Consumer Price Indices","116","Cambodia","2008","2008","23013","Consumer Prices, Food Indices (2015 = 100)","7004","April","6125","Value","","81.601793","X","Figure from external organization","base year is 2015"
"CP","Consumer Price Indices","116","Cambodia","2008","2008","23013","Consumer Prices, Food Indices (2015 = 100)","7005","May","6125","Value","","81.777137","X","Figure from external organization","base year is 2015"
"CP","Consumer Price Indices","116","Cambodia","2008","2008","23013","Consumer Prices, Food Indices (2015 = 100)","7006","June","6125","Value","","81.580139","X","Figure from external organization","base year is 2015"
"CP","Consumer Price Indices","116","Cambodia","2008","2008","23013","Consumer Prices, Food Indices (2015 = 100)","7007","July","6125","Value","","81.382612","X","Figure from external organization","base year is 2015"
"CP","Consumer Price Indices","116","Cambodia","2008","2008","23013","Consumer Prices, Food Indices (2015 = 100)","7008","August","6125","Value","","82.236097","X","Figure from external organization","base year is 2015"
"CP","Consumer Price Indices","116","Cambodia","2008","2008","23013","Consumer Prices, Food Indices (2015 = 100)","7009","September","6125","Value","","81.290186","X","Figure from external organization","base year is 2015"
"CP","Consumer Price Indices","116","Cambodia","2008","2008","23013","Consumer Prices, Food Indices (2015 = 100)","7010","October","6125","Value","","78.064268","X","Figure from external organization","base year is 2015"
"CP","Consumer Price Indices","116","Cambodia","2008","2008","23013","Consumer Prices, Food Indices (2015 = 100)","7011","November","6125","Value","","74.50192","X","Figure from external organization","base year is 2015"
"CP","Consumer Price Indices","116","Cambodia","2008","2008","23013","Consumer Prices, Food Indices (2015 = 100)","7012","December","6125","Value","","72.671365","X","Figure from external organization","base year is 2015"
"CP","Consumer Price Indices","116","Cambodia","2009","2009","23013","Consumer Prices, Food Indices (2015 = 100)","7001","January","6125","Value","","72.671365","X","Figure from external organization","base year is 2015"
"CP","Consumer Price Indices","116","Cambodia","2009","2009","23013","Consumer Prices, Food Indices (2015 = 100)","7002","February","6125","Value","","72.415742","X","Figure from external organization","base year is 2015"
"CP","Consumer Price Indices","116","Cambodia","2009","2009","23013","Consumer Prices, Food Indices (2015 = 100)","7003","March","6125","Value","","73.847019","X","Figure from external organization","base year is 2015"
"CP","Consumer Price Indices","116","Cambodia","2009","2009","23013","Consumer Prices, Food Indices (2015 = 100)","7004","April","6125","Value","","74.960879","X","Figure from external organization","base year is 2015"
"CP","Consumer Price Indices","116","Cambodia","2009","2009","23013","Consumer Prices, Food Indices (2015 = 100)","7005","May","6125","Value","","76.105901","X","Figure from external organization","base year is 2015"
"CP","Consumer Price Indices","116","Cambodia","2009","2009","23013","Consumer Prices, Food Indices (2015 = 100)","7006","June","6125","Value","","77.830299","X","Figure from external organization","base year is 2015"
"CP","Consumer Price Indices","116","Cambodia","2009","2009","23013","Consumer Prices, Food Indices (2015 = 100)","7007","July","6125","Value","","78.853847","X","Figure from external organization","base year is 2015"
"CP","Consumer Price Indices","116","Cambodia","2009","2009","23013","Consumer Prices, Food Indices (2015 = 100)","7008","August","6125","Value","","79.539909","X","Figure from external organization","base year is 2015"
"CP","Consumer Price Indices","116","Cambodia","2009","2009","23013","Consumer Prices, Food Indices (2015 = 100)","7009","September","6125","Value","","80.213296","X","Figure from external organization","base year is 2015"
"CP","Consumer Price Indices","116","Cambodia","2009","2009","23013","Consumer Prices, Food Indices (2015 = 100)","7010","October","6125","Value","","80.04112","X","Figure from external organization","base year is 2015"
"CP","Consumer Price Indices","116","Cambodia","2009","2009","23013","Consumer Prices, Food Indices (2015 = 100)","7011","November","6125","Value","","79.32865","X","Figure from external organization","base year is 2015"
"CP","Consumer Price Indices","116","Cambodia","2009","2009","23013","Consumer Prices, Food Indices (2015 = 100)","7012","December","6125","Value","","78.538015","X","Figure from external organization","base year is 2015"
"CP","Consumer Price Indices","116","Cambodia","2010","2010","23013","Consumer Prices, Food Indices (2015 = 100)","7001","January","6125","Value","","78.366368","X","Figure from external organization","base year is 2015"
"CP","Consumer Price Indices","116","Cambodia","2010","2010","23013","Consumer Prices, Food Indices (2015 = 100)","7002","February","6125","Value","","78.63361","X","Figure from external organization","base year is 2015"
"CP","Consumer Price Indices","116","Cambodia","2010","2010","23013","Consumer Prices, Food Indices (2015 = 100)","7003","March","6125","Value","","79.045564","X","Figure from external organization","base year is 2015"
"CP","Consumer Price Indices","116","Cambodia","2010","2010","23013","Consumer Prices, Food Indices (2015 = 100)","7004","April","6125","Value","","78.806842","X","Figure from external organization","base year is 2015"
"CP","Consumer Price Indices","116","Cambodia","2010","2010","23013","Consumer Prices, Food Indices (2015 = 100)","7005","May","6125","Value","","79.041867","X","Figure from external organization","base year is 2015"
"CP","Consumer Price Indices","116","Cambodia","2010","2010","23013","Consumer Prices, Food Indices (2015 = 100)","7006","June","6125","Value","","79.192389","X","Figure from external organization","base year is 2015"
"CP","Consumer Price Indices","116","Cambodia","2010","2010","23013","Consumer Prices, Food Indices (2015 = 100)","7007","July","6125","Value","","79.956088","X","Figure from external organization","base year is 2015"
"CP","Consumer Price Indices","116","Cambodia","2010","2010","23013","Consumer Prices, Food Indices (2015 = 100)","7008","August","6125","Value","","81.151284","X","Figure from external organization","base year is 2015"
"CP","Consumer Price Indices","116","Cambodia","2010","2010","23013","Consumer Prices, Food Indices (2015 = 100)","7009","September","6125","Value","","82.023782","X","Figure from external organization","base year is 2015"
"CP","Consumer Price Indices","116","Cambodia","2010","2010","23013","Consumer Prices, Food Indices (2015 = 100)","7010","October","6125","Value","","83.712266","X","Figure from external organization","base year is 2015"
"CP","Consumer Price Indices","116","Cambodia","2010","2010","23013","Consumer Prices, Food Indices (2015 = 100)","7011","November","6125","Value","","82.523936","X","Figure from external organization","base year is 2015"
"CP","Consumer Price Indices","116","Cambodia","2010","2010","23013","Consumer Prices, Food Indices (2015 = 100)","7012","December","6125","Value","","81.390534","X","Figure from external organization","base year is 2015"
"CP","Consumer Price Indices","116","Cambodia","2011","2011","23013","Consumer Prices, Food Indices (2015 = 100)","7001","January","6125","Value","","81.203042","X","Figure from external organization","base year is 2015"
"CP","Consumer Price Indices","116","Cambodia","2011","2011","23013","Consumer Prices, Food Indices (2015 = 100)","7002","February","6125","Value","","81.700556","X","Figure from external organization","base year is 2015"
"CP","Consumer Price Indices","116","Cambodia","2011","2011","23013","Consumer Prices, Food Indices (2015 = 100)","7003","March","6125","Value","","82.29208","X","Figure from external organization","base year is 2015"
"CP","Consumer Price Indices","116","Cambodia","2011","2011","23013","Consumer Prices, Food Indices (2015 = 100)","7004","April","6125","Value","","83.310346","X","Figure from external organization","base year is 2015"
"CP","Consumer Price Indices","116","Cambodia","2011","2011","23013","Consumer Prices, Food Indices (2015 = 100)","7005","May","6125","Value","","85.623628","X","Figure from external organization","base year is 2015"
"CP","Consumer Price Indices","116","Cambodia","2011","2011","23013","Consumer Prices, Food Indices (2015 = 100)","7006","June","6125","Value","","86.236806","X","Figure from external organization","base year is 2015"
"CP","Consumer Price Indices","116","Cambodia","2011","2011","23013","Consumer Prices, Food Indices (2015 = 100)","7007","July","6125","Value","","87.014237","X","Figure from external organization","base year is 2015"
"CP","Consumer Price Indices","116","Cambodia","2011","2011","23013","Consumer Prices, Food Indices (2015 = 100)","7008","August","6125","Value","","87.364927","X","Figure from external organization","base year is 2015"
"CP","Consumer Price Indices","116","Cambodia","2011","2011","23013","Consumer Prices, Food Indices (2015 = 100)","7009","September","6125","Value","","88.662582","X","Figure from external organization","base year is 2015"
"CP","Consumer Price Indices","116","Cambodia","2011","2011","23013","Consumer Prices, Food Indices (2015 = 100)","7010","October","6125","Value","","88.831061","X","Figure from external organization","base year is 2015"
"CP","Consumer Price Indices","116","Cambodia","2011","2011","23013","Consumer Prices, Food Indices (2015 = 100)","7011","November","6125","Value","","87.698187","X","Figure from external organization","base year is 2015"
"CP","Consumer Price Indices","116","Cambodia","2011","2011","23013","Consumer Prices, Food Indices (2015 = 100)","7012","December","6125","Value","","86.406341","X","Figure from external organization","base year is 2015"
"CP","Consumer Price Indices","116","Cambodia","2012","2012","23013","Consumer Prices, Food Indices (2015 = 100)","7001","January","6125","Value","","87.479006","X","Figure from external organization","base year is 2015"
"CP","Consumer Price Indices","116","Cambodia","2012","2012","23013","Consumer Prices, Food Indices (2015 = 100)","7002","February","6125","Value","","87.191166","X","Figure from external organization","base year is 2015"
"CP","Consumer Price Indices","116","Cambodia","2012","2012","23013","Consumer Prices, Food Indices (2015 = 100)","7003","March","6125","Value","","87.390806","X","Figure from external organization","base year is 2015"
"CP","Consumer Price Indices","116","Cambodia","2012","2012","23013","Consumer Prices, Food Indices (2015 = 100)","7004","April","6125","Value","","88.149224","X","Figure from external organization","base year is 2015"
"CP","Consumer Price Indices","116","Cambodia","2012","2012","23013","Consumer Prices, Food Indices (2015 = 100)","7005","May","6125","Value","","87.442564","X","Figure from external organization","base year is 2015"
"CP","Consumer Price Indices","116","Cambodia","2012","2012","23013","Consumer Prices, Food Indices (2015 = 100)","7006","June","6125","Value","","88.209961","X","Figure from external organization","base year is 2015"
"CP","Consumer Price Indices","116","Cambodia","2012","2012","23013","Consumer Prices, Food Indices (2015 = 100)","7007","July","6125","Value","","88.017187","X","Figure from external organization","base year is 2015"
"CP","Consumer Price Indices","116","Cambodia","2012","2012","23013","Consumer Prices, Food Indices (2015 = 100)","7008","August","6125","Value","","89.047601","X","Figure from external organization","base year is 2015"
"CP","Consumer Price Indices","116","Cambodia","2012","2012","23013","Consumer Prices, Food Indices (2015 = 100)","7009","September","6125","Value","","89.36132","X","Figure from external organization","base year is 2015"
"CP","Consumer Price Indices","116","Cambodia","2012","2012","23013","Consumer Prices, Food Indices (2015 = 100)","7010","October","6125","Value","","89.361848","X","Figure from external organization","base year is 2015"
"CP","Consumer Price Indices","116","Cambodia","2012","2012","23013","Consumer Prices, Food Indices (2015 = 100)","7011","November","6125","Value","","88.729129","X","Figure from external organization","base year is 2015"
"CP","Consumer Price Indices","116","Cambodia","2012","2012","23013","Consumer Prices, Food Indices (2015 = 100)","7012","December","6125","Value","","88.496744","X","Figure from external organization","base year is 2015"
"CP","Consumer Price Indices","116","Cambodia","2013","2013","23013","Consumer Prices, Food Indices (2015 = 100)","7001","January","6125","Value","","88.688462","X","Figure from external organization","base year is 2015"
"CP","Consumer Price Indices","116","Cambodia","2013","2013","23013","Consumer Prices, Food Indices (2015 = 100)","7002","February","6125","Value","","88.860109","X","Figure from external organization","base year is 2015"
"CP","Consumer Price Indices","116","Cambodia","2013","2013","23013","Consumer Prices, Food Indices (2015 = 100)","7003","March","6125","Value","","88.845321","X","Figure from external organization","base year is 2015"
"CP","Consumer Price Indices","116","Cambodia","2013","2013","23013","Consumer Prices, Food Indices (2015 = 100)","7004","April","6125","Value","","89.995096","X","Figure from external organization","base year is 2015"
"CP","Consumer Price Indices","116","Cambodia","2013","2013","23013","Consumer Prices, Food Indices (2015 = 100)","7005","May","6125","Value","","91.002799","X","Figure from external organization","base year is 2015"
"CP","Consumer Price Indices","116","Cambodia","2013","2013","23013","Consumer Prices, Food Indices (2015 = 100)","7006","June","6125","Value","","91.354017","X","Figure from external organization","base year is 2015"
"CP","Consumer Price Indices","116","Cambodia","2013","2013","23013","Consumer Prices, Food Indices (2015 = 100)","7007","July","6125","Value","","92.281442","X","Figure from external organization","base year is 2015"
"CP","Consumer Price Indices","116","Cambodia","2013","2013","23013","Consumer Prices, Food Indices (2015 = 100)","7008","August","6125","Value","","92.938456","X","Figure from external organization","base year is 2015"
"CP","Consumer Price Indices","116","Cambodia","2013","2013","23013","Consumer Prices, Food Indices (2015 = 100)","7009","September","6125","Value","","94.05707","X","Figure from external organization","base year is 2015"
"CP","Consumer Price Indices","116","Cambodia","2013","2013","23013","Consumer Prices, Food Indices (2015 = 100)","7010","October","6125","Value","","94.298961","X","Figure from external organization","base year is 2015"
"CP","Consumer Price Indices","116","Cambodia","2013","2013","23013","Consumer Prices, Food Indices (2015 = 100)","7011","November","6125","Value","","93.745992","X","Figure from external organization","base year is 2015"
"CP","Consumer Price Indices","116","Cambodia","2013","2013","23013","Consumer Prices, Food Indices (2015 = 100)","7012","December","6125","Value","","93.901267","X","Figure from external organization","base year is 2015"
"CP","Consumer Price Indices","116","Cambodia","2014","2014","23013","Consumer Prices, Food Indices (2015 = 100)","7001","January","6125","Value","","93.705325","X","Figure from external organization","base year is 2015"
"CP","Consumer Price Indices","116","Cambodia","2014","2014","23013","Consumer Prices, Food Indices (2015 = 100)","7002","February","6125","Value","","93.603392","X","Figure from external organization","base year is 2015"
"CP","Consumer Price Indices","116","Cambodia","2014","2014","23013","Consumer Prices, Food Indices (2015 = 100)","7003","March","6125","Value","","94.382408","X","Figure from external organization","base year is 2015"
"CP","Consumer Price Indices","116","Cambodia","2014","2014","23013","Consumer Prices, Food Indices (2015 = 100)","7004","April","6125","Value","","95.078505","X","Figure from external organization","base year is 2015"
"CP","Consumer Price Indices","116","Cambodia","2014","2014","23013","Consumer Prices, Food Indices (2015 = 100)","7005","May","6125","Value","","95.553309","X","Figure from external organization","base year is 2015"
"CP","Consumer Price Indices","116","Cambodia","2014","2014","23013","Consumer Prices, Food Indices (2015 = 100)","7006","June","6125","Value","","96.192366","X","Figure from external organization","base year is 2015"
"CP","Consumer Price Indices","116","Cambodia","2014","2014","23013","Consumer Prices, Food Indices (2015 = 100)","7007","July","6125","Value","","97.118207","X","Figure from external organization","base year is 2015"
"CP","Consumer Price Indices","116","Cambodia","2014","2014","23013","Consumer Prices, Food Indices (2015 = 100)","7008","August","6125","Value","","98.103728","X","Figure from external organization","base year is 2015"
"CP","Consumer Price Indices","116","Cambodia","2014","2014","23013","Consumer Prices, Food Indices (2015 = 100)","7009","September","6125","Value","","98.379949","X","Figure from external organization","base year is 2015"
"CP","Consumer Price Indices","116","Cambodia","2014","2014","23013","Consumer Prices, Food Indices (2015 = 100)","7010","October","6125","Value","","97.542837","X","Figure from external organization","base year is 2015"
"CP","Consumer Price Indices","116","Cambodia","2014","2014","23013","Consumer Prices, Food Indices (2015 = 100)","7011","November","6125","Value","","97.297777","X","Figure from external organization","base year is 2015"
"CP","Consumer Price Indices","116","Cambodia","2014","2014","23013","Consumer Prices, Food Indices (2015 = 100)","7012","December","6125","Value","","96.781249","X","Figure from external organization","base year is 2015"
"CP","Consumer Price Indices","116","Cambodia","2015","2015","23013","Consumer Prices, Food Indices (2015 = 100)","7001","January","6125","Value","","97.060111","X","Figure from external organization","base year is 2015"
"CP","Consumer Price Indices","116","Cambodia","2015","2015","23013","Consumer Prices, Food Indices (2015 = 100)","7002","February","6125","Value","","98.192457","X","Figure from external organization","base year is 2015"
"CP","Consumer Price Indices","116","Cambodia","2015","2015","23013","Consumer Prices, Food Indices (2015 = 100)","7003","March","6125","Value","","98.21992","X","Figure from external organization","base year is 2015"
"CP","Consumer Price Indices","116","Cambodia","2015","2015","23013","Consumer Prices, Food Indices (2015 = 100)","7004","April","6125","Value","","99.120938","X","Figure from external organization","base year is 2015"
"CP","Consumer Price Indices","116","Cambodia","2015","2015","23013","Consumer Prices, Food Indices (2015 = 100)","7005","May","6125","Value","","99.226039","X","Figure from external organization","base year is 2015"
"CP","Consumer Price Indices","116","Cambodia","2015","2015","23013","Consumer Prices, Food Indices (2015 = 100)","7006","June","6125","Value","","99.683414","X","Figure from external organization","base year is 2015"
"CP","Consumer Price Indices","116","Cambodia","2015","2015","23013","Consumer Prices, Food Indices (2015 = 100)","7007","July","6125","Value","","100.494119","X","Figure from external organization","base year is 2015"
"CP","Consumer Price Indices","116","Cambodia","2015","2015","23013","Consumer Prices, Food Indices (2015 = 100)","7008","August","6125","Value","","101.071383","X","Figure from external organization","base year is 2015"
"CP","Consumer Price Indices","116","Cambodia","2015","2015","23013","Consumer Prices, Food Indices (2015 = 100)","7009","September","6125","Value","","101.881559","X","Figure from external organization","base year is 2015"
"CP","Consumer Price Indices","116","Cambodia","2015","2015","23013","Consumer Prices, Food Indices (2015 = 100)","7010","October","6125","Value","","101.558334","X","Figure from external organization","base year is 2015"
"CP","Consumer Price Indices","116","Cambodia","2015","2015","23013","Consumer Prices, Food Indices (2015 = 100)","7011","November","6125","Value","","101.526645","X","Figure from external organization","base year is 2015"
"CP","Consumer Price Indices","116","Cambodia","2015","2015","23013","Consumer Prices, Food Indices (2015 = 100)","7012","December","6125","Value","","102.119225","X","Figure from external organization","base year is 2015"
"CP","Consumer Price Indices","116","Cambodia","2016","2016","23013","Consumer Prices, Food Indices (2015 = 100)","7001","January","6125","Value","","101.828745","X","Figure from external organization","base year is 2015"
"CP","Consumer Price Indices","116","Cambodia","2016","2016","23013","Consumer Prices, Food Indices (2015 = 100)","7002","February","6125","Value","","102.760395","X","Figure from external organization","base year is 2015"
"CP","Consumer Price Indices","116","Cambodia","2016","2016","23013","Consumer Prices, Food Indices (2015 = 100)","7003","March","6125","Value","","102.766205","X","Figure from external organization","base year is 2015"
"CP","Consumer Price Indices","116","Cambodia","2016","2016","23013","Consumer Prices, Food Indices (2015 = 100)","7004","April","6125","Value","","105.158708","X","Figure from external organization","base year is 2015"
"CP","Consumer Price Indices","116","Cambodia","2016","2016","23013","Consumer Prices, Food Indices (2015 = 100)","7005","May","6125","Value","","105.196206","X","Figure from external organization","base year is 2015"
"CP","Consumer Price Indices","116","Cambodia","2016","2016","23013","Consumer Prices, Food Indices (2015 = 100)","7006","June","6125","Value","","106.023812","X","Figure from external organization","base year is 2015"
"CP","Consumer Price Indices","116","Cambodia","2016","2016","23013","Consumer Prices, Food Indices (2015 = 100)","7007","July","6125","Value","","106.292638","X","Figure from external organization","base year is 2015"
"CP","Consumer Price Indices","116","Cambodia","2016","2016","23013","Consumer Prices, Food Indices (2015 = 100)","7008","August","6125","Value","","106.5884","X","Figure from external organization","base year is 2015"
"CP","Consumer Price Indices","116","Cambodia","2016","2016","23013","Consumer Prices, Food Indices (2015 = 100)","7009","September","6125","Value","","107.079049","X","Figure from external organization","base year is 2015"
"CP","Consumer Price Indices","116","Cambodia","2016","2016","23013","Consumer Prices, Food Indices (2015 = 100)","7010","October","6125","Value","","107.55438","X","Figure from external organization","base year is 2015"
"CP","Consumer Price Indices","116","Cambodia","2016","2016","23013","Consumer Prices, Food Indices (2015 = 100)","7011","November","6125","Value","","107.82796","X","Figure from external organization","base year is 2015"
"CP","Consumer Price Indices","116","Cambodia","2016","2016","23013","Consumer Prices, Food Indices (2015 = 100)","7012","December","6125","Value","","108.19555","X","Figure from external organization","base year is 2015"
"CP","Consumer Price Indices","116","Cambodia","2017","2017","23013","Consumer Prices, Food Indices (2015 = 100)","7001","January","6125","Value","","108.473883","X","Figure from external organization","base year is 2015"
"CP","Consumer Price Indices","116","Cambodia","2017","2017","23013","Consumer Prices, Food Indices (2015 = 100)","7002","February","6125","Value","","108.520888","X","Figure from external organization","base year is 2015"
"CP","Consumer Price Indices","116","Cambodia","2017","2017","23013","Consumer Prices, Food Indices (2015 = 100)","7003","March","6125","Value","","108.470714","X","Figure from external organization","base year is 2015"
"CP","Consumer Price Indices","116","Cambodia","2017","2017","23013","Consumer Prices, Food Indices (2015 = 100)","7004","April","6125","Value","","109.162586","X","Figure from external organization","base year is 2015"
"CP","Consumer Price Indices","116","Cambodia","2017","2017","23013","Consumer Prices, Food Indices (2015 = 100)","7005","May","6125","Value","","108.442723","X","Figure from external organization","base year is 2015"
"CP","Consumer Price Indices","116","Cambodia","2017","2017","23013","Consumer Prices, Food Indices (2015 = 100)","7006","June","6125","Value","","108.659791","X","Figure from external organization","base year is 2015"
"CP","Consumer Price Indices","116","Cambodia","2017","2017","23013","Consumer Prices, Food Indices (2015 = 100)","7007","July","6125","Value","","109.111884","X","Figure from external organization","base year is 2015"
"CP","Consumer Price Indices","116","Cambodia","2017","2017","23013","Consumer Prices, Food Indices (2015 = 100)","7008","August","6125","Value","","109.524366","X","Figure from external organization","base year is 2015"
"CP","Consumer Price Indices","116","Cambodia","2017","2017","23013","Consumer Prices, Food Indices (2015 = 100)","7009","September","6125","Value","","110.062548","X","Figure from external organization","base year is 2015"
"CP","Consumer Price Indices","116","Cambodia","2017","2017","23013","Consumer Prices, Food Indices (2015 = 100)","7010","October","6125","Value","","109.577181","X","Figure from external organization","base year is 2015"
"CP","Consumer Price Indices","116","Cambodia","2017","2017","23013","Consumer Prices, Food Indices (2015 = 100)","7011","November","6125","Value","","109.968009","X","Figure from external organization","base year is 2015"
"CP","Consumer Price Indices","116","Cambodia","2017","2017","23013","Consumer Prices, Food Indices (2015 = 100)","7012","December","6125","Value","","110.232083","X","Figure from external organization","base year is 2015"
"CP","Consumer Price Indices","116","Cambodia","2018","2018","23013","Consumer Prices, Food Indices (2015 = 100)","7001","January","6125","Value","","110.122756","X","Figure from external organization","base year is 2015"
"CP","Consumer Price Indices","116","Cambodia","2018","2018","23013","Consumer Prices, Food Indices (2015 = 100)","7002","February","6125","Value","","110.747025","X","Figure from external organization","base year is 2015"
"CP","Consumer Price Indices","116","Cambodia","2018","2018","23013","Consumer Prices, Food Indices (2015 = 100)","7003","March","6125","Value","","110.872724","X","Figure from external organization","base year is 2015"
"CP","Consumer Price Indices","116","Cambodia","2018","2018","23013","Consumer Prices, Food Indices (2015 = 100)","7004","April","6125","Value","","111.635896","X","Figure from external organization","base year is 2015"
"CP","Consumer Price Indices","116","Cambodia","2018","2018","23013","Consumer Prices, Food Indices (2015 = 100)","7005","May","6125","Value","","111.956481","X","Figure from external organization","base year is 2015"
"CP","Consumer Price Indices","116","Cambodia","2018","2018","23013","Consumer Prices, Food Indices (2015 = 100)","7006","June","6125","Value","","112.136579","X","Figure from external organization","base year is 2015"
"CP","Consumer Price Indices","116","Cambodia","2018","2018","23013","Consumer Prices, Food Indices (2015 = 100)","7007","July","6125","Value","","111.638537","X","Figure from external organization","base year is 2015"
"CP","Consumer Price Indices","116","Cambodia","2018","2018","23013","Consumer Prices, Food Indices (2015 = 100)","7008","August","6125","Value","","112.531104","X","Figure from external organization","base year is 2015"
"CP","Consumer Price Indices","116","Cambodia","2018","2018","23013","Consumer Prices, Food Indices (2015 = 100)","7009","September","6125","Value","","112.836373","X","Figure from external organization","base year is 2015"
"CP","Consumer Price Indices","116","Cambodia","2018","2018","23013","Consumer Prices, Food Indices (2015 = 100)","7010","October","6125","Value","","113.08777","X","Figure from external organization","base year is 2015"
"CP","Consumer Price Indices","116","Cambodia","2018","2018","23013","Consumer Prices, Food Indices (2015 = 100)","7011","November","6125","Value","","112.47248","X","Figure from external organization","base year is 2015"
"CP","Consumer Price Indices","116","Cambodia","2018","2018","23013","Consumer Prices, Food Indices (2015 = 100)","7012","December","6125","Value","","112.32988","X","Figure from external organization","base year is 2015"
"CP","Consumer Price Indices","116","Cambodia","2019","2019","23013","Consumer Prices, Food Indices (2015 = 100)","7001","January","6125","Value","","112.40699","X","Figure from external organization","base year is 2015"
"CP","Consumer Price Indices","116","Cambodia","2019","2019","23013","Consumer Prices, Food Indices (2015 = 100)","7002","February","6125","Value","","113.148507","X","Figure from external organization","base year is 2015"
"CP","Consumer Price Indices","116","Cambodia","2019","2019","23013","Consumer Prices, Food Indices (2015 = 100)","7003","March","6125","Value","","113.019111","X","Figure from external organization","base year is 2015"
"CP","Consumer Price Indices","116","Cambodia","2019","2019","23013","Consumer Prices, Food Indices (2015 = 100)","7004","April","6125","Value","","113.721018","X","Figure from external organization","base year is 2015"
"CP","Consumer Price Indices","116","Cambodia","2019","2019","23013","Consumer Prices, Food Indices (2015 = 100)","7005","May","6125","Value","","114.076461","X","Figure from external organization","base year is 2015"
"CP","Consumer Price Indices","116","Cambodia","2019","2019","23013","Consumer Prices, Food Indices (2015 = 100)","7006","June","6125","Value","","113.365047","X","Figure from external organization","base year is 2015"
"CP","Consumer Price Indices","116","Cambodia","2019","2019","23013","Consumer Prices, Food Indices (2015 = 100)","7007","July","6125","Value","","114.081214","X","Figure from external organization","base year is 2015"
"CP","Consumer Price Indices","116","Cambodia","2019","2019","23013","Consumer Prices, Food Indices (2015 = 100)","7008","August","6125","Value","","115.234686","X","Figure from external organization","base year is 2015"
"CP","Consumer Price Indices","116","Cambodia","2019","2019","23013","Consumer Prices, Food Indices (2015 = 100)","7009","September","6125","Value","","115.114796","X","Figure from external organization","base year is 2015"
"CP","Consumer Price Indices","116","Cambodia","2019","2019","23013","Consumer Prices, Food Indices (2015 = 100)","7010","October","6125","Value","","114.834879","X","Figure from external organization","base year is 2015"
"CP","Consumer Price Indices","116","Cambodia","2019","2019","23013","Consumer Prices, Food Indices (2015 = 100)","7011","November","6125","Value","","115.051947","X","Figure from external organization","base year is 2015"
"CP","Consumer Price Indices","116","Cambodia","2019","2019","23013","Consumer Prices, Food Indices (2015 = 100)","7012","December","6125","Value","","116.106655","X","Figure from external organization","base year is 2015"
"CP","Consumer Price Indices","116","Cambodia","2020","2020","23013","Consumer Prices, Food Indices (2015 = 100)","7001","January","6125","Value","","116.755219","X","Figure from external organization","base year is 2015"
"CP","Consumer Price Indices","116","Cambodia","2020","2020","23013","Consumer Prices, Food Indices (2015 = 100)","7002","February","6125","Value","","116.743072","X","Figure from external organization","base year is 2015"
"CP","Consumer Price Indices","116","Cambodia","2020","2020","23013","Consumer Prices, Food Indices (2015 = 100)","7003","March","6125","Value","","117.745494","X","Figure from external organization","base year is 2015"
"CP","Consumer Price Indices","116","Cambodia","2020","2020","23013","Consumer Prices, Food Indices (2015 = 100)","7004","April","6125","Value","","118.682426","X","Figure from external organization","base year is 2015"
"CP","Consumer Price Indices","116","Cambodia","2020","2020","23013","Consumer Prices, Food Indices (2015 = 100)","7005","May","6125","Value","","119.354756","X","Figure from external organization","base year is 2015"
"CP","Consumer Price Indices","116","Cambodia","2020","2020","23013","Consumer Prices, Food Indices (2015 = 100)","7006","June","6125","Value","","119.771464","X","Figure from external organization","base year is 2015"
"CP","Consumer Price Indices","116","Cambodia","2020","2020","23013","Consumer Prices, Food Indices (2015 = 100)","7007","July","6125","Value","","119.75826","X","Figure from external organization","base year is 2015"
"CP","Consumer Price Indices","116","Cambodia","2020","2020","23013","Consumer Prices, Food Indices (2015 = 100)","7008","August","6125","Value","","119.543304","X","Figure from external organization","base year is 2015"
"CP","Consumer Price Indices","116","Cambodia","2020","2020","23013","Consumer Prices, Food Indices (2015 = 100)","7009","September","6125","Value","","120.443794","X","Figure from external organization","base year is 2015"
"CP","Consumer Price Indices","116","Cambodia","2020","2020","23013","Consumer Prices, Food Indices (2015 = 100)","7010","October","6125","Value","","121.632652","X","Figure from external organization","base year is 2015"
"CP","Consumer Price Indices","116","Cambodia","2020","2020","23013","Consumer Prices, Food Indices (2015 = 100)","7011","November","6125","Value","","121.794264","X","Figure from external organization","base year is 2015"
"CP","Consumer Price Indices","116","Cambodia","2020","2020","23013","Consumer Prices, Food Indices (2015 = 100)","7012","December","6125","Value","","121.605188","X","Figure from external organization","base year is 2015"
"CP","Consumer Price Indices","116","Cambodia","2021","2021","23013","Consumer Prices, Food Indices (2015 = 100)","7001","January","6125","Value","","121.169467","X","Figure from external organization","base year is 2015"
"CP","Consumer Price Indices","116","Cambodia","2021","2021","23013","Consumer Prices, Food Indices (2015 = 100)","7002","February","6125","Value","","119.761957","X","Figure from external organization","base year is 2015"
"CP","Consumer Price Indices","116","Cambodia","2021","2021","23013","Consumer Prices, Food Indices (2015 = 100)","7003","March","6125","Value","","121.258196","X","Figure from external organization","base year is 2015"
"CP","Consumer Price Indices","116","Cambodia","2021","2021","23013","Consumer Prices, Food Indices (2015 = 100)","7004","April","6125","Value","","121.282491","X","Figure from external organization","base year is 2015"
"CP","Consumer Price Indices","116","Cambodia","2021","2021","23013","Consumer Prices, Food Indices (2015 = 100)","7005","May","6125","Value","","122.68736","X","Figure from external organization","base year is 2015"
"CP","Consumer Price Indices","116","Cambodia","2021","2021","23013","Consumer Prices, Food Indices (2015 = 100)","7006","June","6125","Value","","122.422759","X","Figure from external organization","base year is 2015"
"CP","Consumer Price Indices","116","Cambodia","2021","2021","23013","Consumer Prices, Food Indices (2015 = 100)","7007","July","6125","Value","","123.480636","X","Figure from external organization","base year is 2015"
"CP","Consumer Price Indices","116","Cambodia","2021","2021","23013","Consumer Prices, Food Indices (2015 = 100)","7008","August","6125","Value","","123.744709","X","Figure from external organization","base year is 2015"
"CP","Consumer Price Indices","116","Cambodia","2021","2021","23013","Consumer Prices, Food Indices (2015 = 100)","7009","September","6125","Value","","123.543485","X","Figure from external organization","base year is 2015"
"CP","Consumer Price Indices","116","Cambodia","2021","2021","23013","Consumer Prices, Food Indices (2015 = 100)","7010","October","6125","Value","","124.104905","X","Figure from external organization","base year is 2015"
"CP","Consumer Price Indices","116","Cambodia","2021","2021","23013","Consumer Prices, Food Indices (2015 = 100)","7011","November","6125","Value","","124.772482","X","Figure from external organization","base year is 2015"
"CP","Consumer Price Indices","116","Cambodia","2021","2021","23013","Consumer Prices, Food Indices (2015 = 100)","7012","December","6125","Value","","124.983213","X","Figure from external organization","base year is 2015"
"CP","Consumer Price Indices","116","Cambodia","2022","2022","23013","Consumer Prices, Food Indices (2015 = 100)","7001","January","6125","Value","","125.593222","X","Figure from external organization","base year is 2015"
"CP","Consumer Price Indices","116","Cambodia","2022","2022","23013","Consumer Prices, Food Indices (2015 = 100)","7002","February","6125","Value","","126.807959","X","Figure from external organization","base year is 2015"
"CP","Consumer Price Indices","116","Cambodia","2022","2022","23013","Consumer Prices, Food Indices (2015 = 100)","7003","March","6125","Value","","128.146282","X","Figure from external organization","base year is 2015"
"CP","Consumer Price Indices","116","Cambodia","2022","2022","23013","Consumer Prices, Food Indices (2015 = 100)","7004","April","6125","Value","","128.840794","X","Figure from external organization","base year is 2015"
"CP","Consumer Price Indices","116","Cambodia","2022","2022","23013","Consumer Prices, Food Indices (2015 = 100)","7005","May","6125","Value","","129.473514","X","Figure from external organization","base year is 2015"
"CP","Consumer Price Indices","116","Cambodia","2022","2022","23013","Consumer Prices, Food Indices (2015 = 100)","7006","June","6125","Value","","130.380341","X","Figure from external organization","base year is 2015"
"CP","Consumer Price Indices","116","Cambodia","2022","2022","23013","Consumer Prices, Food Indices (2015 = 100)","7007","July","6125","Value","","129.603966","X","Figure from external organization","base year is 2015"
"CP","Consumer Price Indices","116","Cambodia","2022","2022","23013","Consumer Prices, Food Indices (2015 = 100)","7008","August","6125","Value","","129.054165","X","Figure from external organization","base year is 2015"
"CP","Consumer Price Indices","116","Cambodia","2022","2022","23013","Consumer Prices, Food Indices (2015 = 100)","7009","September","6125","Value","","129.162435","X","Figure from external organization","base year is 2015"
"CP","Consumer Price Indices","116","Cambodia","2022","2022","23013","Consumer Prices, Food Indices (2015 = 100)","7010","October","6125","Value","","129.479323","X","Figure from external organization","base year is 2015"
"CP","Consumer Price Indices","116","Cambodia","2022","2022","23013","Consumer Prices, Food Indices (2015 = 100)","7011","November","6125","Value","","129.893918","X","Figure from external organization","base year is 2015"
"CP","Consumer Price Indices","116","Cambodia","2022","2022","23013","Consumer Prices, Food Indices (2015 = 100)","7012","December","6125","Value","","129.676322","X","Figure from external organization","base year is 2015"
"CP","Consumer Price Indices","116","Cambodia","2023","2023","23013","Consumer Prices, Food Indices (2015 = 100)","7001","January","6125","Value","","130.237741","X","Figure from external organization","base year is 2015"
"CP","Consumer Price Indices","116","Cambodia","2023","2023","23013","Consumer Prices, Food Indices (2015 = 100)","7002","February","6125","Value","","130.742649","X","Figure from external organization","base year is 2015"
"CP","Consumer Price Indices","116","Cambodia","2023","2023","23013","Consumer Prices, Food Indices (2015 = 100)","7003","March","6125","Value","","131.269211","X","Figure from external organization","base year is 2015"
"CP","Consumer Price Indices","116","Cambodia","2023","2023","23013","Consumer Prices, Food Indices (2015 = 100)","7004","April","6125","Value","","131.755634","X","Figure from external organization","base year is 2015"
"CP","Consumer Price Indices","116","Cambodia","2023","2023","23013","Consumer Prices, Food Indices (2015 = 100)","7005","May","6125","Value","","132.363531","X","Figure from external organization","base year is 2015"
"CP","Consumer Price Indices","116","Cambodia","2023","2023","23013","Consumer Prices, Food Indices (2015 = 100)","7006","June","6125","Value","","132.986215","X","Figure from external organization","base year is 2015"
"CP","Consumer Price Indices","116","Cambodia","2023","2023","23013","Consumer Prices, Food Indices (2015 = 100)","7007","July","6125","Value","","133.619463","X","Figure from external organization","base year is 2015"
"CP","Consumer Price Indices","116","Cambodia","2023","2023","23013","Consumer Prices, Food Indices (2015 = 100)","7008","August","6125","Value","","134.470307","X","Figure from external organization","base year is 2015"
"CP","Consumer Price Indices","116","Cambodia","2023","2023","23013","Consumer Prices, Food Indices (2015 = 100)","7009","September","6125","Value","","134.738077","X","Figure from external organization","base year is 2015"
"CP","Consumer Price Indices","116","Cambodia","2023","2023","23013","Consumer Prices, Food Indices (2015 = 100)","7010","October","6125","Value","","135.314813","X","Figure from external organization","base year is 2015"
"CP","Consumer Price Indices","116","Cambodia","2023","2023","23013","Consumer Prices, Food Indices (2015 = 100)","7011","November","6125","Value","","134.504636","X","Figure from external organization","base year is 2015"
"CP","Consumer Price Indices","116","Cambodia","2023","2023","23013","Consumer Prices, Food Indices (2015 = 100)","7012","December","6125","Value","","133.66594","X","Figure from external organization","base year is 2015"
"CP","Consumer Price Indices","116","Cambodia","2024","2024","23013","Consumer Prices, Food Indices (2015 = 100)","7001","January","6125","Value","","129.757656","X","Figure from external organization","base year is 2015"
"CP","Consumer Price Indices","116","Cambodia","2024","2024","23013","Consumer Prices, Food Indices (2015 = 100)","7002","February","6125","Value","","130.374003","X","Figure from external organization","base year is 2015"
"CP","Consumer Price Indices","116","Cambodia","2024","2024","23013","Consumer Prices, Food Indices (2015 = 100)","7003","March","6125","Value","","131.276077","X","Figure from external organization","base year is 2015"
"CP","Consumer Price Indices","116","Cambodia","2024","2024","23013","Consumer Prices, Food Indices (2015 = 100)","7004","April","6125","Value","","132.583768","X","Figure from external organization","base year is 2015"
"CP","Consumer Price Indices","116","Cambodia","2024","2024","23013","Consumer Prices, Food Indices (2015 = 100)","7005","May","6125","Value","","134.492489","X","Figure from external organization","base year is 2015"
"CP","Consumer Price Indices","116","Cambodia","2024","2024","23013","Consumer Prices, Food Indices (2015 = 100)","7006","June","6125","Value","","134.069444","X","Figure from external organization","base year is 2015"
"CP","Consumer Price Indices","116","Cambodia","2024","2024","23013","Consumer Prices, Food Indices (2015 = 100)","7007","July","6125","Value","","134.437562","X","Figure from external organization","base year is 2015"
"CP","Consumer Price Indices","116","Cambodia","2024","2024","23013","Consumer Prices, Food Indices (2015 = 100)","7008","August","6125","Value","","135.465863","X","Figure from external organization","base year is 2015"
"CP","Consumer Price Indices","116","Cambodia","2024","2024","23013","Consumer Prices, Food Indices (2015 = 100)","7009","September","6125","Value","","136.636235","X","Figure from external organization","base year is 2015"
"CP","Consumer Price Indices","116","Cambodia","2024","2024","23013","Consumer Prices, Food Indices (2015 = 100)","7010","October","6125","Value","","138.18793","X","Figure from external organization","base year is 2015"
"CP","Consumer Price Indices","116","Cambodia","2024","2024","23013","Consumer Prices, Food Indices (2015 = 100)","7011","November","6125","Value","","138.099729","X","Figure from external organization","base year is 2015"
"CP","Consumer Price Indices","116","Cambodia","2024","2024","23013","Consumer Prices, Food Indices (2015 = 100)","7012","December","6125","Value","","139.301262","X","Figure from external organization","base year is 2015"
"CP","Consumer Price Indices","116","Cambodia","2025","2025","23013","Consumer Prices, Food Indices (2015 = 100)","7001","January","6125","Value","","139.914969","X","Figure from external organization","base year is 2015"
"CP","Consumer Price Indices","116","Cambodia","2025","2025","23013","Consumer Prices, Food Indices (2015 = 100)","7002","February","6125","Value","","138.938426","X","Figure from external organization","base year is 2015"
"CP","Consumer Price Indices","116","Cambodia","2025","2025","23013","Consumer Prices, Food Indices (2015 = 100)","7003","March","6125","Value","","138.086526","X","Figure from external organization","base year is 2015"
"CP","Consumer Price Indices","116","Cambodia","2025","2025","23013","Consumer Prices, Food Indices (2015 = 100)","7004","April","6125","Value","","138.841247","X","Figure from external organization","base year is 2015"
"CP","Consumer Price Indices","116","Cambodia","2025","2025","23013","Consumer Prices, Food Indices (2015 = 100)","7005","May","6125","Value","","137.758018","X","Figure from external organization","base year is 2015"
"CP","Consumer Price Indices","116","Cambodia","2025","2025","23013","Consumer Prices, Food Indices (2015 = 100)","7006","June","6125","Value","","137.411554","X","Figure from external organization","base year is 2015"
"CP","Consumer Price Indices","116","Cambodia","2025","2025","23013","Consumer Prices, Food Indices (2015 = 100)","7007","July","6125","Value","","138.51274","X","Figure from external organization","base year is 2015"
"CP","Consumer Price Indices","116","Cambodia","2025","2025","23013","Consumer Prices, Food Indices (2015 = 100)","7008","August","6125","Value","","139.787685","X","Figure from external organization","base year is 2015"
"CP","Consumer Price Indices","116","Cambodia","2025","2025","23013","Consumer Prices, Food Indices (2015 = 100)","7009","September","6125","Value","","140.514943","X","Figure from external organization","base year is 2015"
"CP","Consumer Price Indices","360","Indonesia","2000","2000","23013","Consumer Prices, Food Indices (2015 = 100)","7001","January","6125","Value","","28.333531","X","Figure from external organization","base year is 2015"
"CP","Consumer Price Indices","360","Indonesia","2000","2000","23013","Consumer Prices, Food Indices (2015 = 100)","7002","February","6125","Value","","28.239171","X","Figure from external organization","base year is 2015"
"CP","Consumer Price Indices","360","Indonesia","2000","2000","23013","Consumer Prices, Food Indices (2015 = 100)","7003","March","6125","Value","","27.593531","X","Figure from external organization","base year is 2015"
"CP","Consumer Price Indices","360","Indonesia","2000","2000","23013","Consumer Prices, Food Indices (2015 = 100)","7004","April","6125","Value","","27.151517","X","Figure from external organization","base year is 2015"
"CP","Consumer Price Indices","360","Indonesia","2000","2000","23013","Consumer Prices, Food Indices (2015 = 100)","7005","May","6125","Value","","27.146556","X","Figure from external organization","base year is 2015"
"CP","Consumer Price Indices","360","Indonesia","2000","2000","23013","Consumer Prices, Food Indices (2015 = 100)","7006","June","6125","Value","","27.186286","X","Figure from external organization","base year is 2015"
"CP","Consumer Price Indices","360","Indonesia","2000","2000","23013","Consumer Prices, Food Indices (2015 = 100)","7007","July","6125","Value","","27.732589","X","Figure from external organization","base year is 2015"
"CP","Consumer Price Indices","360","Indonesia","2000","2000","23013","Consumer Prices, Food Indices (2015 = 100)","7008","August","6125","Value","","27.211116","X","Figure from external organization","base year is 2015"
"CP","Consumer Price Indices","360","Indonesia","2000","2000","23013","Consumer Prices, Food Indices (2015 = 100)","7009","September","6125","Value","","26.560514","X","Figure from external organization","base year is 2015"
"CP","Consumer Price Indices","360","Indonesia","2000","2000","23013","Consumer Prices, Food Indices (2015 = 100)","7010","October","6125","Value","","26.625074","X","Figure from external organization","base year is 2015"
"CP","Consumer Price Indices","360","Indonesia","2000","2000","23013","Consumer Prices, Food Indices (2015 = 100)","7011","November","6125","Value","","27.240915","X","Figure from external organization","base year is 2015"
"CP","Consumer Price Indices","360","Indonesia","2000","2000","23013","Consumer Prices, Food Indices (2015 = 100)","7012","December","6125","Value","","28.626548","X","Figure from external organization","base year is 2015"
"CP","Consumer Price Indices","360","Indonesia","2001","2001","23013","Consumer Prices, Food Indices (2015 = 100)","7001","January","6125","Value","","28.571918","X","Figure from external organization","base year is 2015"
"CP","Consumer Price Indices","360","Indonesia","2001","2001","23013","Consumer Prices, Food Indices (2015 = 100)","7002","February","6125","Value","","29.013932","X","Figure from external organization","base year is 2015"
"CP","Consumer Price Indices","360","Indonesia","2001","2001","23013","Consumer Prices, Food Indices (2015 = 100)","7003","March","6125","Value","","29.287088","X","Figure from external organization","base year is 2015"
"CP","Consumer Price Indices","360","Indonesia","2001","2001","23013","Consumer Prices, Food Indices (2015 = 100)","7004","April","6125","Value","","28.999032","X","Figure from external organization","base year is 2015"
"CP","Consumer Price Indices","360","Indonesia","2001","2001","23013","Consumer Prices, Food Indices (2015 = 100)","7005","May","6125","Value","","29.436077","X","Figure from external organization","base year is 2015"
"CP","Consumer Price Indices","360","Indonesia","2001","2001","23013","Consumer Prices, Food Indices (2015 = 100)","7006","June","6125","Value","","29.833392","X","Figure from external organization","base year is 2015"
"CP","Consumer Price Indices","360","Indonesia","2001","2001","23013","Consumer Prices, Food Indices (2015 = 100)","7007","July","6125","Value","","30.320105","X","Figure from external organization","base year is 2015"
"CP","Consumer Price Indices","360","Indonesia","2001","2001","23013","Consumer Prices, Food Indices (2015 = 100)","7008","August","6125","Value","","29.609904","X","Figure from external organization","base year is 2015"
"CP","Consumer Price Indices","360","Indonesia","2001","2001","23013","Consumer Prices, Food Indices (2015 = 100)","7009","September","6125","Value","","29.391378","X","Figure from external organization","base year is 2015"
"CP","Consumer Price Indices","360","Indonesia","2001","2001","23013","Consumer Prices, Food Indices (2015 = 100)","7010","October","6125","Value","","29.734063","X","Figure from external organization","base year is 2015"
"CP","Consumer Price Indices","360","Indonesia","2001","2001","23013","Consumer Prices, Food Indices (2015 = 100)","7011","November","6125","Value","","31.164402","X","Figure from external organization","base year is 2015"
"CP","Consumer Price Indices","360","Indonesia","2001","2001","23013","Consumer Prices, Food Indices (2015 = 100)","7012","December","6125","Value","","32.07326","X","Figure from external organization","base year is 2015"
"CP","Consumer Price Indices","360","Indonesia","2002","2002","23013","Consumer Prices, Food Indices (2015 = 100)","7001","January","6125","Value","","32.962249","X","Figure from external organization","base year is 2015"
"CP","Consumer Price Indices","360","Indonesia","2002","2002","23013","Consumer Prices, Food Indices (2015 = 100)","7002","February","6125","Value","","33.955536","X","Figure from external organization","base year is 2015"
"CP","Consumer Price Indices","360","Indonesia","2002","2002","23013","Consumer Prices, Food Indices (2015 = 100)","7003","March","6125","Value","","33.026817","X","Figure from external organization","base year is 2015"
"CP","Consumer Price Indices","360","Indonesia","2002","2002","23013","Consumer Prices, Food Indices (2015 = 100)","7004","April","6125","Value","","32.396077","X","Figure from external organization","base year is 2015"
"CP","Consumer Price Indices","360","Indonesia","2002","2002","23013","Consumer Prices, Food Indices (2015 = 100)","7005","May","6125","Value","","32.564935","X","Figure from external organization","base year is 2015"
"CP","Consumer Price Indices","360","Indonesia","2002","2002","23013","Consumer Prices, Food Indices (2015 = 100)","7006","June","6125","Value","","32.465606","X","Figure from external organization","base year is 2015"
"CP","Consumer Price Indices","360","Indonesia","2002","2002","23013","Consumer Prices, Food Indices (2015 = 100)","7007","July","6125","Value","","32.430845","X","Figure from external organization","base year is 2015"
"CP","Consumer Price Indices","360","Indonesia","2002","2002","23013","Consumer Prices, Food Indices (2015 = 100)","7008","August","6125","Value","","32.266949","X","Figure from external organization","base year is 2015"
"CP","Consumer Price Indices","360","Indonesia","2002","2002","23013","Consumer Prices, Food Indices (2015 = 100)","7009","September","6125","Value","","32.366277","X","Figure from external organization","base year is 2015"
"CP","Consumer Price Indices","360","Indonesia","2002","2002","23013","Consumer Prices, Food Indices (2015 = 100)","7010","October","6125","Value","","32.530174","X","Figure from external organization","base year is 2015"
"CP","Consumer Price Indices","360","Indonesia","2002","2002","23013","Consumer Prices, Food Indices (2015 = 100)","7011","November","6125","Value","","34.183993","X","Figure from external organization","base year is 2015"
"CP","Consumer Price Indices","360","Indonesia","2002","2002","23013","Consumer Prices, Food Indices (2015 = 100)","7012","December","6125","Value","","34.978623","X","Figure from external organization","base year is 2015"
"CP","Consumer Price Indices","360","Indonesia","2003","2003","23013","Consumer Prices, Food Indices (2015 = 100)","7001","January","6125","Value","","34.447211","X","Figure from external organization","base year is 2015"
"CP","Consumer Price Indices","360","Indonesia","2003","2003","23013","Consumer Prices, Food Indices (2015 = 100)","7002","February","6125","Value","","34.183993","X","Figure from external organization","base year is 2015"
"CP","Consumer Price Indices","360","Indonesia","2003","2003","23013","Consumer Prices, Food Indices (2015 = 100)","7003","March","6125","Value","","33.458893","X","Figure from external organization","base year is 2015"
"CP","Consumer Price Indices","360","Indonesia","2003","2003","23013","Consumer Prices, Food Indices (2015 = 100)","7004","April","6125","Value","","33.160907","X","Figure from external organization","base year is 2015"
"CP","Consumer Price Indices","360","Indonesia","2003","2003","23013","Consumer Prices, Food Indices (2015 = 100)","7005","May","6125","Value","","33.126138","X","Figure from external organization","base year is 2015"
"CP","Consumer Price Indices","360","Indonesia","2003","2003","23013","Consumer Prices, Food Indices (2015 = 100)","7006","June","6125","Value","","32.862921","X","Figure from external organization","base year is 2015"
"CP","Consumer Price Indices","360","Indonesia","2003","2003","23013","Consumer Prices, Food Indices (2015 = 100)","7007","July","6125","Value","","32.629495","X","Figure from external organization","base year is 2015"
"CP","Consumer Price Indices","360","Indonesia","2003","2003","23013","Consumer Prices, Food Indices (2015 = 100)","7008","August","6125","Value","","32.594734","X","Figure from external organization","base year is 2015"
"CP","Consumer Price Indices","360","Indonesia","2003","2003","23013","Consumer Prices, Food Indices (2015 = 100)","7009","September","6125","Value","","32.465606","X","Figure from external organization","base year is 2015"
"CP","Consumer Price Indices","360","Indonesia","2003","2003","23013","Consumer Prices, Food Indices (2015 = 100)","7010","October","6125","Value","","33.061578","X","Figure from external organization","base year is 2015"
"CP","Consumer Price Indices","360","Indonesia","2003","2003","23013","Consumer Prices, Food Indices (2015 = 100)","7011","November","6125","Value","","33.886007","X","Figure from external organization","base year is 2015"
"CP","Consumer Price Indices","360","Indonesia","2003","2003","23013","Consumer Prices, Food Indices (2015 = 100)","7012","December","6125","Value","","34.546547","X","Figure from external organization","base year is 2015"
"CP","Consumer Price Indices","360","Indonesia","2004","2004","23013","Consumer Prices, Food Indices (2015 = 100)","7001","January","6125","Value","","35.043191","X","Figure from external organization","base year is 2015"
"CP","Consumer Price Indices","360","Indonesia","2004","2004","23013","Consumer Prices, Food Indices (2015 = 100)","7002","February","6125","Value","","34.546547","X","Figure from external organization","base year is 2015"
"CP","Consumer Price Indices","360","Indonesia","2004","2004","23013","Consumer Prices, Food Indices (2015 = 100)","7003","March","6125","Value","","34.581308","X","Figure from external organization","base year is 2015"
"CP","Consumer Price Indices","360","Indonesia","2004","2004","23013","Consumer Prices, Food Indices (2015 = 100)","7004","April","6125","Value","","35.212049","X","Figure from external organization","base year is 2015"
"CP","Consumer Price Indices","360","Indonesia","2004","2004","23013","Consumer Prices, Food Indices (2015 = 100)","7005","May","6125","Value","","35.410706","X","Figure from external organization","base year is 2015"
"CP","Consumer Price Indices","360","Indonesia","2004","2004","23013","Consumer Prices, Food Indices (2015 = 100)","7006","June","6125","Value","","35.738491","X","Figure from external organization","base year is 2015"
"CP","Consumer Price Indices","360","Indonesia","2004","2004","23013","Consumer Prices, Food Indices (2015 = 100)","7007","July","6125","Value","","35.907349","X","Figure from external organization","base year is 2015"
"CP","Consumer Price Indices","360","Indonesia","2004","2004","23013","Consumer Prices, Food Indices (2015 = 100)","7008","August","6125","Value","","35.142519","X","Figure from external organization","base year is 2015"
"CP","Consumer Price Indices","360","Indonesia","2004","2004","23013","Consumer Prices, Food Indices (2015 = 100)","7009","September","6125","Value","","34.645876","X","Figure from external organization","base year is 2015"
"CP","Consumer Price Indices","360","Indonesia","2004","2004","23013","Consumer Prices, Food Indices (2015 = 100)","7010","October","6125","Value","","35.11272","X","Figure from external organization","base year is 2015"
"CP","Consumer Price Indices","360","Indonesia","2004","2004","23013","Consumer Prices, Food Indices (2015 = 100)","7011","November","6125","Value","","35.907349","X","Figure from external organization","base year is 2015"
"CP","Consumer Price Indices","360","Indonesia","2004","2004","23013","Consumer Prices, Food Indices (2015 = 100)","7012","December","6125","Value","","36.766539","X","Figure from external organization","base year is 2015"
"CP","Consumer Price Indices","360","Indonesia","2005","2005","23013","Consumer Prices, Food Indices (2015 = 100)","7001","January","6125","Value","","37.908823","X","Figure from external organization","base year is 2015"
"CP","Consumer Price Indices","360","Indonesia","2005","2005","23013","Consumer Prices, Food Indices (2015 = 100)","7002","February","6125","Value","","37.352581","X","Figure from external organization","base year is 2015"
"CP","Consumer Price Indices","360","Indonesia","2005","2005","23013","Consumer Prices, Food Indices (2015 = 100)","7003","March","6125","Value","","37.39728","X","Figure from external organization","base year is 2015"
"CP","Consumer Price Indices","360","Indonesia","2005","2005","23013","Consumer Prices, Food Indices (2015 = 100)","7004","April","6125","Value","","37.31782","X","Figure from external organization","base year is 2015"
"CP","Consumer Price Indices","360","Indonesia","2005","2005","23013","Consumer Prices, Food Indices (2015 = 100)","7005","May","6125","Value","","37.36748","X","Figure from external organization","base year is 2015"
"CP","Consumer Price Indices","360","Indonesia","2005","2005","23013","Consumer Prices, Food Indices (2015 = 100)","7006","June","6125","Value","","37.640636","X","Figure from external organization","base year is 2015"
"CP","Consumer Price Indices","360","Indonesia","2005","2005","23013","Consumer Prices, Food Indices (2015 = 100)","7007","July","6125","Value","","38.415397","X","Figure from external organization","base year is 2015"
"CP","Consumer Price Indices","360","Indonesia","2005","2005","23013","Consumer Prices, Food Indices (2015 = 100)","7008","August","6125","Value","","38.474996","X","Figure from external organization","base year is 2015"
"CP","Consumer Price Indices","360","Indonesia","2005","2005","23013","Consumer Prices, Food Indices (2015 = 100)","7009","September","6125","Value","","40.064255","X","Figure from external organization","base year is 2015"
"CP","Consumer Price Indices","360","Indonesia","2005","2005","23013","Consumer Prices, Food Indices (2015 = 100)","7010","October","6125","Value","","41.425057","X","Figure from external organization","base year is 2015"
"CP","Consumer Price Indices","360","Indonesia","2005","2005","23013","Consumer Prices, Food Indices (2015 = 100)","7011","November","6125","Value","","42.448143","X","Figure from external organization","base year is 2015"
"CP","Consumer Price Indices","360","Indonesia","2005","2005","23013","Consumer Prices, Food Indices (2015 = 100)","7012","December","6125","Value","","41.877009","X","Figure from external organization","base year is 2015"
"CP","Consumer Price Indices","360","Indonesia","2006","2006","23013","Consumer Prices, Food Indices (2015 = 100)","7001","January","6125","Value","","43.674856","X","Figure from external organization","base year is 2015"
"CP","Consumer Price Indices","360","Indonesia","2006","2006","23013","Consumer Prices, Food Indices (2015 = 100)","7002","February","6125","Value","","44.191369","X","Figure from external organization","base year is 2015"
"CP","Consumer Price Indices","360","Indonesia","2006","2006","23013","Consumer Prices, Food Indices (2015 = 100)","7003","March","6125","Value","","43.803984","X","Figure from external organization","base year is 2015"
"CP","Consumer Price Indices","360","Indonesia","2006","2006","23013","Consumer Prices, Food Indices (2015 = 100)","7004","April","6125","Value","","43.4315","X","Figure from external organization","base year is 2015"
"CP","Consumer Price Indices","360","Indonesia","2006","2006","23013","Consumer Prices, Food Indices (2015 = 100)","7005","May","6125","Value","","43.555659","X","Figure from external organization","base year is 2015"
"CP","Consumer Price Indices","360","Indonesia","2006","2006","23013","Consumer Prices, Food Indices (2015 = 100)","7006","June","6125","Value","","44.037402","X","Figure from external organization","base year is 2015"
"CP","Consumer Price Indices","360","Indonesia","2006","2006","23013","Consumer Prices, Food Indices (2015 = 100)","7007","July","6125","Value","","46.798745","X","Figure from external organization","base year is 2015"
"CP","Consumer Price Indices","360","Indonesia","2006","2006","23013","Consumer Prices, Food Indices (2015 = 100)","7008","August","6125","Value","","44.325458","X","Figure from external organization","base year is 2015"
"CP","Consumer Price Indices","360","Indonesia","2006","2006","23013","Consumer Prices, Food Indices (2015 = 100)","7009","September","6125","Value","","44.598614","X","Figure from external organization","base year is 2015"
"CP","Consumer Price Indices","360","Indonesia","2006","2006","23013","Consumer Prices, Food Indices (2015 = 100)","7010","October","6125","Value","","45.567071","X","Figure from external organization","base year is 2015"
"CP","Consumer Price Indices","360","Indonesia","2006","2006","23013","Consumer Prices, Food Indices (2015 = 100)","7011","November","6125","Value","","45.865057","X","Figure from external organization","base year is 2015"
"CP","Consumer Price Indices","360","Indonesia","2006","2006","23013","Consumer Prices, Food Indices (2015 = 100)","7012","December","6125","Value","","47.295388","X","Figure from external organization","base year is 2015"
"CP","Consumer Price Indices","360","Indonesia","2007","2007","23013","Consumer Prices, Food Indices (2015 = 100)","7001","January","6125","Value","","48.561831","X","Figure from external organization","base year is 2015"
"CP","Consumer Price Indices","360","Indonesia","2007","2007","23013","Consumer Prices, Food Indices (2015 = 100)","7002","February","6125","Value","","48.974045","X","Figure from external organization","base year is 2015"
"CP","Consumer Price Indices","360","Indonesia","2007","2007","23013","Consumer Prices, Food Indices (2015 = 100)","7003","March","6125","Value","","49.048544","X","Figure from external organization","base year is 2015"
"CP","Consumer Price Indices","360","Indonesia","2007","2007","23013","Consumer Prices, Food Indices (2015 = 100)","7004","April","6125","Value","","48.412842","X","Figure from external organization","base year is 2015"
"CP","Consumer Price Indices","360","Indonesia","2007","2007","23013","Consumer Prices, Food Indices (2015 = 100)","7005","May","6125","Value","","48.224115","X","Figure from external organization","base year is 2015"
"CP","Consumer Price Indices","360","Indonesia","2007","2007","23013","Consumer Prices, Food Indices (2015 = 100)","7006","June","6125","Value","","48.452572","X","Figure from external organization","base year is 2015"
"CP","Consumer Price Indices","360","Indonesia","2007","2007","23013","Consumer Prices, Food Indices (2015 = 100)","7007","July","6125","Value","","49.108143","X","Figure from external organization","base year is 2015"
"CP","Consumer Price Indices","360","Indonesia","2007","2007","23013","Consumer Prices, Food Indices (2015 = 100)","7008","August","6125","Value","","49.495519","X","Figure from external organization","base year is 2015"
"CP","Consumer Price Indices","360","Indonesia","2007","2007","23013","Consumer Prices, Food Indices (2015 = 100)","7009","September","6125","Value","","50.389485","X","Figure from external organization","base year is 2015"
"CP","Consumer Price Indices","360","Indonesia","2007","2007","23013","Consumer Prices, Food Indices (2015 = 100)","7010","October","6125","Value","","51.328135","X","Figure from external organization","base year is 2015"
"CP","Consumer Price Indices","360","Indonesia","2007","2007","23013","Consumer Prices, Food Indices (2015 = 100)","7011","November","6125","Value","","51.348004","X","Figure from external organization","base year is 2015"
"CP","Consumer Price Indices","360","Indonesia","2007","2007","23013","Consumer Prices, Food Indices (2015 = 100)","7012","December","6125","Value","","52.619415","X","Figure from external organization","base year is 2015"
"CP","Consumer Price Indices","360","Indonesia","2008","2008","23013","Consumer Prices, Food Indices (2015 = 100)","7001","January","6125","Value","","54.074585","X","Figure from external organization","base year is 2015"
"CP","Consumer Price Indices","360","Indonesia","2008","2008","23013","Consumer Prices, Food Indices (2015 = 100)","7002","February","6125","Value","","54.938736","X","Figure from external organization","base year is 2015"
"CP","Consumer Price Indices","360","Indonesia","2008","2008","23013","Consumer Prices, Food Indices (2015 = 100)","7003","March","6125","Value","","55.728404","X","Figure from external organization","base year is 2015"
"CP","Consumer Price Indices","360","Indonesia","2008","2008","23013","Consumer Prices, Food Indices (2015 = 100)","7004","April","6125","Value","","56.031352","X","Figure from external organization","base year is 2015"
"CP","Consumer Price Indices","360","Indonesia","2008","2008","23013","Consumer Prices, Food Indices (2015 = 100)","7005","May","6125","Value","","56.994839","X","Figure from external organization","base year is 2015"
"CP","Consumer Price Indices","360","Indonesia","2008","2008","23013","Consumer Prices, Food Indices (2015 = 100)","7006","June","6125","Value","","57.829206","X","Figure from external organization","base year is 2015"
"CP","Consumer Price Indices","360","Indonesia","2008","2008","23013","Consumer Prices, Food Indices (2015 = 100)","7007","July","6125","Value","","58.896992","X","Figure from external organization","base year is 2015"
"CP","Consumer Price Indices","360","Indonesia","2008","2008","23013","Consumer Prices, Food Indices (2015 = 100)","7008","August","6125","Value","","59.448265","X","Figure from external organization","base year is 2015"
"CP","Consumer Price Indices","360","Indonesia","2008","2008","23013","Consumer Prices, Food Indices (2015 = 100)","7009","September","6125","Value","","60.575649","X","Figure from external organization","base year is 2015"
"CP","Consumer Price Indices","360","Indonesia","2008","2008","23013","Consumer Prices, Food Indices (2015 = 100)","7010","October","6125","Value","","61.002755","X","Figure from external organization","base year is 2015"
"CP","Consumer Price Indices","360","Indonesia","2008","2008","23013","Consumer Prices, Food Indices (2015 = 100)","7011","November","6125","Value","","60.59551","X","Figure from external organization","base year is 2015"
"CP","Consumer Price Indices","360","Indonesia","2008","2008","23013","Consumer Prices, Food Indices (2015 = 100)","7012","December","6125","Value","","60.938195","X","Figure from external organization","base year is 2015"
"CP","Consumer Price Indices","360","Indonesia","2009","2009","23013","Consumer Prices, Food Indices (2015 = 100)","7001","January","6125","Value","","61.40007","X","Figure from external organization","base year is 2015"
"CP","Consumer Price Indices","360","Indonesia","2009","2009","23013","Consumer Prices, Food Indices (2015 = 100)","7002","February","6125","Value","","61.98115","X","Figure from external organization","base year is 2015"
"CP","Consumer Price Indices","360","Indonesia","2009","2009","23013","Consumer Prices, Food Indices (2015 = 100)","7003","March","6125","Value","","61.817262","X","Figure from external organization","base year is 2015"
"CP","Consumer Price Indices","360","Indonesia","2009","2009","23013","Consumer Prices, Food Indices (2015 = 100)","7004","April","6125","Value","","60.992825","X","Figure from external organization","base year is 2015"
"CP","Consumer Price Indices","360","Indonesia","2009","2009","23013","Consumer Prices, Food Indices (2015 = 100)","7005","May","6125","Value","","60.838867","X","Figure from external organization","base year is 2015"
"CP","Consumer Price Indices","360","Indonesia","2009","2009","23013","Consumer Prices, Food Indices (2015 = 100)","7006","June","6125","Value","","60.729607","X","Figure from external organization","base year is 2015"
"CP","Consumer Price Indices","360","Indonesia","2009","2009","23013","Consumer Prices, Food Indices (2015 = 100)","7007","July","6125","Value","","61.424908","X","Figure from external organization","base year is 2015"
"CP","Consumer Price Indices","360","Indonesia","2009","2009","23013","Consumer Prices, Food Indices (2015 = 100)","7008","August","6125","Value","","62.219538","X","Figure from external organization","base year is 2015"
"CP","Consumer Price Indices","360","Indonesia","2009","2009","23013","Consumer Prices, Food Indices (2015 = 100)","7009","September","6125","Value","","63.729337","X","Figure from external organization","base year is 2015"
"CP","Consumer Price Indices","360","Indonesia","2009","2009","23013","Consumer Prices, Food Indices (2015 = 100)","7010","October","6125","Value","","63.908126","X","Figure from external organization","base year is 2015"
"CP","Consumer Price Indices","360","Indonesia","2009","2009","23013","Consumer Prices, Food Indices (2015 = 100)","7011","November","6125","Value","","63.381683","X","Figure from external organization","base year is 2015"
"CP","Consumer Price Indices","360","Indonesia","2009","2009","23013","Consumer Prices, Food Indices (2015 = 100)","7012","December","6125","Value","","63.302215","X","Figure from external organization","base year is 2015"
"CP","Consumer Price Indices","360","Indonesia","2010","2010","23013","Consumer Prices, Food Indices (2015 = 100)","7001","January","6125","Value","","64.394838","X","Figure from external organization","base year is 2015"
"CP","Consumer Price Indices","360","Indonesia","2010","2010","23013","Consumer Prices, Food Indices (2015 = 100)","7002","February","6125","Value","","64.951073","X","Figure from external organization","base year is 2015"
"CP","Consumer Price Indices","360","Indonesia","2010","2010","23013","Consumer Prices, Food Indices (2015 = 100)","7003","March","6125","Value","","64.36007","X","Figure from external organization","base year is 2015"
"CP","Consumer Price Indices","360","Indonesia","2010","2010","23013","Consumer Prices, Food Indices (2015 = 100)","7004","April","6125","Value","","64.573627","X","Figure from external organization","base year is 2015"
"CP","Consumer Price Indices","360","Indonesia","2010","2010","23013","Consumer Prices, Food Indices (2015 = 100)","7005","May","6125","Value","","64.891474","X","Figure from external organization","base year is 2015"
"CP","Consumer Price Indices","360","Indonesia","2010","2010","23013","Consumer Prices, Food Indices (2015 = 100)","7006","June","6125","Value","","66.967454","X","Figure from external organization","base year is 2015"
"CP","Consumer Price Indices","360","Indonesia","2010","2010","23013","Consumer Prices, Food Indices (2015 = 100)","7007","July","6125","Value","","70.111204","X","Figure from external organization","base year is 2015"
"CP","Consumer Price Indices","360","Indonesia","2010","2010","23013","Consumer Prices, Food Indices (2015 = 100)","7008","August","6125","Value","","70.438989","X","Figure from external organization","base year is 2015"
"CP","Consumer Price Indices","360","Indonesia","2010","2010","23013","Consumer Prices, Food Indices (2015 = 100)","7009","September","6125","Value","","70.751875","X","Figure from external organization","base year is 2015"
"CP","Consumer Price Indices","360","Indonesia","2010","2010","23013","Consumer Prices, Food Indices (2015 = 100)","7010","October","6125","Value","","70.150941","X","Figure from external organization","base year is 2015"
"CP","Consumer Price Indices","360","Indonesia","2010","2010","23013","Consumer Prices, Food Indices (2015 = 100)","7011","November","6125","Value","","71.198858","X","Figure from external organization","base year is 2015"
"CP","Consumer Price Indices","360","Indonesia","2010","2010","23013","Consumer Prices, Food Indices (2015 = 100)","7012","December","6125","Value","","73.200331","X","Figure from external organization","base year is 2015"
"CP","Consumer Price Indices","360","Indonesia","2011","2011","23013","Consumer Prices, Food Indices (2015 = 100)","7001","January","6125","Value","","74.814428","X","Figure from external organization","base year is 2015"
"CP","Consumer Price Indices","360","Indonesia","2011","2011","23013","Consumer Prices, Food Indices (2015 = 100)","7002","February","6125","Value","","74.566103","X","Figure from external organization","base year is 2015"
"CP","Consumer Price Indices","360","Indonesia","2011","2011","23013","Consumer Prices, Food Indices (2015 = 100)","7003","March","6125","Value","","73.115902","X","Figure from external organization","base year is 2015"
"CP","Consumer Price Indices","360","Indonesia","2011","2011","23013","Consumer Prices, Food Indices (2015 = 100)","7004","April","6125","Value","","71.725301","X","Figure from external organization","base year is 2015"
"CP","Consumer Price Indices","360","Indonesia","2011","2011","23013","Consumer Prices, Food Indices (2015 = 100)","7005","May","6125","Value","","71.521674","X","Figure from external organization","base year is 2015"
"CP","Consumer Price Indices","360","Indonesia","2011","2011","23013","Consumer Prices, Food Indices (2015 = 100)","7006","June","6125","Value","","72.430532","X","Figure from external organization","base year is 2015"
"CP","Consumer Price Indices","360","Indonesia","2011","2011","23013","Consumer Prices, Food Indices (2015 = 100)","7007","July","6125","Value","","73.761543","X","Figure from external organization","base year is 2015"
"CP","Consumer Price Indices","360","Indonesia","2011","2011","23013","Consumer Prices, Food Indices (2015 = 100)","7008","August","6125","Value","","74.551203","X","Figure from external organization","base year is 2015"
"CP","Consumer Price Indices","360","Indonesia","2011","2011","23013","Consumer Prices, Food Indices (2015 = 100)","7009","September","6125","Value","","74.481674","X","Figure from external organization","base year is 2015"
"CP","Consumer Price Indices","360","Indonesia","2011","2011","23013","Consumer Prices, Food Indices (2015 = 100)","7010","October","6125","Value","","74.223418","X","Figure from external organization","base year is 2015"
"CP","Consumer Price Indices","360","Indonesia","2011","2011","23013","Consumer Prices, Food Indices (2015 = 100)","7011","November","6125","Value","","74.660462","X","Figure from external organization","base year is 2015"
"CP","Consumer Price Indices","360","Indonesia","2011","2011","23013","Consumer Prices, Food Indices (2015 = 100)","7012","December","6125","Value","","75.867314","X","Figure from external organization","base year is 2015"
"CP","Consumer Price Indices","360","Indonesia","2012","2012","23013","Consumer Prices, Food Indices (2015 = 100)","7001","January","6125","Value","","77.272815","X","Figure from external organization","base year is 2015"
"CP","Consumer Price Indices","360","Indonesia","2012","2012","23013","Consumer Prices, Food Indices (2015 = 100)","7002","February","6125","Value","","76.706643","X","Figure from external organization","base year is 2015"
"CP","Consumer Price Indices","360","Indonesia","2012","2012","23013","Consumer Prices, Food Indices (2015 = 100)","7003","March","6125","Value","","76.453348","X","Figure from external organization","base year is 2015"
"CP","Consumer Price Indices","360","Indonesia","2012","2012","23013","Consumer Prices, Food Indices (2015 = 100)","7004","April","6125","Value","","76.547707","X","Figure from external organization","base year is 2015"
"CP","Consumer Price Indices","360","Indonesia","2012","2012","23013","Consumer Prices, Food Indices (2015 = 100)","7005","May","6125","Value","","76.433487","X","Figure from external organization","base year is 2015"
"CP","Consumer Price Indices","360","Indonesia","2012","2012","23013","Consumer Prices, Food Indices (2015 = 100)","7006","June","6125","Value","","77.635362","X","Figure from external organization","base year is 2015"
"CP","Consumer Price Indices","360","Indonesia","2012","2012","23013","Consumer Prices, Food Indices (2015 = 100)","7007","July","6125","Value","","78.936581","X","Figure from external organization","base year is 2015"
"CP","Consumer Price Indices","360","Indonesia","2012","2012","23013","Consumer Prices, Food Indices (2015 = 100)","7008","August","6125","Value","","80.103711","X","Figure from external organization","base year is 2015"
"CP","Consumer Price Indices","360","Indonesia","2012","2012","23013","Consumer Prices, Food Indices (2015 = 100)","7009","September","6125","Value","","79.363648","X","Figure from external organization","base year is 2015"
"CP","Consumer Price Indices","360","Indonesia","2012","2012","23013","Consumer Prices, Food Indices (2015 = 100)","7010","October","6125","Value","","79.025963","X","Figure from external organization","base year is 2015"
"CP","Consumer Price Indices","360","Indonesia","2012","2012","23013","Consumer Prices, Food Indices (2015 = 100)","7011","November","6125","Value","","78.921658","X","Figure from external organization","base year is 2015"
"CP","Consumer Price Indices","360","Indonesia","2012","2012","23013","Consumer Prices, Food Indices (2015 = 100)","7012","December","6125","Value","","80.17817","X","Figure from external organization","base year is 2015"
"CP","Consumer Price Indices","360","Indonesia","2013","2013","23013","Consumer Prices, Food Indices (2015 = 100)","7001","January","6125","Value","","82.608531","X","Figure from external organization","base year is 2015"
"CP","Consumer Price Indices","360","Indonesia","2013","2013","23013","Consumer Prices, Food Indices (2015 = 100)","7002","February","6125","Value","","84.264921","X","Figure from external organization","base year is 2015"
"CP","Consumer Price Indices","360","Indonesia","2013","2013","23013","Consumer Prices, Food Indices (2015 = 100)","7003","March","6125","Value","","85.679103","X","Figure from external organization","base year is 2015"
"CP","Consumer Price Indices","360","Indonesia","2013","2013","23013","Consumer Prices, Food Indices (2015 = 100)","7004","April","6125","Value","","85.210313","X","Figure from external organization","base year is 2015"
"CP","Consumer Price Indices","360","Indonesia","2013","2013","23013","Consumer Prices, Food Indices (2015 = 100)","7005","May","6125","Value","","84.710271","X","Figure from external organization","base year is 2015"
"CP","Consumer Price Indices","360","Indonesia","2013","2013","23013","Consumer Prices, Food Indices (2015 = 100)","7006","June","6125","Value","","85.81974","X","Figure from external organization","base year is 2015"
"CP","Consumer Price Indices","360","Indonesia","2013","2013","23013","Consumer Prices, Food Indices (2015 = 100)","7007","July","6125","Value","","90.601393","X","Figure from external organization","base year is 2015"
"CP","Consumer Price Indices","360","Indonesia","2013","2013","23013","Consumer Prices, Food Indices (2015 = 100)","7008","August","6125","Value","","92.211841","X","Figure from external organization","base year is 2015"
"CP","Consumer Price Indices","360","Indonesia","2013","2013","23013","Consumer Prices, Food Indices (2015 = 100)","7009","September","6125","Value","","89.585682","X","Figure from external organization","base year is 2015"
"CP","Consumer Price Indices","360","Indonesia","2013","2013","23013","Consumer Prices, Food Indices (2015 = 100)","7010","October","6125","Value","","89.296595","X","Figure from external organization","base year is 2015"
"CP","Consumer Price Indices","360","Indonesia","2013","2013","23013","Consumer Prices, Food Indices (2015 = 100)","7011","November","6125","Value","","88.866872","X","Figure from external organization","base year is 2015"
"CP","Consumer Price Indices","360","Indonesia","2013","2013","23013","Consumer Prices, Food Indices (2015 = 100)","7012","December","6125","Value","","89.570056","X","Figure from external organization","base year is 2015"
"CP","Consumer Price Indices","360","Indonesia","2014","2014","23013","Consumer Prices, Food Indices (2015 = 100)","7001","January","6125","Value","","92.046827","X","Figure from external organization","base year is 2015"
"CP","Consumer Price Indices","360","Indonesia","2014","2014","23013","Consumer Prices, Food Indices (2015 = 100)","7002","February","6125","Value","","92.37498","X","Figure from external organization","base year is 2015"
"CP","Consumer Price Indices","360","Indonesia","2014","2014","23013","Consumer Prices, Food Indices (2015 = 100)","7003","March","6125","Value","","91.968696","X","Figure from external organization","base year is 2015"
"CP","Consumer Price Indices","360","Indonesia","2014","2014","23013","Consumer Prices, Food Indices (2015 = 100)","7004","April","6125","Value","","90.968611","X","Figure from external organization","base year is 2015"
"CP","Consumer Price Indices","360","Indonesia","2014","2014","23013","Consumer Prices, Food Indices (2015 = 100)","7005","May","6125","Value","","90.835788","X","Figure from external organization","base year is 2015"
"CP","Consumer Price Indices","360","Indonesia","2014","2014","23013","Consumer Prices, Food Indices (2015 = 100)","7006","June","6125","Value","","91.734301","X","Figure from external organization","base year is 2015"
"CP","Consumer Price Indices","360","Indonesia","2014","2014","23013","Consumer Prices, Food Indices (2015 = 100)","7007","July","6125","Value","","93.515701","X","Figure from external organization","base year is 2015"
"CP","Consumer Price Indices","360","Indonesia","2014","2014","23013","Consumer Prices, Food Indices (2015 = 100)","7008","August","6125","Value","","93.851667","X","Figure from external organization","base year is 2015"
"CP","Consumer Price Indices","360","Indonesia","2014","2014","23013","Consumer Prices, Food Indices (2015 = 100)","7009","September","6125","Value","","93.695404","X","Figure from external organization","base year is 2015"
"CP","Consumer Price Indices","360","Indonesia","2014","2014","23013","Consumer Prices, Food Indices (2015 = 100)","7010","October","6125","Value","","93.929799","X","Figure from external organization","base year is 2015"
"CP","Consumer Price Indices","360","Indonesia","2014","2014","23013","Consumer Prices, Food Indices (2015 = 100)","7011","November","6125","Value","","95.945594","X","Figure from external organization","base year is 2015"
"CP","Consumer Price Indices","360","Indonesia","2014","2014","23013","Consumer Prices, Food Indices (2015 = 100)","7012","December","6125","Value","","99.039605","X","Figure from external organization","base year is 2015"
"CP","Consumer Price Indices","360","Indonesia","2015","2015","23013","Consumer Prices, Food Indices (2015 = 100)","7001","January","6125","Value","","99.617779","X","Figure from external organization","base year is 2015"
"CP","Consumer Price Indices","360","Indonesia","2015","2015","23013","Consumer Prices, Food Indices (2015 = 100)","7002","February","6125","Value","","98.21141","X","Figure from external organization","base year is 2015"
"CP","Consumer Price Indices","360","Indonesia","2015","2015","23013","Consumer Prices, Food Indices (2015 = 100)","7003","March","6125","Value","","97.430094","X","Figure from external organization","base year is 2015"
"CP","Consumer Price Indices","360","Indonesia","2015","2015","23013","Consumer Prices, Food Indices (2015 = 100)","7004","April","6125","Value","","96.72691","X","Figure from external organization","base year is 2015"
"CP","Consumer Price Indices","360","Indonesia","2015","2015","23013","Consumer Prices, Food Indices (2015 = 100)","7005","May","6125","Value","","98.055147","X","Figure from external organization","base year is 2015"
"CP","Consumer Price Indices","360","Indonesia","2015","2015","23013","Consumer Prices, Food Indices (2015 = 100)","7006","June","6125","Value","","99.617779","X","Figure from external organization","base year is 2015"
"CP","Consumer Price Indices","360","Indonesia","2015","2015","23013","Consumer Prices, Food Indices (2015 = 100)","7007","July","6125","Value","","101.6492","X","Figure from external organization","base year is 2015"
"CP","Consumer Price Indices","360","Indonesia","2015","2015","23013","Consumer Prices, Food Indices (2015 = 100)","7008","August","6125","Value","","102.508647","X","Figure from external organization","base year is 2015"
"CP","Consumer Price Indices","360","Indonesia","2015","2015","23013","Consumer Prices, Food Indices (2015 = 100)","7009","September","6125","Value","","101.414805","X","Figure from external organization","base year is 2015"
"CP","Consumer Price Indices","360","Indonesia","2015","2015","23013","Consumer Prices, Food Indices (2015 = 100)","7010","October","6125","Value","","100.399094","X","Figure from external organization","base year is 2015"
"CP","Consumer Price Indices","360","Indonesia","2015","2015","23013","Consumer Prices, Food Indices (2015 = 100)","7011","November","6125","Value","","100.711621","X","Figure from external organization","base year is 2015"
"CP","Consumer Price Indices","360","Indonesia","2015","2015","23013","Consumer Prices, Food Indices (2015 = 100)","7012","December","6125","Value","","103.915016","X","Figure from external organization","base year is 2015"
"CP","Consumer Price Indices","360","Indonesia","2016","2016","23013","Consumer Prices, Food Indices (2015 = 100)","7001","January","6125","Value","","106.180832","X","Figure from external organization","base year is 2015"
"CP","Consumer Price Indices","360","Indonesia","2016","2016","23013","Consumer Prices, Food Indices (2015 = 100)","7002","February","6125","Value","","105.55578","X","Figure from external organization","base year is 2015"
"CP","Consumer Price Indices","360","Indonesia","2016","2016","23013","Consumer Prices, Food Indices (2015 = 100)","7003","March","6125","Value","","106.337095","X","Figure from external organization","base year is 2015"
"CP","Consumer Price Indices","360","Indonesia","2016","2016","23013","Consumer Prices, Food Indices (2015 = 100)","7004","April","6125","Value","","105.321385","X","Figure from external organization","base year is 2015"
"CP","Consumer Price Indices","360","Indonesia","2016","2016","23013","Consumer Prices, Food Indices (2015 = 100)","7005","May","6125","Value","","105.633911","X","Figure from external organization","base year is 2015"
"CP","Consumer Price Indices","360","Indonesia","2016","2016","23013","Consumer Prices, Food Indices (2015 = 100)","7006","June","6125","Value","","107.352806","X","Figure from external organization","base year is 2015"
"CP","Consumer Price Indices","360","Indonesia","2016","2016","23013","Consumer Prices, Food Indices (2015 = 100)","7007","July","6125","Value","","108.52478","X","Figure from external organization","base year is 2015"
"CP","Consumer Price Indices","360","Indonesia","2016","2016","23013","Consumer Prices, Food Indices (2015 = 100)","7008","August","6125","Value","","107.821596","X","Figure from external organization","base year is 2015"
"CP","Consumer Price Indices","360","Indonesia","2016","2016","23013","Consumer Prices, Food Indices (2015 = 100)","7009","September","6125","Value","","107.743464","X","Figure from external organization","base year is 2015"
"CP","Consumer Price Indices","360","Indonesia","2016","2016","23013","Consumer Prices, Food Indices (2015 = 100)","7010","October","6125","Value","","107.509069","X","Figure from external organization","base year is 2015"
"CP","Consumer Price Indices","360","Indonesia","2016","2016","23013","Consumer Prices, Food Indices (2015 = 100)","7011","November","6125","Value","","109.306096","X","Figure from external organization","base year is 2015"
"CP","Consumer Price Indices","360","Indonesia","2016","2016","23013","Consumer Prices, Food Indices (2015 = 100)","7012","December","6125","Value","","109.853017","X","Figure from external organization","base year is 2015"
"CP","Consumer Price Indices","360","Indonesia","2017","2017","23013","Consumer Prices, Food Indices (2015 = 100)","7001","January","6125","Value","","110.556201","X","Figure from external organization","base year is 2015"
"CP","Consumer Price Indices","360","Indonesia","2017","2017","23013","Consumer Prices, Food Indices (2015 = 100)","7002","February","6125","Value","","110.243675","X","Figure from external organization","base year is 2015"
"CP","Consumer Price Indices","360","Indonesia","2017","2017","23013","Consumer Prices, Food Indices (2015 = 100)","7003","March","6125","Value","","109.462359","X","Figure from external organization","base year is 2015"
"CP","Consumer Price Indices","360","Indonesia","2017","2017","23013","Consumer Prices, Food Indices (2015 = 100)","7004","April","6125","Value","","108.290385","X","Figure from external organization","base year is 2015"
"CP","Consumer Price Indices","360","Indonesia","2017","2017","23013","Consumer Prices, Food Indices (2015 = 100)","7005","May","6125","Value","","109.227964","X","Figure from external organization","base year is 2015"
"CP","Consumer Price Indices","360","Indonesia","2017","2017","23013","Consumer Prices, Food Indices (2015 = 100)","7006","June","6125","Value","","109.931149","X","Figure from external organization","base year is 2015"
"CP","Consumer Price Indices","360","Indonesia","2017","2017","23013","Consumer Prices, Food Indices (2015 = 100)","7007","July","6125","Value","","110.165543","X","Figure from external organization","base year is 2015"
"CP","Consumer Price Indices","360","Indonesia","2017","2017","23013","Consumer Prices, Food Indices (2015 = 100)","7008","August","6125","Value","","109.462359","X","Figure from external organization","base year is 2015"
"CP","Consumer Price Indices","360","Indonesia","2017","2017","23013","Consumer Prices, Food Indices (2015 = 100)","7009","September","6125","Value","","108.837306","X","Figure from external organization","base year is 2015"
"CP","Consumer Price Indices","360","Indonesia","2017","2017","23013","Consumer Prices, Food Indices (2015 = 100)","7010","October","6125","Value","","108.368517","X","Figure from external organization","base year is 2015"
"CP","Consumer Price Indices","360","Indonesia","2017","2017","23013","Consumer Prices, Food Indices (2015 = 100)","7011","November","6125","Value","","108.759175","X","Figure from external organization","base year is 2015"
"CP","Consumer Price Indices","360","Indonesia","2017","2017","23013","Consumer Prices, Food Indices (2015 = 100)","7012","December","6125","Value","","108.368517","X","Figure from external organization","base year is 2015"
"CP","Consumer Price Indices","360","Indonesia","2018","2018","23013","Consumer Prices, Food Indices (2015 = 100)","7001","January","6125","Value","","108.837306","X","Figure from external organization","base year is 2015"
"CP","Consumer Price Indices","360","Indonesia","2018","2018","23013","Consumer Prices, Food Indices (2015 = 100)","7002","February","6125","Value","","113.993991","X","Figure from external organization","base year is 2015"
"CP","Consumer Price Indices","360","Indonesia","2018","2018","23013","Consumer Prices, Food Indices (2015 = 100)","7003","March","6125","Value","","114.150255","X","Figure from external organization","base year is 2015"
"CP","Consumer Price Indices","360","Indonesia","2018","2018","23013","Consumer Prices, Food Indices (2015 = 100)","7004","April","6125","Value","","113.837728","X","Figure from external organization","base year is 2015"
"CP","Consumer Price Indices","360","Indonesia","2018","2018","23013","Consumer Prices, Food Indices (2015 = 100)","7005","May","6125","Value","","114.072123","X","Figure from external organization","base year is 2015"
"CP","Consumer Price Indices","360","Indonesia","2018","2018","23013","Consumer Prices, Food Indices (2015 = 100)","7006","June","6125","Value","","115.087834","X","Figure from external organization","base year is 2015"
"CP","Consumer Price Indices","360","Indonesia","2018","2018","23013","Consumer Prices, Food Indices (2015 = 100)","7007","July","6125","Value","","116.103544","X","Figure from external organization","base year is 2015"
"CP","Consumer Price Indices","360","Indonesia","2018","2018","23013","Consumer Prices, Food Indices (2015 = 100)","7008","August","6125","Value","","114.775307","X","Figure from external organization","base year is 2015"
"CP","Consumer Price Indices","360","Indonesia","2018","2018","23013","Consumer Prices, Food Indices (2015 = 100)","7009","September","6125","Value","","112.900149","X","Figure from external organization","base year is 2015"
"CP","Consumer Price Indices","360","Indonesia","2018","2018","23013","Consumer Prices, Food Indices (2015 = 100)","7010","October","6125","Value","","113.134544","X","Figure from external organization","base year is 2015"
"CP","Consumer Price Indices","360","Indonesia","2018","2018","23013","Consumer Prices, Food Indices (2015 = 100)","7011","November","6125","Value","","113.368939","X","Figure from external organization","base year is 2015"
"CP","Consumer Price Indices","360","Indonesia","2018","2018","23013","Consumer Prices, Food Indices (2015 = 100)","7012","December","6125","Value","","115.009702","X","Figure from external organization","base year is 2015"
"CP","Consumer Price Indices","360","Indonesia","2019","2019","23013","Consumer Prices, Food Indices (2015 = 100)","7001","January","6125","Value","","116.103544","X","Figure from external organization","base year is 2015"
"CP","Consumer Price Indices","360","Indonesia","2019","2019","23013","Consumer Prices, Food Indices (2015 = 100)","7002","February","6125","Value","","114.775307","X","Figure from external organization","base year is 2015"
"CP","Consumer Price Indices","360","Indonesia","2019","2019","23013","Consumer Prices, Food Indices (2015 = 100)","7003","March","6125","Value","","113.525202","X","Figure from external organization","base year is 2015"
"CP","Consumer Price Indices","360","Indonesia","2019","2019","23013","Consumer Prices, Food Indices (2015 = 100)","7004","April","6125","Value","","113.759597","X","Figure from external organization","base year is 2015"
"CP","Consumer Price Indices","360","Indonesia","2019","2019","23013","Consumer Prices, Food Indices (2015 = 100)","7005","May","6125","Value","","114.384649","X","Figure from external organization","base year is 2015"
"CP","Consumer Price Indices","360","Indonesia","2019","2019","23013","Consumer Prices, Food Indices (2015 = 100)","7006","June","6125","Value","","115.087834","X","Figure from external organization","base year is 2015"
"CP","Consumer Price Indices","360","Indonesia","2019","2019","23013","Consumer Prices, Food Indices (2015 = 100)","7007","July","6125","Value","","115.322228","X","Figure from external organization","base year is 2015"
"CP","Consumer Price Indices","360","Indonesia","2019","2019","23013","Consumer Prices, Food Indices (2015 = 100)","7008","August","6125","Value","","115.634755","X","Figure from external organization","base year is 2015"
"CP","Consumer Price Indices","360","Indonesia","2019","2019","23013","Consumer Prices, Food Indices (2015 = 100)","7009","September","6125","Value","","115.947281","X","Figure from external organization","base year is 2015"
"CP","Consumer Price Indices","360","Indonesia","2019","2019","23013","Consumer Prices, Food Indices (2015 = 100)","7010","October","6125","Value","","116.494202","X","Figure from external organization","base year is 2015"
"CP","Consumer Price Indices","360","Indonesia","2019","2019","23013","Consumer Prices, Food Indices (2015 = 100)","7011","November","6125","Value","","116.806729","X","Figure from external organization","base year is 2015"
"CP","Consumer Price Indices","360","Indonesia","2019","2019","23013","Consumer Prices, Food Indices (2015 = 100)","7012","December","6125","Value","","117.119255","X","Figure from external organization","base year is 2015"
"CP","Consumer Price Indices","360","Indonesia","2020","2020","23013","Consumer Prices, Food Indices (2015 = 100)","7001","January","6125","Value","","120.471124","X","Figure from external organization","base year is 2015"
"CP","Consumer Price Indices","360","Indonesia","2020","2020","23013","Consumer Prices, Food Indices (2015 = 100)","7002","February","6125","Value","","121.608717","X","Figure from external organization","base year is 2015"
"CP","Consumer Price Indices","360","Indonesia","2020","2020","23013","Consumer Prices, Food Indices (2015 = 100)","7003","March","6125","Value","","120.016087","X","Figure from external organization","base year is 2015"
"CP","Consumer Price Indices","360","Indonesia","2020","2020","23013","Consumer Prices, Food Indices (2015 = 100)","7004","April","6125","Value","","121.836236","X","Figure from external organization","base year is 2015"
"CP","Consumer Price Indices","360","Indonesia","2020","2020","23013","Consumer Prices, Food Indices (2015 = 100)","7005","May","6125","Value","","121.494958","X","Figure from external organization","base year is 2015"
"CP","Consumer Price Indices","360","Indonesia","2020","2020","23013","Consumer Prices, Food Indices (2015 = 100)","7006","June","6125","Value","","122.063755","X","Figure from external organization","base year is 2015"
"CP","Consumer Price Indices","360","Indonesia","2020","2020","23013","Consumer Prices, Food Indices (2015 = 100)","7007","July","6125","Value","","121.15368","X","Figure from external organization","base year is 2015"
"CP","Consumer Price Indices","360","Indonesia","2020","2020","23013","Consumer Prices, Food Indices (2015 = 100)","7008","August","6125","Value","","120.129846","X","Figure from external organization","base year is 2015"
"CP","Consumer Price Indices","360","Indonesia","2020","2020","23013","Consumer Prices, Food Indices (2015 = 100)","7009","September","6125","Value","","119.674809","X","Figure from external organization","base year is 2015"
"CP","Consumer Price Indices","360","Indonesia","2020","2020","23013","Consumer Prices, Food Indices (2015 = 100)","7010","October","6125","Value","","120.016087","X","Figure from external organization","base year is 2015"
"CP","Consumer Price Indices","360","Indonesia","2020","2020","23013","Consumer Prices, Food Indices (2015 = 100)","7011","November","6125","Value","","121.039921","X","Figure from external organization","base year is 2015"
"CP","Consumer Price Indices","360","Indonesia","2020","2020","23013","Consumer Prices, Food Indices (2015 = 100)","7012","December","6125","Value","","122.86007","X","Figure from external organization","base year is 2015"
"CP","Consumer Price Indices","360","Indonesia","2021","2021","23013","Consumer Prices, Food Indices (2015 = 100)","7001","January","6125","Value","","123.883904","X","Figure from external organization","base year is 2015"
"CP","Consumer Price Indices","360","Indonesia","2021","2021","23013","Consumer Prices, Food Indices (2015 = 100)","7002","February","6125","Value","","123.997663","X","Figure from external organization","base year is 2015"
"CP","Consumer Price Indices","360","Indonesia","2021","2021","23013","Consumer Prices, Food Indices (2015 = 100)","7003","March","6125","Value","","124.452701","X","Figure from external organization","base year is 2015"
"CP","Consumer Price Indices","360","Indonesia","2021","2021","23013","Consumer Prices, Food Indices (2015 = 100)","7004","April","6125","Value","","124.680219","X","Figure from external organization","base year is 2015"
"CP","Consumer Price Indices","360","Indonesia","2021","2021","23013","Consumer Prices, Food Indices (2015 = 100)","7005","May","6125","Value","","125.135256","X","Figure from external organization","base year is 2015"
"CP","Consumer Price Indices","360","Indonesia","2021","2021","23013","Consumer Prices, Food Indices (2015 = 100)","7006","June","6125","Value","","124.338941","X","Figure from external organization","base year is 2015"
"CP","Consumer Price Indices","360","Indonesia","2021","2021","23013","Consumer Prices, Food Indices (2015 = 100)","7007","July","6125","Value","","124.452701","X","Figure from external organization","base year is 2015"
"CP","Consumer Price Indices","360","Indonesia","2021","2021","23013","Consumer Prices, Food Indices (2015 = 100)","7008","August","6125","Value","","124.111423","X","Figure from external organization","base year is 2015"
"CP","Consumer Price Indices","360","Indonesia","2021","2021","23013","Consumer Prices, Food Indices (2015 = 100)","7009","September","6125","Value","","123.542626","X","Figure from external organization","base year is 2015"
"CP","Consumer Price Indices","360","Indonesia","2021","2021","23013","Consumer Prices, Food Indices (2015 = 100)","7010","October","6125","Value","","123.656385","X","Figure from external organization","base year is 2015"
"CP","Consumer Price Indices","360","Indonesia","2021","2021","23013","Consumer Prices, Food Indices (2015 = 100)","7011","November","6125","Value","","124.680219","X","Figure from external organization","base year is 2015"
"CP","Consumer Price Indices","360","Indonesia","2021","2021","23013","Consumer Prices, Food Indices (2015 = 100)","7012","December","6125","Value","","126.614128","X","Figure from external organization","base year is 2015"
"CP","Consumer Price Indices","360","Indonesia","2022","2022","23013","Consumer Prices, Food Indices (2015 = 100)","7001","January","6125","Value","","128.092999","X","Figure from external organization","base year is 2015"
"CP","Consumer Price Indices","360","Indonesia","2022","2022","23013","Consumer Prices, Food Indices (2015 = 100)","7002","February","6125","Value","","127.069165","X","Figure from external organization","base year is 2015"
"CP","Consumer Price Indices","360","Indonesia","2022","2022","23013","Consumer Prices, Food Indices (2015 = 100)","7003","March","6125","Value","","128.889314","X","Figure from external organization","base year is 2015"
"CP","Consumer Price Indices","360","Indonesia","2022","2022","23013","Consumer Prices, Food Indices (2015 = 100)","7004","April","6125","Value","","131.164501","X","Figure from external organization","base year is 2015"
"CP","Consumer Price Indices","360","Indonesia","2022","2022","23013","Consumer Prices, Food Indices (2015 = 100)","7005","May","6125","Value","","132.188335","X","Figure from external organization","base year is 2015"
"CP","Consumer Price Indices","360","Indonesia","2022","2022","23013","Consumer Prices, Food Indices (2015 = 100)","7006","June","6125","Value","","134.57728","X","Figure from external organization","base year is 2015"
"CP","Consumer Price Indices","360","Indonesia","2022","2022","23013","Consumer Prices, Food Indices (2015 = 100)","7007","July","6125","Value","","136.056152","X","Figure from external organization","base year is 2015"
"CP","Consumer Price Indices","360","Indonesia","2022","2022","23013","Consumer Prices, Food Indices (2015 = 100)","7008","August","6125","Value","","133.667206","X","Figure from external organization","base year is 2015"
"CP","Consumer Price Indices","360","Indonesia","2022","2022","23013","Consumer Prices, Food Indices (2015 = 100)","7009","September","6125","Value","","133.212168","X","Figure from external organization","base year is 2015"
"CP","Consumer Price Indices","360","Indonesia","2022","2022","23013","Consumer Prices, Food Indices (2015 = 100)","7010","October","6125","Value","","131.960816","X","Figure from external organization","base year is 2015"
"CP","Consumer Price Indices","360","Indonesia","2022","2022","23013","Consumer Prices, Food Indices (2015 = 100)","7011","November","6125","Value","","131.960816","X","Figure from external organization","base year is 2015"
"CP","Consumer Price Indices","360","Indonesia","2022","2022","23013","Consumer Prices, Food Indices (2015 = 100)","7012","December","6125","Value","","134.008484","X","Figure from external organization","base year is 2015"
"CP","Consumer Price Indices","360","Indonesia","2023","2023","23013","Consumer Prices, Food Indices (2015 = 100)","7001","January","6125","Value","","135.601114","X","Figure from external organization","base year is 2015"
"CP","Consumer Price Indices","360","Indonesia","2023","2023","23013","Consumer Prices, Food Indices (2015 = 100)","7002","February","6125","Value","","136.28367","X","Figure from external organization","base year is 2015"
"CP","Consumer Price Indices","360","Indonesia","2023","2023","23013","Consumer Prices, Food Indices (2015 = 100)","7003","March","6125","Value","","136.738708","X","Figure from external organization","base year is 2015"
"CP","Consumer Price Indices","360","Indonesia","2023","2023","23013","Consumer Prices, Food Indices (2015 = 100)","7004","April","6125","Value","","137.193745","X","Figure from external organization","base year is 2015"
"CP","Consumer Price Indices","360","Indonesia","2023","2023","23013","Consumer Prices, Food Indices (2015 = 100)","7005","May","6125","Value","","137.876301","X","Figure from external organization","base year is 2015"
"CP","Consumer Price Indices","360","Indonesia","2023","2023","23013","Consumer Prices, Food Indices (2015 = 100)","7006","June","6125","Value","","138.331338","X","Figure from external organization","base year is 2015"
"CP","Consumer Price Indices","360","Indonesia","2023","2023","23013","Consumer Prices, Food Indices (2015 = 100)","7007","July","6125","Value","","138.672616","X","Figure from external organization","base year is 2015"
"CP","Consumer Price Indices","360","Indonesia","2023","2023","23013","Consumer Prices, Food Indices (2015 = 100)","7008","August","6125","Value","","138.331338","X","Figure from external organization","base year is 2015"
"CP","Consumer Price Indices","360","Indonesia","2023","2023","23013","Consumer Prices, Food Indices (2015 = 100)","7009","September","6125","Value","","138.786375","X","Figure from external organization","base year is 2015"
"CP","Consumer Price Indices","360","Indonesia","2023","2023","23013","Consumer Prices, Food Indices (2015 = 100)","7010","October","6125","Value","","139.127653","X","Figure from external organization","base year is 2015"
"CP","Consumer Price Indices","360","Indonesia","2023","2023","23013","Consumer Prices, Food Indices (2015 = 100)","7011","November","6125","Value","","140.834043","X","Figure from external organization","base year is 2015"
"CP","Consumer Price Indices","360","Indonesia","2023","2023","23013","Consumer Prices, Food Indices (2015 = 100)","7012","December","6125","Value","","142.312914","X","Figure from external organization","base year is 2015"
"CP","Consumer Price Indices","360","Indonesia","2024","2024","23013","Consumer Prices, Food Indices (2015 = 100)","7001","January","6125","Value","","142.824002","X","Figure from external organization","base year is 2015"
"CP","Consumer Price Indices","360","Indonesia","2024","2024","23013","Consumer Prices, Food Indices (2015 = 100)","7002","February","6125","Value","","144.538418","X","Figure from external organization","base year is 2015"
"CP","Consumer Price Indices","360","Indonesia","2024","2024","23013","Consumer Prices, Food Indices (2015 = 100)","7003","March","6125","Value","","147.044102","X","Figure from external organization","base year is 2015"
"CP","Consumer Price Indices","360","Indonesia","2024","2024","23013","Consumer Prices, Food Indices (2015 = 100)","7004","April","6125","Value","","146.780346","X","Figure from external organization","base year is 2015"
"CP","Consumer Price Indices","360","Indonesia","2024","2024","23013","Consumer Prices, Food Indices (2015 = 100)","7005","May","6125","Value","","146.120955","X","Figure from external organization","base year is 2015"
"CP","Consumer Price Indices","360","Indonesia","2024","2024","23013","Consumer Prices, Food Indices (2015 = 100)","7006","June","6125","Value","","145.197808","X","Figure from external organization","base year is 2015"
"CP","Consumer Price Indices","360","Indonesia","2024","2024","23013","Consumer Prices, Food Indices (2015 = 100)","7007","July","6125","Value","","143.219636","X","Figure from external organization","base year is 2015"
"CP","Consumer Price Indices","360","Indonesia","2024","2024","23013","Consumer Prices, Food Indices (2015 = 100)","7008","August","6125","Value","","141.900855","X","Figure from external organization","base year is 2015"
"CP","Consumer Price Indices","360","Indonesia","2024","2024","23013","Consumer Prices, Food Indices (2015 = 100)","7009","September","6125","Value","","140.713952","X","Figure from external organization","base year is 2015"
"CP","Consumer Price Indices","360","Indonesia","2024","2024","23013","Consumer Prices, Food Indices (2015 = 100)","7010","October","6125","Value","","140.713952","X","Figure from external organization","base year is 2015"
"CP","Consumer Price Indices","360","Indonesia","2024","2024","23013","Consumer Prices, Food Indices (2015 = 100)","7011","November","6125","Value","","141.900855","X","Figure from external organization","base year is 2015"
"CP","Consumer Price Indices","360","Indonesia","2024","2024","23013","Consumer Prices, Food Indices (2015 = 100)","7012","December","6125","Value","","144.142783","X","Figure from external organization","base year is 2015"
"CP","Consumer Price Indices","360","Indonesia","2025","2025","23013","Consumer Prices, Food Indices (2015 = 100)","7001","January","6125","Value","","147.571614","X","Figure from external organization","base year is 2015"
"CP","Consumer Price Indices","360","Indonesia","2025","2025","23013","Consumer Prices, Food Indices (2015 = 100)","7002","February","6125","Value","","146.648467","X","Figure from external organization","base year is 2015"
"CP","Consumer Price Indices","360","Indonesia","2025","2025","23013","Consumer Prices, Food Indices (2015 = 100)","7003","March","6125","Value","","148.758517","X","Figure from external organization","base year is 2015"
"CP","Consumer Price Indices","360","Indonesia","2025","2025","23013","Consumer Prices, Food Indices (2015 = 100)","7004","April","6125","Value","","148.890395","X","Figure from external organization","base year is 2015"
"CP","Consumer Price Indices","418","Lao People's Democratic Republic","2000","2000","23013","Consumer Prices, Food Indices (2015 = 100)","7001","January","6125","Value","","19.603598","I","Value imputed by a receiving agency","base year is 2015"
"CP","Consumer Price Indices","418","Lao People's Democratic Republic","2000","2000","23013","Consumer Prices, Food Indices (2015 = 100)","7002","February","6125","Value","","20.138975","I","Value imputed by a receiving agency","base year is 2015"
"CP","Consumer Price Indices","418","Lao People's Democratic Republic","2000","2000","23013","Consumer Prices, Food Indices (2015 = 100)","7003","March","6125","Value","","20.427049","I","Value imputed by a receiving agency","base year is 2015"
"CP","Consumer Price Indices","418","Lao People's Democratic Republic","2000","2000","23013","Consumer Prices, Food Indices (2015 = 100)","7004","April","6125","Value","","21.116363","I","Value imputed by a receiving agency","base year is 2015"
"CP","Consumer Price Indices","418","Lao People's Democratic Republic","2000","2000","23013","Consumer Prices, Food Indices (2015 = 100)","7005","May","6125","Value","","21.509491","I","Value imputed by a receiving agency","base year is 2015"
"CP","Consumer Price Indices","418","Lao People's Democratic Republic","2000","2000","23013","Consumer Prices, Food Indices (2015 = 100)","7006","June","6125","Value","","21.867435","I","Value imputed by a receiving agency","base year is 2015"
"CP","Consumer Price Indices","418","Lao People's Democratic Republic","2000","2000","23013","Consumer Prices, Food Indices (2015 = 100)","7007","July","6125","Value","","22.135713","I","Value imputed by a receiving agency","base year is 2015"
"CP","Consumer Price Indices","418","Lao People's Democratic Republic","2000","2000","23013","Consumer Prices, Food Indices (2015 = 100)","7008","August","6125","Value","","22.545122","I","Value imputed by a receiving agency","base year is 2015"
"CP","Consumer Price Indices","418","Lao People's Democratic Republic","2000","2000","23013","Consumer Prices, Food Indices (2015 = 100)","7009","September","6125","Value","","23.41078","I","Value imputed by a receiving agency","base year is 2015"
"CP","Consumer Price Indices","418","Lao People's Democratic Republic","2000","2000","23013","Consumer Prices, Food Indices (2015 = 100)","7010","October","6125","Value","","23.130557","I","Value imputed by a receiving agency","base year is 2015"
"CP","Consumer Price Indices","418","Lao People's Democratic Republic","2000","2000","23013","Consumer Prices, Food Indices (2015 = 100)","7011","November","6125","Value","","22.456027","I","Value imputed by a receiving agency","base year is 2015"
"CP","Consumer Price Indices","418","Lao People's Democratic Republic","2000","2000","23013","Consumer Prices, Food Indices (2015 = 100)","7012","December","6125","Value","","22.401996","I","Value imputed by a receiving agency","base year is 2015"
"CP","Consumer Price Indices","418","Lao People's Democratic Republic","2001","2001","23013","Consumer Prices, Food Indices (2015 = 100)","7001","January","6125","Value","","22.795905","I","Value imputed by a receiving agency","base year is 2015"
"CP","Consumer Price Indices","418","Lao People's Democratic Republic","2001","2001","23013","Consumer Prices, Food Indices (2015 = 100)","7002","February","6125","Value","","23.061495","I","Value imputed by a receiving agency","base year is 2015"
"CP","Consumer Price Indices","418","Lao People's Democratic Republic","2001","2001","23013","Consumer Prices, Food Indices (2015 = 100)","7003","March","6125","Value","","23.182001","I","Value imputed by a receiving agency","base year is 2015"
"CP","Consumer Price Indices","418","Lao People's Democratic Republic","2001","2001","23013","Consumer Prices, Food Indices (2015 = 100)","7004","April","6125","Value","","23.753849","I","Value imputed by a receiving agency","base year is 2015"
"CP","Consumer Price Indices","418","Lao People's Democratic Republic","2001","2001","23013","Consumer Prices, Food Indices (2015 = 100)","7005","May","6125","Value","","24.235867","I","Value imputed by a receiving agency","base year is 2015"
"CP","Consumer Price Indices","418","Lao People's Democratic Republic","2001","2001","23013","Consumer Prices, Food Indices (2015 = 100)","7006","June","6125","Value","","24.203188","I","Value imputed by a receiving agency","base year is 2015"
"CP","Consumer Price Indices","418","Lao People's Democratic Republic","2001","2001","23013","Consumer Prices, Food Indices (2015 = 100)","7007","July","6125","Value","","24.586532","I","Value imputed by a receiving agency","base year is 2015"
"CP","Consumer Price Indices","418","Lao People's Democratic Republic","2001","2001","23013","Consumer Prices, Food Indices (2015 = 100)","7008","August","6125","Value","","25.46615","I","Value imputed by a receiving agency","base year is 2015"
"CP","Consumer Price Indices","418","Lao People's Democratic Republic","2001","2001","23013","Consumer Prices, Food Indices (2015 = 100)","7009","September","6125","Value","","25.746244","I","Value imputed by a receiving agency","base year is 2015"
"CP","Consumer Price Indices","418","Lao People's Democratic Republic","2001","2001","23013","Consumer Prices, Food Indices (2015 = 100)","7010","October","6125","Value","","25.759609","I","Value imputed by a receiving agency","base year is 2015"
"CP","Consumer Price Indices","418","Lao People's Democratic Republic","2001","2001","23013","Consumer Prices, Food Indices (2015 = 100)","7011","November","6125","Value","","25.422901","I","Value imputed by a receiving agency","base year is 2015"
"CP","Consumer Price Indices","418","Lao People's Democratic Republic","2001","2001","23013","Consumer Prices, Food Indices (2015 = 100)","7012","December","6125","Value","","25.104351","I","Value imputed by a receiving agency","base year is 2015"
"CP","Consumer Price Indices","418","Lao People's Democratic Republic","2002","2002","23013","Consumer Prices, Food Indices (2015 = 100)","7001","January","6125","Value","","25.412924","I","Value imputed by a receiving agency","base year is 2015"
"CP","Consumer Price Indices","418","Lao People's Democratic Republic","2002","2002","23013","Consumer Prices, Food Indices (2015 = 100)","7002","February","6125","Value","","25.72286","I","Value imputed by a receiving agency","base year is 2015"
"CP","Consumer Price Indices","418","Lao People's Democratic Republic","2002","2002","23013","Consumer Prices, Food Indices (2015 = 100)","7003","March","6125","Value","","25.839855","I","Value imputed by a receiving agency","base year is 2015"
"CP","Consumer Price Indices","418","Lao People's Democratic Republic","2002","2002","23013","Consumer Prices, Food Indices (2015 = 100)","7004","April","6125","Value","","26.579638","I","Value imputed by a receiving agency","base year is 2015"
"CP","Consumer Price Indices","418","Lao People's Democratic Republic","2002","2002","23013","Consumer Prices, Food Indices (2015 = 100)","7005","May","6125","Value","","26.819997","I","Value imputed by a receiving agency","base year is 2015"
"CP","Consumer Price Indices","418","Lao People's Democratic Republic","2002","2002","23013","Consumer Prices, Food Indices (2015 = 100)","7006","June","6125","Value","","27.730869","I","Value imputed by a receiving agency","base year is 2015"
"CP","Consumer Price Indices","418","Lao People's Democratic Republic","2002","2002","23013","Consumer Prices, Food Indices (2015 = 100)","7007","July","6125","Value","","29.049615","I","Value imputed by a receiving agency","base year is 2015"
"CP","Consumer Price Indices","418","Lao People's Democratic Republic","2002","2002","23013","Consumer Prices, Food Indices (2015 = 100)","7008","August","6125","Value","","30.685389","I","Value imputed by a receiving agency","base year is 2015"
"CP","Consumer Price Indices","418","Lao People's Democratic Republic","2002","2002","23013","Consumer Prices, Food Indices (2015 = 100)","7009","September","6125","Value","","31.868386","I","Value imputed by a receiving agency","base year is 2015"
"CP","Consumer Price Indices","418","Lao People's Democratic Republic","2002","2002","23013","Consumer Prices, Food Indices (2015 = 100)","7010","October","6125","Value","","31.74215","I","Value imputed by a receiving agency","base year is 2015"
"CP","Consumer Price Indices","418","Lao People's Democratic Republic","2002","2002","23013","Consumer Prices, Food Indices (2015 = 100)","7011","November","6125","Value","","31.221106","I","Value imputed by a receiving agency","base year is 2015"
"CP","Consumer Price Indices","418","Lao People's Democratic Republic","2002","2002","23013","Consumer Prices, Food Indices (2015 = 100)","7012","December","6125","Value","","31.335826","I","Value imputed by a receiving agency","base year is 2015"
"CP","Consumer Price Indices","418","Lao People's Democratic Republic","2003","2003","23013","Consumer Prices, Food Indices (2015 = 100)","7001","January","6125","Value","","31.792623","I","Value imputed by a receiving agency","base year is 2015"
"CP","Consumer Price Indices","418","Lao People's Democratic Republic","2003","2003","23013","Consumer Prices, Food Indices (2015 = 100)","7002","February","6125","Value","","32.298946","I","Value imputed by a receiving agency","base year is 2015"
"CP","Consumer Price Indices","418","Lao People's Democratic Republic","2003","2003","23013","Consumer Prices, Food Indices (2015 = 100)","7003","March","6125","Value","","33.441375","I","Value imputed by a receiving agency","base year is 2015"
"CP","Consumer Price Indices","418","Lao People's Democratic Republic","2003","2003","23013","Consumer Prices, Food Indices (2015 = 100)","7004","April","6125","Value","","34.378983","I","Value imputed by a receiving agency","base year is 2015"
"CP","Consumer Price Indices","418","Lao People's Democratic Republic","2003","2003","23013","Consumer Prices, Food Indices (2015 = 100)","7005","May","6125","Value","","34.858754","I","Value imputed by a receiving agency","base year is 2015"
"CP","Consumer Price Indices","418","Lao People's Democratic Republic","2003","2003","23013","Consumer Prices, Food Indices (2015 = 100)","7006","June","6125","Value","","35.325942","I","Value imputed by a receiving agency","base year is 2015"
"CP","Consumer Price Indices","418","Lao People's Democratic Republic","2003","2003","23013","Consumer Prices, Food Indices (2015 = 100)","7007","July","6125","Value","","36.153647","I","Value imputed by a receiving agency","base year is 2015"
"CP","Consumer Price Indices","418","Lao People's Democratic Republic","2003","2003","23013","Consumer Prices, Food Indices (2015 = 100)","7008","August","6125","Value","","38.133615","I","Value imputed by a receiving agency","base year is 2015"
"CP","Consumer Price Indices","418","Lao People's Democratic Republic","2003","2003","23013","Consumer Prices, Food Indices (2015 = 100)","7009","September","6125","Value","","39.396732","I","Value imputed by a receiving agency","base year is 2015"
"CP","Consumer Price Indices","418","Lao People's Democratic Republic","2003","2003","23013","Consumer Prices, Food Indices (2015 = 100)","7010","October","6125","Value","","39.225381","I","Value imputed by a receiving agency","base year is 2015"
"CP","Consumer Price Indices","418","Lao People's Democratic Republic","2003","2003","23013","Consumer Prices, Food Indices (2015 = 100)","7011","November","6125","Value","","38.175992","I","Value imputed by a receiving agency","base year is 2015"
"CP","Consumer Price Indices","418","Lao People's Democratic Republic","2003","2003","23013","Consumer Prices, Food Indices (2015 = 100)","7012","December","6125","Value","","37.756825","I","Value imputed by a receiving agency","base year is 2015"
"CP","Consumer Price Indices","418","Lao People's Democratic Republic","2004","2004","23013","Consumer Prices, Food Indices (2015 = 100)","7001","January","6125","Value","","38.276224","I","Value imputed by a receiving agency","base year is 2015"
"CP","Consumer Price Indices","418","Lao People's Democratic Republic","2004","2004","23013","Consumer Prices, Food Indices (2015 = 100)","7002","February","6125","Value","","39.065956","I","Value imputed by a receiving agency","base year is 2015"
"CP","Consumer Price Indices","418","Lao People's Democratic Republic","2004","2004","23013","Consumer Prices, Food Indices (2015 = 100)","7003","March","6125","Value","","39.912406","I","Value imputed by a receiving agency","base year is 2015"
"CP","Consumer Price Indices","418","Lao People's Democratic Republic","2004","2004","23013","Consumer Prices, Food Indices (2015 = 100)","7004","April","6125","Value","","41.026136","I","Value imputed by a receiving agency","base year is 2015"
"CP","Consumer Price Indices","418","Lao People's Democratic Republic","2004","2004","23013","Consumer Prices, Food Indices (2015 = 100)","7005","May","6125","Value","","41.867699","I","Value imputed by a receiving agency","base year is 2015"
"CP","Consumer Price Indices","418","Lao People's Democratic Republic","2004","2004","23013","Consumer Prices, Food Indices (2015 = 100)","7006","June","6125","Value","","42.555011","I","Value imputed by a receiving agency","base year is 2015"
"CP","Consumer Price Indices","418","Lao People's Democratic Republic","2004","2004","23013","Consumer Prices, Food Indices (2015 = 100)","7007","July","6125","Value","","43.262493","I","Value imputed by a receiving agency","base year is 2015"
"CP","Consumer Price Indices","418","Lao People's Democratic Republic","2004","2004","23013","Consumer Prices, Food Indices (2015 = 100)","7008","August","6125","Value","","43.783722","I","Value imputed by a receiving agency","base year is 2015"
"CP","Consumer Price Indices","418","Lao People's Democratic Republic","2004","2004","23013","Consumer Prices, Food Indices (2015 = 100)","7009","September","6125","Value","","44.047212","I","Value imputed by a receiving agency","base year is 2015"
"CP","Consumer Price Indices","418","Lao People's Democratic Republic","2004","2004","23013","Consumer Prices, Food Indices (2015 = 100)","7010","October","6125","Value","","43.464251","I","Value imputed by a receiving agency","base year is 2015"
"CP","Consumer Price Indices","418","Lao People's Democratic Republic","2004","2004","23013","Consumer Prices, Food Indices (2015 = 100)","7011","November","6125","Value","","43.149656","I","Value imputed by a receiving agency","base year is 2015"
"CP","Consumer Price Indices","418","Lao People's Democratic Republic","2004","2004","23013","Consumer Prices, Food Indices (2015 = 100)","7012","December","6125","Value","","43.000715","I","Value imputed by a receiving agency","base year is 2015"
"CP","Consumer Price Indices","418","Lao People's Democratic Republic","2005","2005","23013","Consumer Prices, Food Indices (2015 = 100)","7001","January","6125","Value","","43.464079","X","Figure from external organization","base year is 2015"
"CP","Consumer Price Indices","418","Lao People's Democratic Republic","2005","2005","23013","Consumer Prices, Food Indices (2015 = 100)","7002","February","6125","Value","","43.768858","X","Figure from external organization","base year is 2015"
"CP","Consumer Price Indices","418","Lao People's Democratic Republic","2005","2005","23013","Consumer Prices, Food Indices (2015 = 100)","7003","March","6125","Value","","44.320402","X","Figure from external organization","base year is 2015"
"CP","Consumer Price Indices","418","Lao People's Democratic Republic","2005","2005","23013","Consumer Prices, Food Indices (2015 = 100)","7004","April","6125","Value","","45.430899","X","Figure from external organization","base year is 2015"
"CP","Consumer Price Indices","418","Lao People's Democratic Republic","2005","2005","23013","Consumer Prices, Food Indices (2015 = 100)","7005","May","6125","Value","","46.321582","X","Figure from external organization","base year is 2015"
"CP","Consumer Price Indices","418","Lao People's Democratic Republic","2005","2005","23013","Consumer Prices, Food Indices (2015 = 100)","7006","June","6125","Value","","46.757547","X","Figure from external organization","base year is 2015"
"CP","Consumer Price Indices","418","Lao People's Democratic Republic","2005","2005","23013","Consumer Prices, Food Indices (2015 = 100)","7007","July","6125","Value","","47.462952","X","Figure from external organization","base year is 2015"
"CP","Consumer Price Indices","418","Lao People's Democratic Republic","2005","2005","23013","Consumer Prices, Food Indices (2015 = 100)","7008","August","6125","Value","","49.082058","X","Figure from external organization","base year is 2015"
"CP","Consumer Price Indices","418","Lao People's Democratic Republic","2005","2005","23013","Consumer Prices, Food Indices (2015 = 100)","7009","September","6125","Value","","50.075414","X","Figure from external organization","base year is 2015"
"CP","Consumer Price Indices","418","Lao People's Democratic Republic","2005","2005","23013","Consumer Prices, Food Indices (2015 = 100)","7010","October","6125","Value","","50.105366","X","Figure from external organization","base year is 2015"
"CP","Consumer Price Indices","418","Lao People's Democratic Republic","2005","2005","23013","Consumer Prices, Food Indices (2015 = 100)","7011","November","6125","Value","","49.050504","X","Figure from external organization","base year is 2015"
"CP","Consumer Price Indices","418","Lao People's Democratic Republic","2005","2005","23013","Consumer Prices, Food Indices (2015 = 100)","7012","December","6125","Value","","48.524501","X","Figure from external organization","base year is 2015"
"CP","Consumer Price Indices","418","Lao People's Democratic Republic","2006","2006","23013","Consumer Prices, Food Indices (2015 = 100)","7001","January","6125","Value","","48.253244","X","Figure from external organization","base year is 2015"
"CP","Consumer Price Indices","418","Lao People's Democratic Republic","2006","2006","23013","Consumer Prices, Food Indices (2015 = 100)","7002","February","6125","Value","","48.432888","X","Figure from external organization","base year is 2015"
"CP","Consumer Price Indices","418","Lao People's Democratic Republic","2006","2006","23013","Consumer Prices, Food Indices (2015 = 100)","7003","March","6125","Value","","48.934318","X","Figure from external organization","base year is 2015"
"CP","Consumer Price Indices","418","Lao People's Democratic Republic","2006","2006","23013","Consumer Prices, Food Indices (2015 = 100)","7004","April","6125","Value","","50.489238","X","Figure from external organization","base year is 2015"
"CP","Consumer Price Indices","418","Lao People's Democratic Republic","2006","2006","23013","Consumer Prices, Food Indices (2015 = 100)","7005","May","6125","Value","","50.744443","X","Figure from external organization","base year is 2015"
"CP","Consumer Price Indices","418","Lao People's Democratic Republic","2006","2006","23013","Consumer Prices, Food Indices (2015 = 100)","7006","June","6125","Value","","51.32672","X","Figure from external organization","base year is 2015"
"CP","Consumer Price Indices","418","Lao People's Democratic Republic","2006","2006","23013","Consumer Prices, Food Indices (2015 = 100)","7007","July","6125","Value","","51.986368","X","Figure from external organization","base year is 2015"
"CP","Consumer Price Indices","418","Lao People's Democratic Republic","2006","2006","23013","Consumer Prices, Food Indices (2015 = 100)","7008","August","6125","Value","","53.083385","X","Figure from external organization","base year is 2015"
"CP","Consumer Price Indices","418","Lao People's Democratic Republic","2006","2006","23013","Consumer Prices, Food Indices (2015 = 100)","7009","September","6125","Value","","53.394394","X","Figure from external organization","base year is 2015"
"CP","Consumer Price Indices","418","Lao People's Democratic Republic","2006","2006","23013","Consumer Prices, Food Indices (2015 = 100)","7010","October","6125","Value","","52.940722","X","Figure from external organization","base year is 2015"
"CP","Consumer Price Indices","418","Lao People's Democratic Republic","2006","2006","23013","Consumer Prices, Food Indices (2015 = 100)","7011","November","6125","Value","","52.708441","X","Figure from external organization","base year is 2015"
"CP","Consumer Price Indices","418","Lao People's Democratic Republic","2006","2006","23013","Consumer Prices, Food Indices (2015 = 100)","7012","December","6125","Value","","52.86478","X","Figure from external organization","base year is 2015"
"CP","Consumer Price Indices","418","Lao People's Democratic Republic","2007","2007","23013","Consumer Prices, Food Indices (2015 = 100)","7001","January","6125","Value","","53.55245","X","Figure from external organization","base year is 2015"
"CP","Consumer Price Indices","418","Lao People's Democratic Republic","2007","2007","23013","Consumer Prices, Food Indices (2015 = 100)","7002","February","6125","Value","","53.696991","X","Figure from external organization","base year is 2015"
"CP","Consumer Price Indices","418","Lao People's Democratic Republic","2007","2007","23013","Consumer Prices, Food Indices (2015 = 100)","7003","March","6125","Value","","53.928624","X","Figure from external organization","base year is 2015"
"CP","Consumer Price Indices","418","Lao People's Democratic Republic","2007","2007","23013","Consumer Prices, Food Indices (2015 = 100)","7004","April","6125","Value","","54.453172","X","Figure from external organization","base year is 2015"
"CP","Consumer Price Indices","418","Lao People's Democratic Republic","2007","2007","23013","Consumer Prices, Food Indices (2015 = 100)","7005","May","6125","Value","","54.503421","X","Figure from external organization","base year is 2015"
"CP","Consumer Price Indices","418","Lao People's Democratic Republic","2007","2007","23013","Consumer Prices, Food Indices (2015 = 100)","7006","June","6125","Value","","55.045825","X","Figure from external organization","base year is 2015"
"CP","Consumer Price Indices","418","Lao People's Democratic Republic","2007","2007","23013","Consumer Prices, Food Indices (2015 = 100)","7007","July","6125","Value","","55.83908","X","Figure from external organization","base year is 2015"
"CP","Consumer Price Indices","418","Lao People's Democratic Republic","2007","2007","23013","Consumer Prices, Food Indices (2015 = 100)","7008","August","6125","Value","","57.072924","X","Figure from external organization","base year is 2015"
"CP","Consumer Price Indices","418","Lao People's Democratic Republic","2007","2007","23013","Consumer Prices, Food Indices (2015 = 100)","7009","September","6125","Value","","57.879802","X","Figure from external organization","base year is 2015"
"CP","Consumer Price Indices","418","Lao People's Democratic Republic","2007","2007","23013","Consumer Prices, Food Indices (2015 = 100)","7010","October","6125","Value","","57.983306","X","Figure from external organization","base year is 2015"
"CP","Consumer Price Indices","418","Lao People's Democratic Republic","2007","2007","23013","Consumer Prices, Food Indices (2015 = 100)","7011","November","6125","Value","","57.266187","X","Figure from external organization","base year is 2015"
"CP","Consumer Price Indices","418","Lao People's Democratic Republic","2007","2007","23013","Consumer Prices, Food Indices (2015 = 100)","7012","December","6125","Value","","56.239713","X","Figure from external organization","base year is 2015"
"CP","Consumer Price Indices","418","Lao People's Democratic Republic","2008","2008","23013","Consumer Prices, Food Indices (2015 = 100)","7001","January","6125","Value","","57.013218","X","Figure from external organization","base year is 2015"
"CP","Consumer Price Indices","418","Lao People's Democratic Republic","2008","2008","23013","Consumer Prices, Food Indices (2015 = 100)","7002","February","6125","Value","","57.893961","X","Figure from external organization","base year is 2015"
"CP","Consumer Price Indices","418","Lao People's Democratic Republic","2008","2008","23013","Consumer Prices, Food Indices (2015 = 100)","7003","March","6125","Value","","59.086102","X","Figure from external organization","base year is 2015"
"CP","Consumer Price Indices","418","Lao People's Democratic Republic","2008","2008","23013","Consumer Prices, Food Indices (2015 = 100)","7004","April","6125","Value","","60.840807","X","Figure from external organization","base year is 2015"
"CP","Consumer Price Indices","418","Lao People's Democratic Republic","2008","2008","23013","Consumer Prices, Food Indices (2015 = 100)","7005","May","6125","Value","","62.109567","X","Figure from external organization","base year is 2015"
"CP","Consumer Price Indices","418","Lao People's Democratic Republic","2008","2008","23013","Consumer Prices, Food Indices (2015 = 100)","7006","June","6125","Value","","62.53845","X","Figure from external organization","base year is 2015"
"CP","Consumer Price Indices","418","Lao People's Democratic Republic","2008","2008","23013","Consumer Prices, Food Indices (2015 = 100)","7007","July","6125","Value","","62.862896","X","Figure from external organization","base year is 2015"
"CP","Consumer Price Indices","418","Lao People's Democratic Republic","2008","2008","23013","Consumer Prices, Food Indices (2015 = 100)","7008","August","6125","Value","","64.497777","X","Figure from external organization","base year is 2015"
"CP","Consumer Price Indices","418","Lao People's Democratic Republic","2008","2008","23013","Consumer Prices, Food Indices (2015 = 100)","7009","September","6125","Value","","65.056672","X","Figure from external organization","base year is 2015"
"CP","Consumer Price Indices","418","Lao People's Democratic Republic","2008","2008","23013","Consumer Prices, Food Indices (2015 = 100)","7010","October","6125","Value","","63.757184","X","Figure from external organization","base year is 2015"
"CP","Consumer Price Indices","418","Lao People's Democratic Republic","2008","2008","23013","Consumer Prices, Food Indices (2015 = 100)","7011","November","6125","Value","","62.796461","X","Figure from external organization","base year is 2015"
"CP","Consumer Price Indices","418","Lao People's Democratic Republic","2008","2008","23013","Consumer Prices, Food Indices (2015 = 100)","7012","December","6125","Value","","61.898833","X","Figure from external organization","base year is 2015"
"CP","Consumer Price Indices","418","Lao People's Democratic Republic","2009","2009","23013","Consumer Prices, Food Indices (2015 = 100)","7001","January","6125","Value","","61.905281","X","Figure from external organization","base year is 2015"
"CP","Consumer Price Indices","418","Lao People's Democratic Republic","2009","2009","23013","Consumer Prices, Food Indices (2015 = 100)","7002","February","6125","Value","","61.39237","X","Figure from external organization","base year is 2015"
"CP","Consumer Price Indices","418","Lao People's Democratic Republic","2009","2009","23013","Consumer Prices, Food Indices (2015 = 100)","7003","March","6125","Value","","62.051863","X","Figure from external organization","base year is 2015"
"CP","Consumer Price Indices","418","Lao People's Democratic Republic","2009","2009","23013","Consumer Prices, Food Indices (2015 = 100)","7004","April","6125","Value","","62.935156","X","Figure from external organization","base year is 2015"
"CP","Consumer Price Indices","418","Lao People's Democratic Republic","2009","2009","23013","Consumer Prices, Food Indices (2015 = 100)","7005","May","6125","Value","","63.167628","X","Figure from external organization","base year is 2015"
"CP","Consumer Price Indices","418","Lao People's Democratic Republic","2009","2009","23013","Consumer Prices, Food Indices (2015 = 100)","7006","June","6125","Value","","62.964334","X","Figure from external organization","base year is 2015"
"CP","Consumer Price Indices","418","Lao People's Democratic Republic","2009","2009","23013","Consumer Prices, Food Indices (2015 = 100)","7007","July","6125","Value","","63.628917","X","Figure from external organization","base year is 2015"
"CP","Consumer Price Indices","418","Lao People's Democratic Republic","2009","2009","23013","Consumer Prices, Food Indices (2015 = 100)","7008","August","6125","Value","","63.405414","X","Figure from external organization","base year is 2015"
"CP","Consumer Price Indices","418","Lao People's Democratic Republic","2009","2009","23013","Consumer Prices, Food Indices (2015 = 100)","7009","September","6125","Value","","63.728918","X","Figure from external organization","base year is 2015"
"CP","Consumer Price Indices","418","Lao People's Democratic Republic","2009","2009","23013","Consumer Prices, Food Indices (2015 = 100)","7010","October","6125","Value","","63.987124","X","Figure from external organization","base year is 2015"
"CP","Consumer Price Indices","418","Lao People's Democratic Republic","2009","2009","23013","Consumer Prices, Food Indices (2015 = 100)","7011","November","6125","Value","","63.35873","X","Figure from external organization","base year is 2015"
"CP","Consumer Price Indices","418","Lao People's Democratic Republic","2009","2009","23013","Consumer Prices, Food Indices (2015 = 100)","7012","December","6125","Value","","63.599665","X","Figure from external organization","base year is 2015"
"CP","Consumer Price Indices","418","Lao People's Democratic Republic","2010","2010","23013","Consumer Prices, Food Indices (2015 = 100)","7001","January","6125","Value","","63.684026","X","Figure from external organization","base year is 2015"
"CP","Consumer Price Indices","418","Lao People's Democratic Republic","2010","2010","23013","Consumer Prices, Food Indices (2015 = 100)","7002","February","6125","Value","","64.002466","X","Figure from external organization","base year is 2015"
"CP","Consumer Price Indices","418","Lao People's Democratic Republic","2010","2010","23013","Consumer Prices, Food Indices (2015 = 100)","7003","March","6125","Value","","64.723289","X","Figure from external organization","base year is 2015"
"CP","Consumer Price Indices","418","Lao People's Democratic Republic","2010","2010","23013","Consumer Prices, Food Indices (2015 = 100)","7004","April","6125","Value","","65.453406","X","Figure from external organization","base year is 2015"
"CP","Consumer Price Indices","418","Lao People's Democratic Republic","2010","2010","23013","Consumer Prices, Food Indices (2015 = 100)","7005","May","6125","Value","","66.11831","X","Figure from external organization","base year is 2015"
"CP","Consumer Price Indices","418","Lao People's Democratic Republic","2010","2010","23013","Consumer Prices, Food Indices (2015 = 100)","7006","June","6125","Value","","67.22005","X","Figure from external organization","base year is 2015"
"CP","Consumer Price Indices","418","Lao People's Democratic Republic","2010","2010","23013","Consumer Prices, Food Indices (2015 = 100)","7007","July","6125","Value","","70.675975","X","Figure from external organization","base year is 2015"
"CP","Consumer Price Indices","418","Lao People's Democratic Republic","2010","2010","23013","Consumer Prices, Food Indices (2015 = 100)","7008","August","6125","Value","","72.258397","X","Figure from external organization","base year is 2015"
"CP","Consumer Price Indices","418","Lao People's Democratic Republic","2010","2010","23013","Consumer Prices, Food Indices (2015 = 100)","7009","September","6125","Value","","72.768936","X","Figure from external organization","base year is 2015"
"CP","Consumer Price Indices","418","Lao People's Democratic Republic","2010","2010","23013","Consumer Prices, Food Indices (2015 = 100)","7010","October","6125","Value","","72.429449","X","Figure from external organization","base year is 2015"
"CP","Consumer Price Indices","418","Lao People's Democratic Republic","2010","2010","23013","Consumer Prices, Food Indices (2015 = 100)","7011","November","6125","Value","","70.34527","X","Figure from external organization","base year is 2015"
"CP","Consumer Price Indices","418","Lao People's Democratic Republic","2010","2010","23013","Consumer Prices, Food Indices (2015 = 100)","7012","December","6125","Value","","69.186408","X","Figure from external organization","base year is 2015"
"CP","Consumer Price Indices","418","Lao People's Democratic Republic","2011","2011","23013","Consumer Prices, Food Indices (2015 = 100)","7001","January","6125","Value","","69.857337","X","Figure from external organization","base year is 2015"
"CP","Consumer Price Indices","418","Lao People's Democratic Republic","2011","2011","23013","Consumer Prices, Food Indices (2015 = 100)","7002","February","6125","Value","","70.219221","X","Figure from external organization","base year is 2015"
"CP","Consumer Price Indices","418","Lao People's Democratic Republic","2011","2011","23013","Consumer Prices, Food Indices (2015 = 100)","7003","March","6125","Value","","71.301861","X","Figure from external organization","base year is 2015"
"CP","Consumer Price Indices","418","Lao People's Democratic Republic","2011","2011","23013","Consumer Prices, Food Indices (2015 = 100)","7004","April","6125","Value","","74.367046","X","Figure from external organization","base year is 2015"
"CP","Consumer Price Indices","418","Lao People's Democratic Republic","2011","2011","23013","Consumer Prices, Food Indices (2015 = 100)","7005","May","6125","Value","","75.459925","X","Figure from external organization","base year is 2015"
"CP","Consumer Price Indices","418","Lao People's Democratic Republic","2011","2011","23013","Consumer Prices, Food Indices (2015 = 100)","7006","June","6125","Value","","76.540459","X","Figure from external organization","base year is 2015"
"CP","Consumer Price Indices","418","Lao People's Democratic Republic","2011","2011","23013","Consumer Prices, Food Indices (2015 = 100)","7007","July","6125","Value","","77.301417","X","Figure from external organization","base year is 2015"
"CP","Consumer Price Indices","418","Lao People's Democratic Republic","2011","2011","23013","Consumer Prices, Food Indices (2015 = 100)","7008","August","6125","Value","","77.399715","X","Figure from external organization","base year is 2015"
"CP","Consumer Price Indices","418","Lao People's Democratic Republic","2011","2011","23013","Consumer Prices, Food Indices (2015 = 100)","7009","September","6125","Value","","77.845007","X","Figure from external organization","base year is 2015"
"CP","Consumer Price Indices","418","Lao People's Democratic Republic","2011","2011","23013","Consumer Prices, Food Indices (2015 = 100)","7010","October","6125","Value","","78.29244","X","Figure from external organization","base year is 2015"
"CP","Consumer Price Indices","418","Lao People's Democratic Republic","2011","2011","23013","Consumer Prices, Food Indices (2015 = 100)","7011","November","6125","Value","","77.888669","X","Figure from external organization","base year is 2015"
"CP","Consumer Price Indices","418","Lao People's Democratic Republic","2011","2011","23013","Consumer Prices, Food Indices (2015 = 100)","7012","December","6125","Value","","76.815248","X","Figure from external organization","base year is 2015"
"CP","Consumer Price Indices","418","Lao People's Democratic Republic","2012","2012","23013","Consumer Prices, Food Indices (2015 = 100)","7001","January","6125","Value","","76.212264","X","Figure from external organization","base year is 2015"
"CP","Consumer Price Indices","418","Lao People's Democratic Republic","2012","2012","23013","Consumer Prices, Food Indices (2015 = 100)","7002","February","6125","Value","","76.408071","X","Figure from external organization","base year is 2015"
"CP","Consumer Price Indices","418","Lao People's Democratic Republic","2012","2012","23013","Consumer Prices, Food Indices (2015 = 100)","7003","March","6125","Value","","77.167327","X","Figure from external organization","base year is 2015"
"CP","Consumer Price Indices","418","Lao People's Democratic Republic","2012","2012","23013","Consumer Prices, Food Indices (2015 = 100)","7004","April","6125","Value","","78.83236","X","Figure from external organization","base year is 2015"
"CP","Consumer Price Indices","418","Lao People's Democratic Republic","2012","2012","23013","Consumer Prices, Food Indices (2015 = 100)","7005","May","6125","Value","","79.423176","X","Figure from external organization","base year is 2015"
"CP","Consumer Price Indices","418","Lao People's Democratic Republic","2012","2012","23013","Consumer Prices, Food Indices (2015 = 100)","7006","June","6125","Value","","79.989143","X","Figure from external organization","base year is 2015"
"CP","Consumer Price Indices","418","Lao People's Democratic Republic","2012","2012","23013","Consumer Prices, Food Indices (2015 = 100)","7007","July","6125","Value","","80.086123","X","Figure from external organization","base year is 2015"
"CP","Consumer Price Indices","418","Lao People's Democratic Republic","2012","2012","23013","Consumer Prices, Food Indices (2015 = 100)","7008","August","6125","Value","","80.662609","X","Figure from external organization","base year is 2015"
"CP","Consumer Price Indices","418","Lao People's Democratic Republic","2012","2012","23013","Consumer Prices, Food Indices (2015 = 100)","7009","September","6125","Value","","80.934187","X","Figure from external organization","base year is 2015"
"CP","Consumer Price Indices","418","Lao People's Democratic Republic","2012","2012","23013","Consumer Prices, Food Indices (2015 = 100)","7010","October","6125","Value","","81.07376","X","Figure from external organization","base year is 2015"
"CP","Consumer Price Indices","418","Lao People's Democratic Republic","2012","2012","23013","Consumer Prices, Food Indices (2015 = 100)","7011","November","6125","Value","","80.782474","X","Figure from external organization","base year is 2015"
"CP","Consumer Price Indices","418","Lao People's Democratic Republic","2012","2012","23013","Consumer Prices, Food Indices (2015 = 100)","7012","December","6125","Value","","82.326664","X","Figure from external organization","base year is 2015"
"CP","Consumer Price Indices","418","Lao People's Democratic Republic","2013","2013","23013","Consumer Prices, Food Indices (2015 = 100)","7001","January","6125","Value","","83.194243","X","Figure from external organization","base year is 2015"
"CP","Consumer Price Indices","418","Lao People's Democratic Republic","2013","2013","23013","Consumer Prices, Food Indices (2015 = 100)","7002","February","6125","Value","","84.144135","X","Figure from external organization","base year is 2015"
"CP","Consumer Price Indices","418","Lao People's Democratic Republic","2013","2013","23013","Consumer Prices, Food Indices (2015 = 100)","7003","March","6125","Value","","85.211875","X","Figure from external organization","base year is 2015"
"CP","Consumer Price Indices","418","Lao People's Democratic Republic","2013","2013","23013","Consumer Prices, Food Indices (2015 = 100)","7004","April","6125","Value","","87.743406","X","Figure from external organization","base year is 2015"
"CP","Consumer Price Indices","418","Lao People's Democratic Republic","2013","2013","23013","Consumer Prices, Food Indices (2015 = 100)","7005","May","6125","Value","","89.736697","X","Figure from external organization","base year is 2015"
"CP","Consumer Price Indices","418","Lao People's Democratic Republic","2013","2013","23013","Consumer Prices, Food Indices (2015 = 100)","7006","June","6125","Value","","90.512396","X","Figure from external organization","base year is 2015"
"CP","Consumer Price Indices","418","Lao People's Democratic Republic","2013","2013","23013","Consumer Prices, Food Indices (2015 = 100)","7007","July","6125","Value","","91.658957","X","Figure from external organization","base year is 2015"
"CP","Consumer Price Indices","418","Lao People's Democratic Republic","2013","2013","23013","Consumer Prices, Food Indices (2015 = 100)","7008","August","6125","Value","","91.969385","X","Figure from external organization","base year is 2015"
"CP","Consumer Price Indices","418","Lao People's Democratic Republic","2013","2013","23013","Consumer Prices, Food Indices (2015 = 100)","7009","September","6125","Value","","92.583595","X","Figure from external organization","base year is 2015"
"CP","Consumer Price Indices","418","Lao People's Democratic Republic","2013","2013","23013","Consumer Prices, Food Indices (2015 = 100)","7010","October","6125","Value","","92.492951","X","Figure from external organization","base year is 2015"
"CP","Consumer Price Indices","418","Lao People's Democratic Republic","2013","2013","23013","Consumer Prices, Food Indices (2015 = 100)","7011","November","6125","Value","","92.294577","X","Figure from external organization","base year is 2015"
"CP","Consumer Price Indices","418","Lao People's Democratic Republic","2013","2013","23013","Consumer Prices, Food Indices (2015 = 100)","7012","December","6125","Value","","92.532289","X","Figure from external organization","base year is 2015"
"CP","Consumer Price Indices","418","Lao People's Democratic Republic","2014","2014","23013","Consumer Prices, Food Indices (2015 = 100)","7001","January","6125","Value","","92.749813","X","Figure from external organization","base year is 2015"
"CP","Consumer Price Indices","418","Lao People's Democratic Republic","2014","2014","23013","Consumer Prices, Food Indices (2015 = 100)","7002","February","6125","Value","","93.383401","X","Figure from external organization","base year is 2015"
"CP","Consumer Price Indices","418","Lao People's Democratic Republic","2014","2014","23013","Consumer Prices, Food Indices (2015 = 100)","7003","March","6125","Value","","93.751047","X","Figure from external organization","base year is 2015"
"CP","Consumer Price Indices","418","Lao People's Democratic Republic","2014","2014","23013","Consumer Prices, Food Indices (2015 = 100)","7004","April","6125","Value","","95.263487","X","Figure from external organization","base year is 2015"
"CP","Consumer Price Indices","418","Lao People's Democratic Republic","2014","2014","23013","Consumer Prices, Food Indices (2015 = 100)","7005","May","6125","Value","","95.552549","X","Figure from external organization","base year is 2015"
"CP","Consumer Price Indices","418","Lao People's Democratic Republic","2014","2014","23013","Consumer Prices, Food Indices (2015 = 100)","7006","June","6125","Value","","95.910887","X","Figure from external organization","base year is 2015"
"CP","Consumer Price Indices","418","Lao People's Democratic Republic","2014","2014","23013","Consumer Prices, Food Indices (2015 = 100)","7007","July","6125","Value","","96.501182","X","Figure from external organization","base year is 2015"
"CP","Consumer Price Indices","418","Lao People's Democratic Republic","2014","2014","23013","Consumer Prices, Food Indices (2015 = 100)","7008","August","6125","Value","","96.87408","X","Figure from external organization","base year is 2015"
"CP","Consumer Price Indices","418","Lao People's Democratic Republic","2014","2014","23013","Consumer Prices, Food Indices (2015 = 100)","7009","September","6125","Value","","97.398054","X","Figure from external organization","base year is 2015"
"CP","Consumer Price Indices","418","Lao People's Democratic Republic","2014","2014","23013","Consumer Prices, Food Indices (2015 = 100)","7010","October","6125","Value","","96.973855","X","Figure from external organization","base year is 2015"
"CP","Consumer Price Indices","418","Lao People's Democratic Republic","2014","2014","23013","Consumer Prices, Food Indices (2015 = 100)","7011","November","6125","Value","","96.8105","X","Figure from external organization","base year is 2015"
"CP","Consumer Price Indices","418","Lao People's Democratic Republic","2014","2014","23013","Consumer Prices, Food Indices (2015 = 100)","7012","December","6125","Value","","96.837729","X","Figure from external organization","base year is 2015"
"CP","Consumer Price Indices","418","Lao People's Democratic Republic","2015","2015","23013","Consumer Prices, Food Indices (2015 = 100)","7001","January","6125","Value","","96.955009","X","Figure from external organization","base year is 2015"
"CP","Consumer Price Indices","418","Lao People's Democratic Republic","2015","2015","23013","Consumer Prices, Food Indices (2015 = 100)","7002","February","6125","Value","","97.161119","X","Figure from external organization","base year is 2015"
"CP","Consumer Price Indices","418","Lao People's Democratic Republic","2015","2015","23013","Consumer Prices, Food Indices (2015 = 100)","7003","March","6125","Value","","97.428052","X","Figure from external organization","base year is 2015"
"CP","Consumer Price Indices","418","Lao People's Democratic Republic","2015","2015","23013","Consumer Prices, Food Indices (2015 = 100)","7004","April","6125","Value","","99.038747","X","Figure from external organization","base year is 2015"
"CP","Consumer Price Indices","418","Lao People's Democratic Republic","2015","2015","23013","Consumer Prices, Food Indices (2015 = 100)","7005","May","6125","Value","","99.586162","X","Figure from external organization","base year is 2015"
"CP","Consumer Price Indices","418","Lao People's Democratic Republic","2015","2015","23013","Consumer Prices, Food Indices (2015 = 100)","7006","June","6125","Value","","100.172251","X","Figure from external organization","base year is 2015"
"CP","Consumer Price Indices","418","Lao People's Democratic Republic","2015","2015","23013","Consumer Prices, Food Indices (2015 = 100)","7007","July","6125","Value","","100.656311","X","Figure from external organization","base year is 2015"
"CP","Consumer Price Indices","418","Lao People's Democratic Republic","2015","2015","23013","Consumer Prices, Food Indices (2015 = 100)","7008","August","6125","Value","","101.438705","X","Figure from external organization","base year is 2015"
"CP","Consumer Price Indices","418","Lao People's Democratic Republic","2015","2015","23013","Consumer Prices, Food Indices (2015 = 100)","7009","September","6125","Value","","102.001627","X","Figure from external organization","base year is 2015"
"CP","Consumer Price Indices","418","Lao People's Democratic Republic","2015","2015","23013","Consumer Prices, Food Indices (2015 = 100)","7010","October","6125","Value","","102.216883","X","Figure from external organization","base year is 2015"
"CP","Consumer Price Indices","418","Lao People's Democratic Republic","2015","2015","23013","Consumer Prices, Food Indices (2015 = 100)","7011","November","6125","Value","","101.959196","X","Figure from external organization","base year is 2015"
"CP","Consumer Price Indices","418","Lao People's Democratic Republic","2015","2015","23013","Consumer Prices, Food Indices (2015 = 100)","7012","December","6125","Value","","101.601663","X","Figure from external organization","base year is 2015"
"CP","Consumer Price Indices","418","Lao People's Democratic Republic","2016","2016","23013","Consumer Prices, Food Indices (2015 = 100)","7001","January","6125","Value","","101.188153","X","Figure from external organization","base year is 2015"
"CP","Consumer Price Indices","418","Lao People's Democratic Republic","2016","2016","23013","Consumer Prices, Food Indices (2015 = 100)","7002","February","6125","Value","","101.909329","X","Figure from external organization","base year is 2015"
"CP","Consumer Price Indices","418","Lao People's Democratic Republic","2016","2016","23013","Consumer Prices, Food Indices (2015 = 100)","7003","March","6125","Value","","101.923031","X","Figure from external organization","base year is 2015"
"CP","Consumer Price Indices","418","Lao People's Democratic Republic","2016","2016","23013","Consumer Prices, Food Indices (2015 = 100)","7004","April","6125","Value","","102.882684","X","Figure from external organization","base year is 2015"
"CP","Consumer Price Indices","418","Lao People's Democratic Republic","2016","2016","23013","Consumer Prices, Food Indices (2015 = 100)","7005","May","6125","Value","","103.656965","X","Figure from external organization","base year is 2015"
"CP","Consumer Price Indices","418","Lao People's Democratic Republic","2016","2016","23013","Consumer Prices, Food Indices (2015 = 100)","7006","June","6125","Value","","104.582501","X","Figure from external organization","base year is 2015"
"CP","Consumer Price Indices","418","Lao People's Democratic Republic","2016","2016","23013","Consumer Prices, Food Indices (2015 = 100)","7007","July","6125","Value","","105.569296","X","Figure from external organization","base year is 2015"
"CP","Consumer Price Indices","418","Lao People's Democratic Republic","2016","2016","23013","Consumer Prices, Food Indices (2015 = 100)","7008","August","6125","Value","","106.004763","X","Figure from external organization","base year is 2015"
"CP","Consumer Price Indices","418","Lao People's Democratic Republic","2016","2016","23013","Consumer Prices, Food Indices (2015 = 100)","7009","September","6125","Value","","105.950815","X","Figure from external organization","base year is 2015"
"CP","Consumer Price Indices","418","Lao People's Democratic Republic","2016","2016","23013","Consumer Prices, Food Indices (2015 = 100)","7010","October","6125","Value","","106.073081","X","Figure from external organization","base year is 2015"
"CP","Consumer Price Indices","418","Lao People's Democratic Republic","2016","2016","23013","Consumer Prices, Food Indices (2015 = 100)","7011","November","6125","Value","","106.014339","X","Figure from external organization","base year is 2015"
"CP","Consumer Price Indices","418","Lao People's Democratic Republic","2016","2016","23013","Consumer Prices, Food Indices (2015 = 100)","7012","December","6125","Value","","106.070173","X","Figure from external organization","base year is 2015"
"CP","Consumer Price Indices","418","Lao People's Democratic Republic","2017","2017","23013","Consumer Prices, Food Indices (2015 = 100)","7001","January","6125","Value","","104.690514","X","Figure from external organization","base year is 2015"
"CP","Consumer Price Indices","418","Lao People's Democratic Republic","2017","2017","23013","Consumer Prices, Food Indices (2015 = 100)","7002","February","6125","Value","","103.550425","X","Figure from external organization","base year is 2015"
"CP","Consumer Price Indices","418","Lao People's Democratic Republic","2017","2017","23013","Consumer Prices, Food Indices (2015 = 100)","7003","March","6125","Value","","103.3437","X","Figure from external organization","base year is 2015"
"CP","Consumer Price Indices","418","Lao People's Democratic Republic","2017","2017","23013","Consumer Prices, Food Indices (2015 = 100)","7004","April","6125","Value","","103.763051","X","Figure from external organization","base year is 2015"
"CP","Consumer Price Indices","418","Lao People's Democratic Republic","2017","2017","23013","Consumer Prices, Food Indices (2015 = 100)","7005","May","6125","Value","","103.977992","X","Figure from external organization","base year is 2015"
"CP","Consumer Price Indices","418","Lao People's Democratic Republic","2017","2017","23013","Consumer Prices, Food Indices (2015 = 100)","7006","June","6125","Value","","104.208769","X","Figure from external organization","base year is 2015"
"CP","Consumer Price Indices","418","Lao People's Democratic Republic","2017","2017","23013","Consumer Prices, Food Indices (2015 = 100)","7007","July","6125","Value","","104.30575","X","Figure from external organization","base year is 2015"
"CP","Consumer Price Indices","418","Lao People's Democratic Republic","2017","2017","23013","Consumer Prices, Food Indices (2015 = 100)","7008","August","6125","Value","","104.733658","X","Figure from external organization","base year is 2015"
"CP","Consumer Price Indices","418","Lao People's Democratic Republic","2017","2017","23013","Consumer Prices, Food Indices (2015 = 100)","7009","September","6125","Value","","104.964355","X","Figure from external organization","base year is 2015"
"CP","Consumer Price Indices","418","Lao People's Democratic Republic","2017","2017","23013","Consumer Prices, Food Indices (2015 = 100)","7010","October","6125","Value","","105.064495","X","Figure from external organization","base year is 2015"
"CP","Consumer Price Indices","418","Lao People's Democratic Republic","2017","2017","23013","Consumer Prices, Food Indices (2015 = 100)","7011","November","6125","Value","","104.167174","X","Figure from external organization","base year is 2015"
"CP","Consumer Price Indices","418","Lao People's Democratic Republic","2017","2017","23013","Consumer Prices, Food Indices (2015 = 100)","7012","December","6125","Value","","103.834914","X","Figure from external organization","base year is 2015"
"CP","Consumer Price Indices","418","Lao People's Democratic Republic","2018","2018","23013","Consumer Prices, Food Indices (2015 = 100)","7001","January","6125","Value","","104.177007","X","Figure from external organization","base year is 2015"
"CP","Consumer Price Indices","418","Lao People's Democratic Republic","2018","2018","23013","Consumer Prices, Food Indices (2015 = 100)","7002","February","6125","Value","","104.535328","X","Figure from external organization","base year is 2015"
"CP","Consumer Price Indices","418","Lao People's Democratic Republic","2018","2018","23013","Consumer Prices, Food Indices (2015 = 100)","7003","March","6125","Value","","104.747722","X","Figure from external organization","base year is 2015"
"CP","Consumer Price Indices","418","Lao People's Democratic Republic","2018","2018","23013","Consumer Prices, Food Indices (2015 = 100)","7004","April","6125","Value","","104.805033","X","Figure from external organization","base year is 2015"
"CP","Consumer Price Indices","418","Lao People's Democratic Republic","2018","2018","23013","Consumer Prices, Food Indices (2015 = 100)","7005","May","6125","Value","","104.991046","X","Figure from external organization","base year is 2015"
"CP","Consumer Price Indices","418","Lao People's Democratic Republic","2018","2018","23013","Consumer Prices, Food Indices (2015 = 100)","7006","June","6125","Value","","105.392309","X","Figure from external organization","base year is 2015"
"CP","Consumer Price Indices","418","Lao People's Democratic Republic","2018","2018","23013","Consumer Prices, Food Indices (2015 = 100)","7007","July","6125","Value","","105.828471","X","Figure from external organization","base year is 2015"
"CP","Consumer Price Indices","418","Lao People's Democratic Republic","2018","2018","23013","Consumer Prices, Food Indices (2015 = 100)","7008","August","6125","Value","","106.646701","X","Figure from external organization","base year is 2015"
"CP","Consumer Price Indices","418","Lao People's Democratic Republic","2018","2018","23013","Consumer Prices, Food Indices (2015 = 100)","7009","September","6125","Value","","108.112006","X","Figure from external organization","base year is 2015"
"CP","Consumer Price Indices","418","Lao People's Democratic Republic","2018","2018","23013","Consumer Prices, Food Indices (2015 = 100)","7010","October","6125","Value","","106.525084","X","Figure from external organization","base year is 2015"
"CP","Consumer Price Indices","418","Lao People's Democratic Republic","2018","2018","23013","Consumer Prices, Food Indices (2015 = 100)","7011","November","6125","Value","","105.852376","X","Figure from external organization","base year is 2015"
"CP","Consumer Price Indices","418","Lao People's Democratic Republic","2018","2018","23013","Consumer Prices, Food Indices (2015 = 100)","7012","December","6125","Value","","104.462433","X","Figure from external organization","base year is 2015"
"CP","Consumer Price Indices","418","Lao People's Democratic Republic","2019","2019","23013","Consumer Prices, Food Indices (2015 = 100)","7001","January","6125","Value","","105.045715","X","Figure from external organization","base year is 2015"
"CP","Consumer Price Indices","418","Lao People's Democratic Republic","2019","2019","23013","Consumer Prices, Food Indices (2015 = 100)","7002","February","6125","Value","","105.839306","X","Figure from external organization","base year is 2015"
"CP","Consumer Price Indices","418","Lao People's Democratic Republic","2019","2019","23013","Consumer Prices, Food Indices (2015 = 100)","7003","March","6125","Value","","106.078012","X","Figure from external organization","base year is 2015"
"CP","Consumer Price Indices","418","Lao People's Democratic Republic","2019","2019","23013","Consumer Prices, Food Indices (2015 = 100)","7004","April","6125","Value","","107.138247","X","Figure from external organization","base year is 2015"
"CP","Consumer Price Indices","418","Lao People's Democratic Republic","2019","2019","23013","Consumer Prices, Food Indices (2015 = 100)","7005","May","6125","Value","","108.119927","X","Figure from external organization","base year is 2015"
"CP","Consumer Price Indices","418","Lao People's Democratic Republic","2019","2019","23013","Consumer Prices, Food Indices (2015 = 100)","7006","June","6125","Value","","108.766485","X","Figure from external organization","base year is 2015"
"CP","Consumer Price Indices","418","Lao People's Democratic Republic","2019","2019","23013","Consumer Prices, Food Indices (2015 = 100)","7007","July","6125","Value","","110.408064","X","Figure from external organization","base year is 2015"
"CP","Consumer Price Indices","418","Lao People's Democratic Republic","2019","2019","23013","Consumer Prices, Food Indices (2015 = 100)","7008","August","6125","Value","","111.667079","X","Figure from external organization","base year is 2015"
"CP","Consumer Price Indices","418","Lao People's Democratic Republic","2019","2019","23013","Consumer Prices, Food Indices (2015 = 100)","7009","September","6125","Value","","114.476076","X","Figure from external organization","base year is 2015"
"CP","Consumer Price Indices","418","Lao People's Democratic Republic","2019","2019","23013","Consumer Prices, Food Indices (2015 = 100)","7010","October","6125","Value","","115.930918","X","Figure from external organization","base year is 2015"
"CP","Consumer Price Indices","418","Lao People's Democratic Republic","2019","2019","23013","Consumer Prices, Food Indices (2015 = 100)","7011","November","6125","Value","","116.651733","X","Figure from external organization","base year is 2015"
"CP","Consumer Price Indices","418","Lao People's Democratic Republic","2019","2019","23013","Consumer Prices, Food Indices (2015 = 100)","7012","December","6125","Value","","115.198284","X","Figure from external organization","base year is 2015"
"CP","Consumer Price Indices","418","Lao People's Democratic Republic","2020","2020","23013","Consumer Prices, Food Indices (2015 = 100)","7001","January","6125","Value","","116.891754","X","Figure from external organization","base year is 2015"
"CP","Consumer Price Indices","418","Lao People's Democratic Republic","2020","2020","23013","Consumer Prices, Food Indices (2015 = 100)","7002","February","6125","Value","","115.950444","X","Figure from external organization","base year is 2015"
"CP","Consumer Price Indices","418","Lao People's Democratic Republic","2020","2020","23013","Consumer Prices, Food Indices (2015 = 100)","7003","March","6125","Value","","116.578337","X","Figure from external organization","base year is 2015"
"CP","Consumer Price Indices","418","Lao People's Democratic Republic","2020","2020","23013","Consumer Prices, Food Indices (2015 = 100)","7004","April","6125","Value","","119.287658","X","Figure from external organization","base year is 2015"
"CP","Consumer Price Indices","418","Lao People's Democratic Republic","2020","2020","23013","Consumer Prices, Food Indices (2015 = 100)","7005","May","6125","Value","","119.8789","X","Figure from external organization","base year is 2015"
"CP","Consumer Price Indices","418","Lao People's Democratic Republic","2020","2020","23013","Consumer Prices, Food Indices (2015 = 100)","7006","June","6125","Value","","119.311664","X","Figure from external organization","base year is 2015"
"CP","Consumer Price Indices","418","Lao People's Democratic Republic","2020","2020","23013","Consumer Prices, Food Indices (2015 = 100)","7007","July","6125","Value","","120.219838","X","Figure from external organization","base year is 2015"
"CP","Consumer Price Indices","418","Lao People's Democratic Republic","2020","2020","23013","Consumer Prices, Food Indices (2015 = 100)","7008","August","6125","Value","","122.845578","X","Figure from external organization","base year is 2015"
"CP","Consumer Price Indices","418","Lao People's Democratic Republic","2020","2020","23013","Consumer Prices, Food Indices (2015 = 100)","7009","September","6125","Value","","123.39817","X","Figure from external organization","base year is 2015"
"CP","Consumer Price Indices","418","Lao People's Democratic Republic","2020","2020","23013","Consumer Prices, Food Indices (2015 = 100)","7010","October","6125","Value","","122.778697","X","Figure from external organization","base year is 2015"
"CP","Consumer Price Indices","418","Lao People's Democratic Republic","2020","2020","23013","Consumer Prices, Food Indices (2015 = 100)","7011","November","6125","Value","","121.528745","X","Figure from external organization","base year is 2015"
"CP","Consumer Price Indices","418","Lao People's Democratic Republic","2020","2020","23013","Consumer Prices, Food Indices (2015 = 100)","7012","December","6125","Value","","120.724951","X","Figure from external organization","base year is 2015"
"CP","Consumer Price Indices","418","Lao People's Democratic Republic","2021","2021","23013","Consumer Prices, Food Indices (2015 = 100)","7001","January","6125","Value","","119.770999","X","Figure from external organization","base year is 2015"
"CP","Consumer Price Indices","418","Lao People's Democratic Republic","2021","2021","23013","Consumer Prices, Food Indices (2015 = 100)","7002","February","6125","Value","","118.825173","X","Figure from external organization","base year is 2015"
"CP","Consumer Price Indices","418","Lao People's Democratic Republic","2021","2021","23013","Consumer Prices, Food Indices (2015 = 100)","7003","March","6125","Value","","119.850872","X","Figure from external organization","base year is 2015"
"CP","Consumer Price Indices","418","Lao People's Democratic Republic","2021","2021","23013","Consumer Prices, Food Indices (2015 = 100)","7004","April","6125","Value","","122.477488","X","Figure from external organization","base year is 2015"
"CP","Consumer Price Indices","418","Lao People's Democratic Republic","2021","2021","23013","Consumer Prices, Food Indices (2015 = 100)","7005","May","6125","Value","","123.628692","X","Figure from external organization","base year is 2015"
"CP","Consumer Price Indices","418","Lao People's Democratic Republic","2021","2021","23013","Consumer Prices, Food Indices (2015 = 100)","7006","June","6125","Value","","124.191548","X","Figure from external organization","base year is 2015"
"CP","Consumer Price Indices","418","Lao People's Democratic Republic","2021","2021","23013","Consumer Prices, Food Indices (2015 = 100)","7007","July","6125","Value","","125.559285","X","Figure from external organization","base year is 2015"
"CP","Consumer Price Indices","418","Lao People's Democratic Republic","2021","2021","23013","Consumer Prices, Food Indices (2015 = 100)","7008","August","6125","Value","","126.262123","X","Figure from external organization","base year is 2015"
"CP","Consumer Price Indices","418","Lao People's Democratic Republic","2021","2021","23013","Consumer Prices, Food Indices (2015 = 100)","7009","September","6125","Value","","127.215853","X","Figure from external organization","base year is 2015"
"CP","Consumer Price Indices","418","Lao People's Democratic Republic","2021","2021","23013","Consumer Prices, Food Indices (2015 = 100)","7010","October","6125","Value","","126.399769","X","Figure from external organization","base year is 2015"
"CP","Consumer Price Indices","418","Lao People's Democratic Republic","2021","2021","23013","Consumer Prices, Food Indices (2015 = 100)","7011","November","6125","Value","","124.701049","X","Figure from external organization","base year is 2015"
"CP","Consumer Price Indices","418","Lao People's Democratic Republic","2021","2021","23013","Consumer Prices, Food Indices (2015 = 100)","7012","December","6125","Value","","123.945304","X","Figure from external organization","base year is 2015"
"CP","Consumer Price Indices","418","Lao People's Democratic Republic","2022","2022","23013","Consumer Prices, Food Indices (2015 = 100)","7001","January","6125","Value","","124.763226","X","Figure from external organization","base year is 2015"
"CP","Consumer Price Indices","418","Lao People's Democratic Republic","2022","2022","23013","Consumer Prices, Food Indices (2015 = 100)","7002","February","6125","Value","","125.319892","X","Figure from external organization","base year is 2015"
"CP","Consumer Price Indices","418","Lao People's Democratic Republic","2022","2022","23013","Consumer Prices, Food Indices (2015 = 100)","7003","March","6125","Value","","127.17709","X","Figure from external organization","base year is 2015"
"CP","Consumer Price Indices","418","Lao People's Democratic Republic","2022","2022","23013","Consumer Prices, Food Indices (2015 = 100)","7004","April","6125","Value","","129.485989","X","Figure from external organization","base year is 2015"
"CP","Consumer Price Indices","418","Lao People's Democratic Republic","2022","2022","23013","Consumer Prices, Food Indices (2015 = 100)","7005","May","6125","Value","","133.64244","X","Figure from external organization","base year is 2015"
"CP","Consumer Price Indices","418","Lao People's Democratic Republic","2022","2022","23013","Consumer Prices, Food Indices (2015 = 100)","7006","June","6125","Value","","145.18448","X","Figure from external organization","base year is 2015"
"CP","Consumer Price Indices","418","Lao People's Democratic Republic","2022","2022","23013","Consumer Prices, Food Indices (2015 = 100)","7007","July","6125","Value","","152.691061","X","Figure from external organization","base year is 2015"
"CP","Consumer Price Indices","418","Lao People's Democratic Republic","2022","2022","23013","Consumer Prices, Food Indices (2015 = 100)","7008","August","6125","Value","","164.3517","X","Figure from external organization","base year is 2015"
"CP","Consumer Price Indices","418","Lao People's Democratic Republic","2022","2022","23013","Consumer Prices, Food Indices (2015 = 100)","7009","September","6125","Value","","172.424208","X","Figure from external organization","base year is 2015"
"CP","Consumer Price Indices","418","Lao People's Democratic Republic","2022","2022","23013","Consumer Prices, Food Indices (2015 = 100)","7010","October","6125","Value","","175.475593","X","Figure from external organization","base year is 2015"
"CP","Consumer Price Indices","418","Lao People's Democratic Republic","2022","2022","23013","Consumer Prices, Food Indices (2015 = 100)","7011","November","6125","Value","","177.924527","X","Figure from external organization","base year is 2015"
"CP","Consumer Price Indices","418","Lao People's Democratic Republic","2022","2022","23013","Consumer Prices, Food Indices (2015 = 100)","7012","December","6125","Value","","180.828404","X","Figure from external organization","base year is 2015"
"CP","Consumer Price Indices","418","Lao People's Democratic Republic","2023","2023","23013","Consumer Prices, Food Indices (2015 = 100)","7001","January","6125","Value","","183.535745","X","Figure from external organization","base year is 2015"
"CP","Consumer Price Indices","418","Lao People's Democratic Republic","2023","2023","23013","Consumer Prices, Food Indices (2015 = 100)","7002","February","6125","Value","","187.14455","X","Figure from external organization","base year is 2015"
"CP","Consumer Price Indices","418","Lao People's Democratic Republic","2023","2023","23013","Consumer Prices, Food Indices (2015 = 100)","7003","March","6125","Value","","192.039022","X","Figure from external organization","base year is 2015"
"CP","Consumer Price Indices","418","Lao People's Democratic Republic","2023","2023","23013","Consumer Prices, Food Indices (2015 = 100)","7004","April","6125","Value","","197.086905","X","Figure from external organization","base year is 2015"
"CP","Consumer Price Indices","418","Lao People's Democratic Republic","2023","2023","23013","Consumer Prices, Food Indices (2015 = 100)","7005","May","6125","Value","","204.054847","X","Figure from external organization","base year is 2015"
"CP","Consumer Price Indices","418","Lao People's Democratic Republic","2023","2023","23013","Consumer Prices, Food Indices (2015 = 100)","7006","June","6125","Value","","207.208867","X","Figure from external organization","base year is 2015"
"CP","Consumer Price Indices","418","Lao People's Democratic Republic","2023","2023","23013","Consumer Prices, Food Indices (2015 = 100)","7007","July","6125","Value","","210.41805","X","Figure from external organization","base year is 2015"
"CP","Consumer Price Indices","418","Lao People's Democratic Republic","2023","2023","23013","Consumer Prices, Food Indices (2015 = 100)","7008","August","6125","Value","","216.698096","X","Figure from external organization","base year is 2015"
"CP","Consumer Price Indices","418","Lao People's Democratic Republic","2023","2023","23013","Consumer Prices, Food Indices (2015 = 100)","7009","September","6125","Value","","223.079246","X","Figure from external organization","base year is 2015"
"CP","Consumer Price Indices","418","Lao People's Democratic Republic","2023","2023","23013","Consumer Prices, Food Indices (2015 = 100)","7010","October","6125","Value","","226.356449","X","Figure from external organization","base year is 2015"
"CP","Consumer Price Indices","418","Lao People's Democratic Republic","2023","2023","23013","Consumer Prices, Food Indices (2015 = 100)","7011","November","6125","Value","","224.974893","X","Figure from external organization","base year is 2015"
"CP","Consumer Price Indices","418","Lao People's Democratic Republic","2023","2023","23013","Consumer Prices, Food Indices (2015 = 100)","7012","December","6125","Value","","224.151647","X","Figure from external organization","base year is 2015"
"CP","Consumer Price Indices","418","Lao People's Democratic Republic","2024","2024","23013","Consumer Prices, Food Indices (2015 = 100)","7001","January","6125","Value","","229.892126","X","Figure from external organization","base year is 2015"
"CP","Consumer Price Indices","418","Lao People's Democratic Republic","2024","2024","23013","Consumer Prices, Food Indices (2015 = 100)","7002","February","6125","Value","","234.840968","X","Figure from external organization","base year is 2015"
"CP","Consumer Price Indices","418","Lao People's Democratic Republic","2024","2024","23013","Consumer Prices, Food Indices (2015 = 100)","7003","March","6125","Value","","237.388733","X","Figure from external organization","base year is 2015"
"CP","Consumer Price Indices","418","Lao People's Democratic Republic","2024","2024","23013","Consumer Prices, Food Indices (2015 = 100)","7004","April","6125","Value","","240.452383","X","Figure from external organization","base year is 2015"
"CP","Consumer Price Indices","418","Lao People's Democratic Republic","2024","2024","23013","Consumer Prices, Food Indices (2015 = 100)","7005","May","6125","Value","","251.239224","X","Figure from external organization","base year is 2015"
"CP","Consumer Price Indices","418","Lao People's Democratic Republic","2024","2024","23013","Consumer Prices, Food Indices (2015 = 100)","7006","June","6125","Value","","256.353672","X","Figure from external organization","base year is 2015"
"CP","Consumer Price Indices","418","Lao People's Democratic Republic","2024","2024","23013","Consumer Prices, Food Indices (2015 = 100)","7007","July","6125","Value","","259.748116","X","Figure from external organization","base year is 2015"
"CP","Consumer Price Indices","418","Lao People's Democratic Republic","2024","2024","23013","Consumer Prices, Food Indices (2015 = 100)","7008","August","6125","Value","","265.527365","X","Figure from external organization","base year is 2015"
"CP","Consumer Price Indices","418","Lao People's Democratic Republic","2024","2024","23013","Consumer Prices, Food Indices (2015 = 100)","7009","September","6125","Value","","270.215004","X","Figure from external organization","base year is 2015"
"CP","Consumer Price Indices","418","Lao People's Democratic Republic","2024","2024","23013","Consumer Prices, Food Indices (2015 = 100)","7010","October","6125","Value","","276.32996","X","Figure from external organization","base year is 2015"
"CP","Consumer Price Indices","418","Lao People's Democratic Republic","2024","2024","23013","Consumer Prices, Food Indices (2015 = 100)","7011","November","6125","Value","","268.761796","X","Figure from external organization","base year is 2015"
"CP","Consumer Price Indices","418","Lao People's Democratic Republic","2024","2024","23013","Consumer Prices, Food Indices (2015 = 100)","7012","December","6125","Value","","262.631495","X","Figure from external organization","base year is 2015"
"CP","Consumer Price Indices","418","Lao People's Democratic Republic","2025","2025","23013","Consumer Prices, Food Indices (2015 = 100)","7001","January","6125","Value","","262.999425","X","Figure from external organization","base year is 2015"
"CP","Consumer Price Indices","418","Lao People's Democratic Republic","2025","2025","23013","Consumer Prices, Food Indices (2015 = 100)","7002","February","6125","Value","","260.248615","X","Figure from external organization","base year is 2015"
"CP","Consumer Price Indices","418","Lao People's Democratic Republic","2025","2025","23013","Consumer Prices, Food Indices (2015 = 100)","7003","March","6125","Value","","257.896984","X","Figure from external organization","base year is 2015"
"CP","Consumer Price Indices","418","Lao People's Democratic Republic","2025","2025","23013","Consumer Prices, Food Indices (2015 = 100)","7004","April","6125","Value","","263.877037","X","Figure from external organization","base year is 2015"
"CP","Consumer Price Indices","418","Lao People's Democratic Republic","2025","2025","23013","Consumer Prices, Food Indices (2015 = 100)","7005","May","6125","Value","","265.469232","X","Figure from external organization","base year is 2015"
"CP","Consumer Price Indices","418","Lao People's Democratic Republic","2025","2025","23013","Consumer Prices, Food Indices (2015 = 100)","7006","June","6125","Value","","269.658865","X","Figure from external organization","base year is 2015"
"CP","Consumer Price Indices","418","Lao People's Democratic Republic","2025","2025","23013","Consumer Prices, Food Indices (2015 = 100)","7007","July","6125","Value","","270.434067","X","Figure from external organization","base year is 2015"
"CP","Consumer Price Indices","418","Lao People's Democratic Republic","2025","2025","23013","Consumer Prices, Food Indices (2015 = 100)","7008","August","6125","Value","","273.714879","X","Figure from external organization","base year is 2015"
"CP","Consumer Price Indices","418","Lao People's Democratic Republic","2025","2025","23013","Consumer Prices, Food Indices (2015 = 100)","7009","September","6125","Value","","275.43632","X","Figure from external organization","base year is 2015"
"CP","Consumer Price Indices","458","Malaysia","2000","2000","23013","Consumer Prices, Food Indices (2015 = 100)","7001","January","6125","Value","","62.710791","X","Figure from external organization","base year is 2015"
"CP","Consumer Price Indices","458","Malaysia","2000","2000","23013","Consumer Prices, Food Indices (2015 = 100)","7002","February","6125","Value","","62.523967","X","Figure from external organization","base year is 2015"
"CP","Consumer Price Indices","458","Malaysia","2000","2000","23013","Consumer Prices, Food Indices (2015 = 100)","7003","March","6125","Value","","62.274867","X","Figure from external organization","base year is 2015"
"CP","Consumer Price Indices","458","Malaysia","2000","2000","23013","Consumer Prices, Food Indices (2015 = 100)","7004","April","6125","Value","","62.212592","X","Figure from external organization","base year is 2015"
"CP","Consumer Price Indices","458","Malaysia","2000","2000","23013","Consumer Prices, Food Indices (2015 = 100)","7005","May","6125","Value","","62.274867","X","Figure from external organization","base year is 2015"
"CP","Consumer Price Indices","458","Malaysia","2000","2000","23013","Consumer Prices, Food Indices (2015 = 100)","7006","June","6125","Value","","62.274867","X","Figure from external organization","base year is 2015"
"CP","Consumer Price Indices","458","Malaysia","2000","2000","23013","Consumer Prices, Food Indices (2015 = 100)","7007","July","6125","Value","","62.274867","X","Figure from external organization","base year is 2015"
"CP","Consumer Price Indices","458","Malaysia","2000","2000","23013","Consumer Prices, Food Indices (2015 = 100)","7008","August","6125","Value","","62.088043","X","Figure from external organization","base year is 2015"
"CP","Consumer Price Indices","458","Malaysia","2000","2000","23013","Consumer Prices, Food Indices (2015 = 100)","7009","September","6125","Value","","61.963493","X","Figure from external organization","base year is 2015"
"CP","Consumer Price Indices","458","Malaysia","2000","2000","23013","Consumer Prices, Food Indices (2015 = 100)","7010","October","6125","Value","","61.963493","X","Figure from external organization","base year is 2015"
"CP","Consumer Price Indices","458","Malaysia","2000","2000","23013","Consumer Prices, Food Indices (2015 = 100)","7011","November","6125","Value","","61.963493","X","Figure from external organization","base year is 2015"
"CP","Consumer Price Indices","458","Malaysia","2000","2000","23013","Consumer Prices, Food Indices (2015 = 100)","7012","December","6125","Value","","62.773066","X","Figure from external organization","base year is 2015"
"CP","Consumer Price Indices","458","Malaysia","2001","2001","23013","Consumer Prices, Food Indices (2015 = 100)","7001","January","6125","Value","","63.08444","X","Figure from external organization","base year is 2015"
"CP","Consumer Price Indices","458","Malaysia","2001","2001","23013","Consumer Prices, Food Indices (2015 = 100)","7002","February","6125","Value","","63.022166","X","Figure from external organization","base year is 2015"
"CP","Consumer Price Indices","458","Malaysia","2001","2001","23013","Consumer Prices, Food Indices (2015 = 100)","7003","March","6125","Value","","62.710791","X","Figure from external organization","base year is 2015"
"CP","Consumer Price Indices","458","Malaysia","2001","2001","23013","Consumer Prices, Food Indices (2015 = 100)","7004","April","6125","Value","","62.648516","X","Figure from external organization","base year is 2015"
"CP","Consumer Price Indices","458","Malaysia","2001","2001","23013","Consumer Prices, Food Indices (2015 = 100)","7005","May","6125","Value","","62.835341","X","Figure from external organization","base year is 2015"
"CP","Consumer Price Indices","458","Malaysia","2001","2001","23013","Consumer Prices, Food Indices (2015 = 100)","7006","June","6125","Value","","62.586241","X","Figure from external organization","base year is 2015"
"CP","Consumer Price Indices","458","Malaysia","2001","2001","23013","Consumer Prices, Food Indices (2015 = 100)","7007","July","6125","Value","","62.523967","X","Figure from external organization","base year is 2015"
"CP","Consumer Price Indices","458","Malaysia","2001","2001","23013","Consumer Prices, Food Indices (2015 = 100)","7008","August","6125","Value","","62.337142","X","Figure from external organization","base year is 2015"
"CP","Consumer Price Indices","458","Malaysia","2001","2001","23013","Consumer Prices, Food Indices (2015 = 100)","7009","September","6125","Value","","62.586241","X","Figure from external organization","base year is 2015"
"CP","Consumer Price Indices","458","Malaysia","2001","2001","23013","Consumer Prices, Food Indices (2015 = 100)","7010","October","6125","Value","","62.337142","X","Figure from external organization","base year is 2015"
"CP","Consumer Price Indices","458","Malaysia","2001","2001","23013","Consumer Prices, Food Indices (2015 = 100)","7011","November","6125","Value","","62.773066","X","Figure from external organization","base year is 2015"
"CP","Consumer Price Indices","458","Malaysia","2001","2001","23013","Consumer Prices, Food Indices (2015 = 100)","7012","December","6125","Value","","62.959891","X","Figure from external organization","base year is 2015"
"CP","Consumer Price Indices","458","Malaysia","2002","2002","23013","Consumer Prices, Food Indices (2015 = 100)","7001","January","6125","Value","","63.271265","X","Figure from external organization","base year is 2015"
"CP","Consumer Price Indices","458","Malaysia","2002","2002","23013","Consumer Prices, Food Indices (2015 = 100)","7002","February","6125","Value","","63.582639","X","Figure from external organization","base year is 2015"
"CP","Consumer Price Indices","458","Malaysia","2002","2002","23013","Consumer Prices, Food Indices (2015 = 100)","7003","March","6125","Value","","63.08444","X","Figure from external organization","base year is 2015"
"CP","Consumer Price Indices","458","Malaysia","2002","2002","23013","Consumer Prices, Food Indices (2015 = 100)","7004","April","6125","Value","","62.897616","X","Figure from external organization","base year is 2015"
"CP","Consumer Price Indices","458","Malaysia","2002","2002","23013","Consumer Prices, Food Indices (2015 = 100)","7005","May","6125","Value","","62.835341","X","Figure from external organization","base year is 2015"
"CP","Consumer Price Indices","458","Malaysia","2002","2002","23013","Consumer Prices, Food Indices (2015 = 100)","7006","June","6125","Value","","63.08444","X","Figure from external organization","base year is 2015"
"CP","Consumer Price Indices","458","Malaysia","2002","2002","23013","Consumer Prices, Food Indices (2015 = 100)","7007","July","6125","Value","","63.022166","X","Figure from external organization","base year is 2015"
"CP","Consumer Price Indices","458","Malaysia","2002","2002","23013","Consumer Prices, Food Indices (2015 = 100)","7008","August","6125","Value","","62.959891","X","Figure from external organization","base year is 2015"
"CP","Consumer Price Indices","458","Malaysia","2002","2002","23013","Consumer Prices, Food Indices (2015 = 100)","7009","September","6125","Value","","62.959891","X","Figure from external organization","base year is 2015"
"CP","Consumer Price Indices","458","Malaysia","2002","2002","23013","Consumer Prices, Food Indices (2015 = 100)","7010","October","6125","Value","","62.897616","X","Figure from external organization","base year is 2015"
"CP","Consumer Price Indices","458","Malaysia","2002","2002","23013","Consumer Prices, Food Indices (2015 = 100)","7011","November","6125","Value","","63.33354","X","Figure from external organization","base year is 2015"
"CP","Consumer Price Indices","458","Malaysia","2002","2002","23013","Consumer Prices, Food Indices (2015 = 100)","7012","December","6125","Value","","63.769464","X","Figure from external organization","base year is 2015"
"CP","Consumer Price Indices","458","Malaysia","2003","2003","23013","Consumer Prices, Food Indices (2015 = 100)","7001","January","6125","Value","","64.018563","X","Figure from external organization","base year is 2015"
"CP","Consumer Price Indices","458","Malaysia","2003","2003","23013","Consumer Prices, Food Indices (2015 = 100)","7002","February","6125","Value","","64.205388","X","Figure from external organization","base year is 2015"
"CP","Consumer Price Indices","458","Malaysia","2003","2003","23013","Consumer Prices, Food Indices (2015 = 100)","7003","March","6125","Value","","63.644914","X","Figure from external organization","base year is 2015"
"CP","Consumer Price Indices","458","Malaysia","2003","2003","23013","Consumer Prices, Food Indices (2015 = 100)","7004","April","6125","Value","","63.769464","X","Figure from external organization","base year is 2015"
"CP","Consumer Price Indices","458","Malaysia","2003","2003","23013","Consumer Prices, Food Indices (2015 = 100)","7005","May","6125","Value","","63.831739","X","Figure from external organization","base year is 2015"
"CP","Consumer Price Indices","458","Malaysia","2003","2003","23013","Consumer Prices, Food Indices (2015 = 100)","7006","June","6125","Value","","63.769464","X","Figure from external organization","base year is 2015"
"CP","Consumer Price Indices","458","Malaysia","2003","2003","23013","Consumer Prices, Food Indices (2015 = 100)","7007","July","6125","Value","","63.956289","X","Figure from external organization","base year is 2015"
"CP","Consumer Price Indices","458","Malaysia","2003","2003","23013","Consumer Prices, Food Indices (2015 = 100)","7008","August","6125","Value","","63.894014","X","Figure from external organization","base year is 2015"
"CP","Consumer Price Indices","458","Malaysia","2003","2003","23013","Consumer Prices, Food Indices (2015 = 100)","7009","September","6125","Value","","63.831739","X","Figure from external organization","base year is 2015"
"CP","Consumer Price Indices","458","Malaysia","2003","2003","23013","Consumer Prices, Food Indices (2015 = 100)","7010","October","6125","Value","","64.018563","X","Figure from external organization","base year is 2015"
"CP","Consumer Price Indices","458","Malaysia","2003","2003","23013","Consumer Prices, Food Indices (2015 = 100)","7011","November","6125","Value","","64.205388","X","Figure from external organization","base year is 2015"
"CP","Consumer Price Indices","458","Malaysia","2003","2003","23013","Consumer Prices, Food Indices (2015 = 100)","7012","December","6125","Value","","64.703587","X","Figure from external organization","base year is 2015"
"CP","Consumer Price Indices","458","Malaysia","2004","2004","23013","Consumer Prices, Food Indices (2015 = 100)","7001","January","6125","Value","","64.765862","X","Figure from external organization","base year is 2015"
"CP","Consumer Price Indices","458","Malaysia","2004","2004","23013","Consumer Prices, Food Indices (2015 = 100)","7002","February","6125","Value","","64.765862","X","Figure from external organization","base year is 2015"
"CP","Consumer Price Indices","458","Malaysia","2004","2004","23013","Consumer Prices, Food Indices (2015 = 100)","7003","March","6125","Value","","64.579037","X","Figure from external organization","base year is 2015"
"CP","Consumer Price Indices","458","Malaysia","2004","2004","23013","Consumer Prices, Food Indices (2015 = 100)","7004","April","6125","Value","","64.765862","X","Figure from external organization","base year is 2015"
"CP","Consumer Price Indices","458","Malaysia","2004","2004","23013","Consumer Prices, Food Indices (2015 = 100)","7005","May","6125","Value","","65.139511","X","Figure from external organization","base year is 2015"
"CP","Consumer Price Indices","458","Malaysia","2004","2004","23013","Consumer Prices, Food Indices (2015 = 100)","7006","June","6125","Value","","65.326336","X","Figure from external organization","base year is 2015"
"CP","Consumer Price Indices","458","Malaysia","2004","2004","23013","Consumer Prices, Food Indices (2015 = 100)","7007","July","6125","Value","","65.51316","X","Figure from external organization","base year is 2015"
"CP","Consumer Price Indices","458","Malaysia","2004","2004","23013","Consumer Prices, Food Indices (2015 = 100)","7008","August","6125","Value","","65.575435","X","Figure from external organization","base year is 2015"
"CP","Consumer Price Indices","458","Malaysia","2004","2004","23013","Consumer Prices, Food Indices (2015 = 100)","7009","September","6125","Value","","65.450885","X","Figure from external organization","base year is 2015"
"CP","Consumer Price Indices","458","Malaysia","2004","2004","23013","Consumer Prices, Food Indices (2015 = 100)","7010","October","6125","Value","","65.886809","X","Figure from external organization","base year is 2015"
"CP","Consumer Price Indices","458","Malaysia","2004","2004","23013","Consumer Prices, Food Indices (2015 = 100)","7011","November","6125","Value","","66.322733","X","Figure from external organization","base year is 2015"
"CP","Consumer Price Indices","458","Malaysia","2004","2004","23013","Consumer Prices, Food Indices (2015 = 100)","7012","December","6125","Value","","66.634108","X","Figure from external organization","base year is 2015"
"CP","Consumer Price Indices","458","Malaysia","2005","2005","23013","Consumer Prices, Food Indices (2015 = 100)","7001","January","6125","Value","","66.820932","X","Figure from external organization","base year is 2015"
"CP","Consumer Price Indices","458","Malaysia","2005","2005","23013","Consumer Prices, Food Indices (2015 = 100)","7002","February","6125","Value","","66.820932","X","Figure from external organization","base year is 2015"
"CP","Consumer Price Indices","458","Malaysia","2005","2005","23013","Consumer Prices, Food Indices (2015 = 100)","7003","March","6125","Value","","66.956472","X","Figure from external organization","base year is 2015"
"CP","Consumer Price Indices","458","Malaysia","2005","2005","23013","Consumer Prices, Food Indices (2015 = 100)","7004","April","6125","Value","","67.227551","X","Figure from external organization","base year is 2015"
"CP","Consumer Price Indices","458","Malaysia","2005","2005","23013","Consumer Prices, Food Indices (2015 = 100)","7005","May","6125","Value","","67.498629","X","Figure from external organization","base year is 2015"
"CP","Consumer Price Indices","458","Malaysia","2005","2005","23013","Consumer Prices, Food Indices (2015 = 100)","7006","June","6125","Value","","67.837478","X","Figure from external organization","base year is 2015"
"CP","Consumer Price Indices","458","Malaysia","2005","2005","23013","Consumer Prices, Food Indices (2015 = 100)","7007","July","6125","Value","","67.701939","X","Figure from external organization","base year is 2015"
"CP","Consumer Price Indices","458","Malaysia","2005","2005","23013","Consumer Prices, Food Indices (2015 = 100)","7008","August","6125","Value","","67.973017","X","Figure from external organization","base year is 2015"
"CP","Consumer Price Indices","458","Malaysia","2005","2005","23013","Consumer Prices, Food Indices (2015 = 100)","7009","September","6125","Value","","68.108557","X","Figure from external organization","base year is 2015"
"CP","Consumer Price Indices","458","Malaysia","2005","2005","23013","Consumer Prices, Food Indices (2015 = 100)","7010","October","6125","Value","","68.379636","X","Figure from external organization","base year is 2015"
"CP","Consumer Price Indices","458","Malaysia","2005","2005","23013","Consumer Prices, Food Indices (2015 = 100)","7011","November","6125","Value","","68.786254","X","Figure from external organization","base year is 2015"
"CP","Consumer Price Indices","458","Malaysia","2005","2005","23013","Consumer Prices, Food Indices (2015 = 100)","7012","December","6125","Value","","69.125102","X","Figure from external organization","base year is 2015"
"CP","Consumer Price Indices","458","Malaysia","2006","2006","23013","Consumer Prices, Food Indices (2015 = 100)","7001","January","6125","Value","","69.66726","X","Figure from external organization","base year is 2015"
"CP","Consumer Price Indices","458","Malaysia","2006","2006","23013","Consumer Prices, Food Indices (2015 = 100)","7002","February","6125","Value","","69.531721","X","Figure from external organization","base year is 2015"
"CP","Consumer Price Indices","458","Malaysia","2006","2006","23013","Consumer Prices, Food Indices (2015 = 100)","7003","March","6125","Value","","69.328412","X","Figure from external organization","base year is 2015"
"CP","Consumer Price Indices","458","Malaysia","2006","2006","23013","Consumer Prices, Food Indices (2015 = 100)","7004","April","6125","Value","","69.328412","X","Figure from external organization","base year is 2015"
"CP","Consumer Price Indices","458","Malaysia","2006","2006","23013","Consumer Prices, Food Indices (2015 = 100)","7005","May","6125","Value","","69.73503","X","Figure from external organization","base year is 2015"
"CP","Consumer Price Indices","458","Malaysia","2006","2006","23013","Consumer Prices, Food Indices (2015 = 100)","7006","June","6125","Value","","70.006109","X","Figure from external organization","base year is 2015"
"CP","Consumer Price Indices","458","Malaysia","2006","2006","23013","Consumer Prices, Food Indices (2015 = 100)","7007","July","6125","Value","","70.277188","X","Figure from external organization","base year is 2015"
"CP","Consumer Price Indices","458","Malaysia","2006","2006","23013","Consumer Prices, Food Indices (2015 = 100)","7008","August","6125","Value","","70.141648","X","Figure from external organization","base year is 2015"
"CP","Consumer Price Indices","458","Malaysia","2006","2006","23013","Consumer Prices, Food Indices (2015 = 100)","7009","September","6125","Value","","70.209418","X","Figure from external organization","base year is 2015"
"CP","Consumer Price Indices","458","Malaysia","2006","2006","23013","Consumer Prices, Food Indices (2015 = 100)","7010","October","6125","Value","","70.412727","X","Figure from external organization","base year is 2015"
"CP","Consumer Price Indices","458","Malaysia","2006","2006","23013","Consumer Prices, Food Indices (2015 = 100)","7011","November","6125","Value","","70.819345","X","Figure from external organization","base year is 2015"
"CP","Consumer Price Indices","458","Malaysia","2006","2006","23013","Consumer Prices, Food Indices (2015 = 100)","7012","December","6125","Value","","71.158194","X","Figure from external organization","base year is 2015"
"CP","Consumer Price Indices","458","Malaysia","2007","2007","23013","Consumer Prices, Food Indices (2015 = 100)","7001","January","6125","Value","","71.835891","X","Figure from external organization","base year is 2015"
"CP","Consumer Price Indices","458","Malaysia","2007","2007","23013","Consumer Prices, Food Indices (2015 = 100)","7002","February","6125","Value","","71.768121","X","Figure from external organization","base year is 2015"
"CP","Consumer Price Indices","458","Malaysia","2007","2007","23013","Consumer Prices, Food Indices (2015 = 100)","7003","March","6125","Value","","71.429273","X","Figure from external organization","base year is 2015"
"CP","Consumer Price Indices","458","Malaysia","2007","2007","23013","Consumer Prices, Food Indices (2015 = 100)","7004","April","6125","Value","","71.429273","X","Figure from external organization","base year is 2015"
"CP","Consumer Price Indices","458","Malaysia","2007","2007","23013","Consumer Prices, Food Indices (2015 = 100)","7005","May","6125","Value","","71.429273","X","Figure from external organization","base year is 2015"
"CP","Consumer Price Indices","458","Malaysia","2007","2007","23013","Consumer Prices, Food Indices (2015 = 100)","7006","June","6125","Value","","71.632582","X","Figure from external organization","base year is 2015"
"CP","Consumer Price Indices","458","Malaysia","2007","2007","23013","Consumer Prices, Food Indices (2015 = 100)","7007","July","6125","Value","","71.903661","X","Figure from external organization","base year is 2015"
"CP","Consumer Price Indices","458","Malaysia","2007","2007","23013","Consumer Prices, Food Indices (2015 = 100)","7008","August","6125","Value","","72.10697","X","Figure from external organization","base year is 2015"
"CP","Consumer Price Indices","458","Malaysia","2007","2007","23013","Consumer Prices, Food Indices (2015 = 100)","7009","September","6125","Value","","72.310279","X","Figure from external organization","base year is 2015"
"CP","Consumer Price Indices","458","Malaysia","2007","2007","23013","Consumer Prices, Food Indices (2015 = 100)","7010","October","6125","Value","","72.513588","X","Figure from external organization","base year is 2015"
"CP","Consumer Price Indices","458","Malaysia","2007","2007","23013","Consumer Prices, Food Indices (2015 = 100)","7011","November","6125","Value","","73.530134","X","Figure from external organization","base year is 2015"
"CP","Consumer Price Indices","458","Malaysia","2007","2007","23013","Consumer Prices, Food Indices (2015 = 100)","7012","December","6125","Value","","74.140061","X","Figure from external organization","base year is 2015"
"CP","Consumer Price Indices","458","Malaysia","2008","2008","23013","Consumer Prices, Food Indices (2015 = 100)","7001","January","6125","Value","","74.614449","X","Figure from external organization","base year is 2015"
"CP","Consumer Price Indices","458","Malaysia","2008","2008","23013","Consumer Prices, Food Indices (2015 = 100)","7002","February","6125","Value","","75.021067","X","Figure from external organization","base year is 2015"
"CP","Consumer Price Indices","458","Malaysia","2008","2008","23013","Consumer Prices, Food Indices (2015 = 100)","7003","March","6125","Value","","74.953297","X","Figure from external organization","base year is 2015"
"CP","Consumer Price Indices","458","Malaysia","2008","2008","23013","Consumer Prices, Food Indices (2015 = 100)","7004","April","6125","Value","","75.495455","X","Figure from external organization","base year is 2015"
"CP","Consumer Price Indices","458","Malaysia","2008","2008","23013","Consumer Prices, Food Indices (2015 = 100)","7005","May","6125","Value","","77.257467","X","Figure from external organization","base year is 2015"
"CP","Consumer Price Indices","458","Malaysia","2008","2008","23013","Consumer Prices, Food Indices (2015 = 100)","7006","June","6125","Value","","78.816171","X","Figure from external organization","base year is 2015"
"CP","Consumer Price Indices","458","Malaysia","2008","2008","23013","Consumer Prices, Food Indices (2015 = 100)","7007","July","6125","Value","","79.968256","X","Figure from external organization","base year is 2015"
"CP","Consumer Price Indices","458","Malaysia","2008","2008","23013","Consumer Prices, Food Indices (2015 = 100)","7008","August","6125","Value","","80.578183","X","Figure from external organization","base year is 2015"
"CP","Consumer Price Indices","458","Malaysia","2008","2008","23013","Consumer Prices, Food Indices (2015 = 100)","7009","September","6125","Value","","81.188111","X","Figure from external organization","base year is 2015"
"CP","Consumer Price Indices","458","Malaysia","2008","2008","23013","Consumer Prices, Food Indices (2015 = 100)","7010","October","6125","Value","","81.32365","X","Figure from external organization","base year is 2015"
"CP","Consumer Price Indices","458","Malaysia","2008","2008","23013","Consumer Prices, Food Indices (2015 = 100)","7011","November","6125","Value","","81.594729","X","Figure from external organization","base year is 2015"
"CP","Consumer Price Indices","458","Malaysia","2008","2008","23013","Consumer Prices, Food Indices (2015 = 100)","7012","December","6125","Value","","81.865808","X","Figure from external organization","base year is 2015"
"CP","Consumer Price Indices","458","Malaysia","2009","2009","23013","Consumer Prices, Food Indices (2015 = 100)","7001","January","6125","Value","","81.933577","X","Figure from external organization","base year is 2015"
"CP","Consumer Price Indices","458","Malaysia","2009","2009","23013","Consumer Prices, Food Indices (2015 = 100)","7002","February","6125","Value","","81.933577","X","Figure from external organization","base year is 2015"
"CP","Consumer Price Indices","458","Malaysia","2009","2009","23013","Consumer Prices, Food Indices (2015 = 100)","7003","March","6125","Value","","81.526959","X","Figure from external organization","base year is 2015"
"CP","Consumer Price Indices","458","Malaysia","2009","2009","23013","Consumer Prices, Food Indices (2015 = 100)","7004","April","6125","Value","","81.188111","X","Figure from external organization","base year is 2015"
"CP","Consumer Price Indices","458","Malaysia","2009","2009","23013","Consumer Prices, Food Indices (2015 = 100)","7005","May","6125","Value","","81.25588","X","Figure from external organization","base year is 2015"
"CP","Consumer Price Indices","458","Malaysia","2009","2009","23013","Consumer Prices, Food Indices (2015 = 100)","7006","June","6125","Value","","81.459189","X","Figure from external organization","base year is 2015"
"CP","Consumer Price Indices","458","Malaysia","2009","2009","23013","Consumer Prices, Food Indices (2015 = 100)","7007","July","6125","Value","","81.594729","X","Figure from external organization","base year is 2015"
"CP","Consumer Price Indices","458","Malaysia","2009","2009","23013","Consumer Prices, Food Indices (2015 = 100)","7008","August","6125","Value","","81.730268","X","Figure from external organization","base year is 2015"
"CP","Consumer Price Indices","458","Malaysia","2009","2009","23013","Consumer Prices, Food Indices (2015 = 100)","7009","September","6125","Value","","82.001347","X","Figure from external organization","base year is 2015"
"CP","Consumer Price Indices","458","Malaysia","2009","2009","23013","Consumer Prices, Food Indices (2015 = 100)","7010","October","6125","Value","","82.001347","X","Figure from external organization","base year is 2015"
"CP","Consumer Price Indices","458","Malaysia","2009","2009","23013","Consumer Prices, Food Indices (2015 = 100)","7011","November","6125","Value","","82.340196","X","Figure from external organization","base year is 2015"
"CP","Consumer Price Indices","458","Malaysia","2009","2009","23013","Consumer Prices, Food Indices (2015 = 100)","7012","December","6125","Value","","82.746814","X","Figure from external organization","base year is 2015"
"CP","Consumer Price Indices","458","Malaysia","2010","2010","23013","Consumer Prices, Food Indices (2015 = 100)","7001","January","6125","Value","","82.950123","X","Figure from external organization","base year is 2015"
"CP","Consumer Price Indices","458","Malaysia","2010","2010","23013","Consumer Prices, Food Indices (2015 = 100)","7002","February","6125","Value","","82.950123","X","Figure from external organization","base year is 2015"
"CP","Consumer Price Indices","458","Malaysia","2010","2010","23013","Consumer Prices, Food Indices (2015 = 100)","7003","March","6125","Value","","82.950123","X","Figure from external organization","base year is 2015"
"CP","Consumer Price Indices","458","Malaysia","2010","2010","23013","Consumer Prices, Food Indices (2015 = 100)","7004","April","6125","Value","","83.033911","X","Figure from external organization","base year is 2015"
"CP","Consumer Price Indices","458","Malaysia","2010","2010","23013","Consumer Prices, Food Indices (2015 = 100)","7005","May","6125","Value","","83.369063","X","Figure from external organization","base year is 2015"
"CP","Consumer Price Indices","458","Malaysia","2010","2010","23013","Consumer Prices, Food Indices (2015 = 100)","7006","June","6125","Value","","83.788003","X","Figure from external organization","base year is 2015"
"CP","Consumer Price Indices","458","Malaysia","2010","2010","23013","Consumer Prices, Food Indices (2015 = 100)","7007","July","6125","Value","","83.955579","X","Figure from external organization","base year is 2015"
"CP","Consumer Price Indices","458","Malaysia","2010","2010","23013","Consumer Prices, Food Indices (2015 = 100)","7008","August","6125","Value","","84.206943","X","Figure from external organization","base year is 2015"
"CP","Consumer Price Indices","458","Malaysia","2010","2010","23013","Consumer Prices, Food Indices (2015 = 100)","7009","September","6125","Value","","84.206943","X","Figure from external organization","base year is 2015"
"CP","Consumer Price Indices","458","Malaysia","2010","2010","23013","Consumer Prices, Food Indices (2015 = 100)","7010","October","6125","Value","","84.290731","X","Figure from external organization","base year is 2015"
"CP","Consumer Price Indices","458","Malaysia","2010","2010","23013","Consumer Prices, Food Indices (2015 = 100)","7011","November","6125","Value","","84.709671","X","Figure from external organization","base year is 2015"
"CP","Consumer Price Indices","458","Malaysia","2010","2010","23013","Consumer Prices, Food Indices (2015 = 100)","7012","December","6125","Value","","84.961035","X","Figure from external organization","base year is 2015"
"CP","Consumer Price Indices","458","Malaysia","2011","2011","23013","Consumer Prices, Food Indices (2015 = 100)","7001","January","6125","Value","","85.966491","X","Figure from external organization","base year is 2015"
"CP","Consumer Price Indices","458","Malaysia","2011","2011","23013","Consumer Prices, Food Indices (2015 = 100)","7002","February","6125","Value","","86.888159","X","Figure from external organization","base year is 2015"
"CP","Consumer Price Indices","458","Malaysia","2011","2011","23013","Consumer Prices, Food Indices (2015 = 100)","7003","March","6125","Value","","86.888159","X","Figure from external organization","base year is 2015"
"CP","Consumer Price Indices","458","Malaysia","2011","2011","23013","Consumer Prices, Food Indices (2015 = 100)","7004","April","6125","Value","","87.139523","X","Figure from external organization","base year is 2015"
"CP","Consumer Price Indices","458","Malaysia","2011","2011","23013","Consumer Prices, Food Indices (2015 = 100)","7005","May","6125","Value","","87.139523","X","Figure from external organization","base year is 2015"
"CP","Consumer Price Indices","458","Malaysia","2011","2011","23013","Consumer Prices, Food Indices (2015 = 100)","7006","June","6125","Value","","87.726039","X","Figure from external organization","base year is 2015"
"CP","Consumer Price Indices","458","Malaysia","2011","2011","23013","Consumer Prices, Food Indices (2015 = 100)","7007","July","6125","Value","","88.061191","X","Figure from external organization","base year is 2015"
"CP","Consumer Price Indices","458","Malaysia","2011","2011","23013","Consumer Prices, Food Indices (2015 = 100)","7008","August","6125","Value","","88.061191","X","Figure from external organization","base year is 2015"
"CP","Consumer Price Indices","458","Malaysia","2011","2011","23013","Consumer Prices, Food Indices (2015 = 100)","7009","September","6125","Value","","88.396343","X","Figure from external organization","base year is 2015"
"CP","Consumer Price Indices","458","Malaysia","2011","2011","23013","Consumer Prices, Food Indices (2015 = 100)","7010","October","6125","Value","","89.066647","X","Figure from external organization","base year is 2015"
"CP","Consumer Price Indices","458","Malaysia","2011","2011","23013","Consumer Prices, Food Indices (2015 = 100)","7011","November","6125","Value","","89.066647","X","Figure from external organization","base year is 2015"
"CP","Consumer Price Indices","458","Malaysia","2011","2011","23013","Consumer Prices, Food Indices (2015 = 100)","7012","December","6125","Value","","89.318011","X","Figure from external organization","base year is 2015"
"CP","Consumer Price Indices","458","Malaysia","2012","2012","23013","Consumer Prices, Food Indices (2015 = 100)","7001","January","6125","Value","","90.072103","X","Figure from external organization","base year is 2015"
"CP","Consumer Price Indices","458","Malaysia","2012","2012","23013","Consumer Prices, Food Indices (2015 = 100)","7002","February","6125","Value","","89.401799","X","Figure from external organization","base year is 2015"
"CP","Consumer Price Indices","458","Malaysia","2012","2012","23013","Consumer Prices, Food Indices (2015 = 100)","7003","March","6125","Value","","89.401799","X","Figure from external organization","base year is 2015"
"CP","Consumer Price Indices","458","Malaysia","2012","2012","23013","Consumer Prices, Food Indices (2015 = 100)","7004","April","6125","Value","","89.150435","X","Figure from external organization","base year is 2015"
"CP","Consumer Price Indices","458","Malaysia","2012","2012","23013","Consumer Prices, Food Indices (2015 = 100)","7005","May","6125","Value","","89.736951","X","Figure from external organization","base year is 2015"
"CP","Consumer Price Indices","458","Malaysia","2012","2012","23013","Consumer Prices, Food Indices (2015 = 100)","7006","June","6125","Value","","90.239679","X","Figure from external organization","base year is 2015"
"CP","Consumer Price Indices","458","Malaysia","2012","2012","23013","Consumer Prices, Food Indices (2015 = 100)","7007","July","6125","Value","","90.323467","X","Figure from external organization","base year is 2015"
"CP","Consumer Price Indices","458","Malaysia","2012","2012","23013","Consumer Prices, Food Indices (2015 = 100)","7008","August","6125","Value","","90.491043","X","Figure from external organization","base year is 2015"
"CP","Consumer Price Indices","458","Malaysia","2012","2012","23013","Consumer Prices, Food Indices (2015 = 100)","7009","September","6125","Value","","90.491043","X","Figure from external organization","base year is 2015"
"CP","Consumer Price Indices","458","Malaysia","2012","2012","23013","Consumer Prices, Food Indices (2015 = 100)","7010","October","6125","Value","","90.826195","X","Figure from external organization","base year is 2015"
"CP","Consumer Price Indices","458","Malaysia","2012","2012","23013","Consumer Prices, Food Indices (2015 = 100)","7011","November","6125","Value","","90.826195","X","Figure from external organization","base year is 2015"
"CP","Consumer Price Indices","458","Malaysia","2012","2012","23013","Consumer Prices, Food Indices (2015 = 100)","7012","December","6125","Value","","91.077559","X","Figure from external organization","base year is 2015"
"CP","Consumer Price Indices","458","Malaysia","2013","2013","23013","Consumer Prices, Food Indices (2015 = 100)","7001","January","6125","Value","","92.083015","X","Figure from external organization","base year is 2015"
"CP","Consumer Price Indices","458","Malaysia","2013","2013","23013","Consumer Prices, Food Indices (2015 = 100)","7002","February","6125","Value","","92.334379","X","Figure from external organization","base year is 2015"
"CP","Consumer Price Indices","458","Malaysia","2013","2013","23013","Consumer Prices, Food Indices (2015 = 100)","7003","March","6125","Value","","92.334379","X","Figure from external organization","base year is 2015"
"CP","Consumer Price Indices","458","Malaysia","2013","2013","23013","Consumer Prices, Food Indices (2015 = 100)","7004","April","6125","Value","","92.501955","X","Figure from external organization","base year is 2015"
"CP","Consumer Price Indices","458","Malaysia","2013","2013","23013","Consumer Prices, Food Indices (2015 = 100)","7005","May","6125","Value","","92.837107","X","Figure from external organization","base year is 2015"
"CP","Consumer Price Indices","458","Malaysia","2013","2013","23013","Consumer Prices, Food Indices (2015 = 100)","7006","June","6125","Value","","93.172259","X","Figure from external organization","base year is 2015"
"CP","Consumer Price Indices","458","Malaysia","2013","2013","23013","Consumer Prices, Food Indices (2015 = 100)","7007","July","6125","Value","","93.842563","X","Figure from external organization","base year is 2015"
"CP","Consumer Price Indices","458","Malaysia","2013","2013","23013","Consumer Prices, Food Indices (2015 = 100)","7008","August","6125","Value","","93.758775","X","Figure from external organization","base year is 2015"
"CP","Consumer Price Indices","458","Malaysia","2013","2013","23013","Consumer Prices, Food Indices (2015 = 100)","7009","September","6125","Value","","94.010139","X","Figure from external organization","base year is 2015"
"CP","Consumer Price Indices","458","Malaysia","2013","2013","23013","Consumer Prices, Food Indices (2015 = 100)","7010","October","6125","Value","","94.177715","X","Figure from external organization","base year is 2015"
"CP","Consumer Price Indices","458","Malaysia","2013","2013","23013","Consumer Prices, Food Indices (2015 = 100)","7011","November","6125","Value","","94.345291","X","Figure from external organization","base year is 2015"
"CP","Consumer Price Indices","458","Malaysia","2013","2013","23013","Consumer Prices, Food Indices (2015 = 100)","7012","December","6125","Value","","95.183171","X","Figure from external organization","base year is 2015"
"CP","Consumer Price Indices","458","Malaysia","2014","2014","23013","Consumer Prices, Food Indices (2015 = 100)","7001","January","6125","Value","","95.937263","X","Figure from external organization","base year is 2015"
"CP","Consumer Price Indices","458","Malaysia","2014","2014","23013","Consumer Prices, Food Indices (2015 = 100)","7002","February","6125","Value","","95.853475","X","Figure from external organization","base year is 2015"
"CP","Consumer Price Indices","458","Malaysia","2014","2014","23013","Consumer Prices, Food Indices (2015 = 100)","7003","March","6125","Value","","95.937263","X","Figure from external organization","base year is 2015"
"CP","Consumer Price Indices","458","Malaysia","2014","2014","23013","Consumer Prices, Food Indices (2015 = 100)","7004","April","6125","Value","","95.853475","X","Figure from external organization","base year is 2015"
"CP","Consumer Price Indices","458","Malaysia","2014","2014","23013","Consumer Prices, Food Indices (2015 = 100)","7005","May","6125","Value","","95.937263","X","Figure from external organization","base year is 2015"
"CP","Consumer Price Indices","458","Malaysia","2014","2014","23013","Consumer Prices, Food Indices (2015 = 100)","7006","June","6125","Value","","96.439991","X","Figure from external organization","base year is 2015"
"CP","Consumer Price Indices","458","Malaysia","2014","2014","23013","Consumer Prices, Food Indices (2015 = 100)","7007","July","6125","Value","","96.775143","X","Figure from external organization","base year is 2015"
"CP","Consumer Price Indices","458","Malaysia","2014","2014","23013","Consumer Prices, Food Indices (2015 = 100)","7008","August","6125","Value","","96.858932","X","Figure from external organization","base year is 2015"
"CP","Consumer Price Indices","458","Malaysia","2014","2014","23013","Consumer Prices, Food Indices (2015 = 100)","7009","September","6125","Value","","97.026508","X","Figure from external organization","base year is 2015"
"CP","Consumer Price Indices","458","Malaysia","2014","2014","23013","Consumer Prices, Food Indices (2015 = 100)","7010","October","6125","Value","","96.858932","X","Figure from external organization","base year is 2015"
"CP","Consumer Price Indices","458","Malaysia","2014","2014","23013","Consumer Prices, Food Indices (2015 = 100)","7011","November","6125","Value","","97.110296","X","Figure from external organization","base year is 2015"
"CP","Consumer Price Indices","458","Malaysia","2014","2014","23013","Consumer Prices, Food Indices (2015 = 100)","7012","December","6125","Value","","97.445448","X","Figure from external organization","base year is 2015"
"CP","Consumer Price Indices","458","Malaysia","2015","2015","23013","Consumer Prices, Food Indices (2015 = 100)","7001","January","6125","Value","","98.61848","X","Figure from external organization","base year is 2015"
"CP","Consumer Price Indices","458","Malaysia","2015","2015","23013","Consumer Prices, Food Indices (2015 = 100)","7002","February","6125","Value","","98.450904","X","Figure from external organization","base year is 2015"
"CP","Consumer Price Indices","458","Malaysia","2015","2015","23013","Consumer Prices, Food Indices (2015 = 100)","7003","March","6125","Value","","98.115752","X","Figure from external organization","base year is 2015"
"CP","Consumer Price Indices","458","Malaysia","2015","2015","23013","Consumer Prices, Food Indices (2015 = 100)","7004","April","6125","Value","","98.869844","X","Figure from external organization","base year is 2015"
"CP","Consumer Price Indices","458","Malaysia","2015","2015","23013","Consumer Prices, Food Indices (2015 = 100)","7005","May","6125","Value","","99.288784","X","Figure from external organization","base year is 2015"
"CP","Consumer Price Indices","458","Malaysia","2015","2015","23013","Consumer Prices, Food Indices (2015 = 100)","7006","June","6125","Value","","99.707724","X","Figure from external organization","base year is 2015"
"CP","Consumer Price Indices","458","Malaysia","2015","2015","23013","Consumer Prices, Food Indices (2015 = 100)","7007","July","6125","Value","","100.461816","X","Figure from external organization","base year is 2015"
"CP","Consumer Price Indices","458","Malaysia","2015","2015","23013","Consumer Prices, Food Indices (2015 = 100)","7008","August","6125","Value","","100.964544","X","Figure from external organization","base year is 2015"
"CP","Consumer Price Indices","458","Malaysia","2015","2015","23013","Consumer Prices, Food Indices (2015 = 100)","7009","September","6125","Value","","101.215908","X","Figure from external organization","base year is 2015"
"CP","Consumer Price Indices","458","Malaysia","2015","2015","23013","Consumer Prices, Food Indices (2015 = 100)","7010","October","6125","Value","","101.383484","X","Figure from external organization","base year is 2015"
"CP","Consumer Price Indices","458","Malaysia","2015","2015","23013","Consumer Prices, Food Indices (2015 = 100)","7011","November","6125","Value","","101.13212","X","Figure from external organization","base year is 2015"
"CP","Consumer Price Indices","458","Malaysia","2015","2015","23013","Consumer Prices, Food Indices (2015 = 100)","7012","December","6125","Value","","101.886212","X","Figure from external organization","base year is 2015"
"CP","Consumer Price Indices","458","Malaysia","2016","2016","23013","Consumer Prices, Food Indices (2015 = 100)","7001","January","6125","Value","","102.472728","X","Figure from external organization","base year is 2015"
"CP","Consumer Price Indices","458","Malaysia","2016","2016","23013","Consumer Prices, Food Indices (2015 = 100)","7002","February","6125","Value","","103.143032","X","Figure from external organization","base year is 2015"
"CP","Consumer Price Indices","458","Malaysia","2016","2016","23013","Consumer Prices, Food Indices (2015 = 100)","7003","March","6125","Value","","103.059244","X","Figure from external organization","base year is 2015"
"CP","Consumer Price Indices","458","Malaysia","2016","2016","23013","Consumer Prices, Food Indices (2015 = 100)","7004","April","6125","Value","","103.059244","X","Figure from external organization","base year is 2015"
"CP","Consumer Price Indices","458","Malaysia","2016","2016","23013","Consumer Prices, Food Indices (2015 = 100)","7005","May","6125","Value","","103.394396","X","Figure from external organization","base year is 2015"
"CP","Consumer Price Indices","458","Malaysia","2016","2016","23013","Consumer Prices, Food Indices (2015 = 100)","7006","June","6125","Value","","103.897124","X","Figure from external organization","base year is 2015"
"CP","Consumer Price Indices","458","Malaysia","2016","2016","23013","Consumer Prices, Food Indices (2015 = 100)","7007","July","6125","Value","","104.232276","X","Figure from external organization","base year is 2015"
"CP","Consumer Price Indices","458","Malaysia","2016","2016","23013","Consumer Prices, Food Indices (2015 = 100)","7008","August","6125","Value","","104.48364","X","Figure from external organization","base year is 2015"
"CP","Consumer Price Indices","458","Malaysia","2016","2016","23013","Consumer Prices, Food Indices (2015 = 100)","7009","September","6125","Value","","104.232276","X","Figure from external organization","base year is 2015"
"CP","Consumer Price Indices","458","Malaysia","2016","2016","23013","Consumer Prices, Food Indices (2015 = 100)","7010","October","6125","Value","","103.897124","X","Figure from external organization","base year is 2015"
"CP","Consumer Price Indices","458","Malaysia","2016","2016","23013","Consumer Prices, Food Indices (2015 = 100)","7011","November","6125","Value","","104.986368","X","Figure from external organization","base year is 2015"
"CP","Consumer Price Indices","458","Malaysia","2016","2016","23013","Consumer Prices, Food Indices (2015 = 100)","7012","December","6125","Value","","105.656672","X","Figure from external organization","base year is 2015"
"CP","Consumer Price Indices","458","Malaysia","2017","2017","23013","Consumer Prices, Food Indices (2015 = 100)","7001","January","6125","Value","","106.57834","X","Figure from external organization","base year is 2015"
"CP","Consumer Price Indices","458","Malaysia","2017","2017","23013","Consumer Prices, Food Indices (2015 = 100)","7002","February","6125","Value","","107.583796","X","Figure from external organization","base year is 2015"
"CP","Consumer Price Indices","458","Malaysia","2017","2017","23013","Consumer Prices, Food Indices (2015 = 100)","7003","March","6125","Value","","107.248644","X","Figure from external organization","base year is 2015"
"CP","Consumer Price Indices","458","Malaysia","2017","2017","23013","Consumer Prices, Food Indices (2015 = 100)","7004","April","6125","Value","","107.332432","X","Figure from external organization","base year is 2015"
"CP","Consumer Price Indices","458","Malaysia","2017","2017","23013","Consumer Prices, Food Indices (2015 = 100)","7005","May","6125","Value","","107.918948","X","Figure from external organization","base year is 2015"
"CP","Consumer Price Indices","458","Malaysia","2017","2017","23013","Consumer Prices, Food Indices (2015 = 100)","7006","June","6125","Value","","108.337888","X","Figure from external organization","base year is 2015"
"CP","Consumer Price Indices","458","Malaysia","2017","2017","23013","Consumer Prices, Food Indices (2015 = 100)","7007","July","6125","Value","","108.589252","X","Figure from external organization","base year is 2015"
"CP","Consumer Price Indices","458","Malaysia","2017","2017","23013","Consumer Prices, Food Indices (2015 = 100)","7008","August","6125","Value","","109.008192","X","Figure from external organization","base year is 2015"
"CP","Consumer Price Indices","458","Malaysia","2017","2017","23013","Consumer Prices, Food Indices (2015 = 100)","7009","September","6125","Value","","109.008192","X","Figure from external organization","base year is 2015"
"CP","Consumer Price Indices","458","Malaysia","2017","2017","23013","Consumer Prices, Food Indices (2015 = 100)","7010","October","6125","Value","","108.421676","X","Figure from external organization","base year is 2015"
"CP","Consumer Price Indices","458","Malaysia","2017","2017","23013","Consumer Prices, Food Indices (2015 = 100)","7011","November","6125","Value","","108.840616","X","Figure from external organization","base year is 2015"
"CP","Consumer Price Indices","458","Malaysia","2017","2017","23013","Consumer Prices, Food Indices (2015 = 100)","7012","December","6125","Value","","109.678496","X","Figure from external organization","base year is 2015"
"CP","Consumer Price Indices","458","Malaysia","2018","2018","23013","Consumer Prices, Food Indices (2015 = 100)","7001","January","6125","Value","","110.265012","X","Figure from external organization","base year is 2015"
"CP","Consumer Price Indices","458","Malaysia","2018","2018","23013","Consumer Prices, Food Indices (2015 = 100)","7002","February","6125","Value","","110.432588","X","Figure from external organization","base year is 2015"
"CP","Consumer Price Indices","458","Malaysia","2018","2018","23013","Consumer Prices, Food Indices (2015 = 100)","7003","March","6125","Value","","109.846072","X","Figure from external organization","base year is 2015"
"CP","Consumer Price Indices","458","Malaysia","2018","2018","23013","Consumer Prices, Food Indices (2015 = 100)","7004","April","6125","Value","","109.678496","X","Figure from external organization","base year is 2015"
"CP","Consumer Price Indices","458","Malaysia","2018","2018","23013","Consumer Prices, Food Indices (2015 = 100)","7005","May","6125","Value","","109.846072","X","Figure from external organization","base year is 2015"
"CP","Consumer Price Indices","458","Malaysia","2018","2018","23013","Consumer Prices, Food Indices (2015 = 100)","7006","June","6125","Value","","108.756828","X","Figure from external organization","base year is 2015"
"CP","Consumer Price Indices","458","Malaysia","2018","2018","23013","Consumer Prices, Food Indices (2015 = 100)","7007","July","6125","Value","","109.008192","X","Figure from external organization","base year is 2015"
"CP","Consumer Price Indices","458","Malaysia","2018","2018","23013","Consumer Prices, Food Indices (2015 = 100)","7008","August","6125","Value","","109.008192","X","Figure from external organization","base year is 2015"
"CP","Consumer Price Indices","458","Malaysia","2018","2018","23013","Consumer Prices, Food Indices (2015 = 100)","7009","September","6125","Value","","109.175768","X","Figure from external organization","base year is 2015"
"CP","Consumer Price Indices","458","Malaysia","2018","2018","23013","Consumer Prices, Food Indices (2015 = 100)","7010","October","6125","Value","","109.762284","X","Figure from external organization","base year is 2015"
"CP","Consumer Price Indices","458","Malaysia","2018","2018","23013","Consumer Prices, Food Indices (2015 = 100)","7011","November","6125","Value","","110.013648","X","Figure from external organization","base year is 2015"
"CP","Consumer Price Indices","458","Malaysia","2018","2018","23013","Consumer Prices, Food Indices (2015 = 100)","7012","December","6125","Value","","110.3488","X","Figure from external organization","base year is 2015"
"CP","Consumer Price Indices","458","Malaysia","2019","2019","23013","Consumer Prices, Food Indices (2015 = 100)","7001","January","6125","Value","","111.354256","X","Figure from external organization","base year is 2015"
"CP","Consumer Price Indices","458","Malaysia","2019","2019","23013","Consumer Prices, Food Indices (2015 = 100)","7002","February","6125","Value","","111.521832","X","Figure from external organization","base year is 2015"
"CP","Consumer Price Indices","458","Malaysia","2019","2019","23013","Consumer Prices, Food Indices (2015 = 100)","7003","March","6125","Value","","111.019104","X","Figure from external organization","base year is 2015"
"CP","Consumer Price Indices","458","Malaysia","2019","2019","23013","Consumer Prices, Food Indices (2015 = 100)","7004","April","6125","Value","","110.851528","X","Figure from external organization","base year is 2015"
"CP","Consumer Price Indices","458","Malaysia","2019","2019","23013","Consumer Prices, Food Indices (2015 = 100)","7005","May","6125","Value","","111.18668","X","Figure from external organization","base year is 2015"
"CP","Consumer Price Indices","458","Malaysia","2019","2019","23013","Consumer Prices, Food Indices (2015 = 100)","7006","June","6125","Value","","111.270468","X","Figure from external organization","base year is 2015"
"CP","Consumer Price Indices","458","Malaysia","2019","2019","23013","Consumer Prices, Food Indices (2015 = 100)","7007","July","6125","Value","","111.60562","X","Figure from external organization","base year is 2015"
"CP","Consumer Price Indices","458","Malaysia","2019","2019","23013","Consumer Prices, Food Indices (2015 = 100)","7008","August","6125","Value","","111.856984","X","Figure from external organization","base year is 2015"
"CP","Consumer Price Indices","458","Malaysia","2019","2019","23013","Consumer Prices, Food Indices (2015 = 100)","7009","September","6125","Value","","111.60562","X","Figure from external organization","base year is 2015"
"CP","Consumer Price Indices","458","Malaysia","2019","2019","23013","Consumer Prices, Food Indices (2015 = 100)","7010","October","6125","Value","","111.689408","X","Figure from external organization","base year is 2015"
"CP","Consumer Price Indices","458","Malaysia","2019","2019","23013","Consumer Prices, Food Indices (2015 = 100)","7011","November","6125","Value","","111.689408","X","Figure from external organization","base year is 2015"
"CP","Consumer Price Indices","458","Malaysia","2019","2019","23013","Consumer Prices, Food Indices (2015 = 100)","7012","December","6125","Value","","112.192136","X","Figure from external organization","base year is 2015"
"CP","Consumer Price Indices","458","Malaysia","2020","2020","23013","Consumer Prices, Food Indices (2015 = 100)","7001","January","6125","Value","","112.359712","X","Figure from external organization","base year is 2015"
"CP","Consumer Price Indices","458","Malaysia","2020","2020","23013","Consumer Prices, Food Indices (2015 = 100)","7002","February","6125","Value","","112.4435","X","Figure from external organization","base year is 2015"
"CP","Consumer Price Indices","458","Malaysia","2020","2020","23013","Consumer Prices, Food Indices (2015 = 100)","7003","March","6125","Value","","112.359712","X","Figure from external organization","base year is 2015"
"CP","Consumer Price Indices","458","Malaysia","2020","2020","23013","Consumer Prices, Food Indices (2015 = 100)","7004","April","6125","Value","","112.192136","X","Figure from external organization","base year is 2015"
"CP","Consumer Price Indices","458","Malaysia","2020","2020","23013","Consumer Prices, Food Indices (2015 = 100)","7005","May","6125","Value","","112.527288","X","Figure from external organization","base year is 2015"
"CP","Consumer Price Indices","458","Malaysia","2020","2020","23013","Consumer Prices, Food Indices (2015 = 100)","7006","June","6125","Value","","113.030016","X","Figure from external organization","base year is 2015"
"CP","Consumer Price Indices","458","Malaysia","2020","2020","23013","Consumer Prices, Food Indices (2015 = 100)","7007","July","6125","Value","","113.113804","X","Figure from external organization","base year is 2015"
"CP","Consumer Price Indices","458","Malaysia","2020","2020","23013","Consumer Prices, Food Indices (2015 = 100)","7008","August","6125","Value","","113.28138","X","Figure from external organization","base year is 2015"
"CP","Consumer Price Indices","458","Malaysia","2020","2020","23013","Consumer Prices, Food Indices (2015 = 100)","7009","September","6125","Value","","113.197592","X","Figure from external organization","base year is 2015"
"CP","Consumer Price Indices","458","Malaysia","2020","2020","23013","Consumer Prices, Food Indices (2015 = 100)","7010","October","6125","Value","","113.365168","X","Figure from external organization","base year is 2015"
"CP","Consumer Price Indices","458","Malaysia","2020","2020","23013","Consumer Prices, Food Indices (2015 = 100)","7011","November","6125","Value","","113.197592","X","Figure from external organization","base year is 2015"
"CP","Consumer Price Indices","458","Malaysia","2020","2020","23013","Consumer Prices, Food Indices (2015 = 100)","7012","December","6125","Value","","113.784108","X","Figure from external organization","base year is 2015"
"CP","Consumer Price Indices","458","Malaysia","2021","2021","23013","Consumer Prices, Food Indices (2015 = 100)","7001","January","6125","Value","","114.035472","X","Figure from external organization","base year is 2015"
"CP","Consumer Price Indices","458","Malaysia","2021","2021","23013","Consumer Prices, Food Indices (2015 = 100)","7002","February","6125","Value","","114.035472","X","Figure from external organization","base year is 2015"
"CP","Consumer Price Indices","458","Malaysia","2021","2021","23013","Consumer Prices, Food Indices (2015 = 100)","7003","March","6125","Value","","114.035472","X","Figure from external organization","base year is 2015"
"CP","Consumer Price Indices","458","Malaysia","2021","2021","23013","Consumer Prices, Food Indices (2015 = 100)","7004","April","6125","Value","","114.370624","X","Figure from external organization","base year is 2015"
"CP","Consumer Price Indices","458","Malaysia","2021","2021","23013","Consumer Prices, Food Indices (2015 = 100)","7005","May","6125","Value","","114.203048","X","Figure from external organization","base year is 2015"
"CP","Consumer Price Indices","458","Malaysia","2021","2021","23013","Consumer Prices, Food Indices (2015 = 100)","7006","June","6125","Value","","114.5382","X","Figure from external organization","base year is 2015"
"CP","Consumer Price Indices","458","Malaysia","2021","2021","23013","Consumer Prices, Food Indices (2015 = 100)","7007","July","6125","Value","","114.5382","X","Figure from external organization","base year is 2015"
"CP","Consumer Price Indices","458","Malaysia","2021","2021","23013","Consumer Prices, Food Indices (2015 = 100)","7008","August","6125","Value","","114.621988","X","Figure from external organization","base year is 2015"
"CP","Consumer Price Indices","458","Malaysia","2021","2021","23013","Consumer Prices, Food Indices (2015 = 100)","7009","September","6125","Value","","115.292292","X","Figure from external organization","base year is 2015"
"CP","Consumer Price Indices","458","Malaysia","2021","2021","23013","Consumer Prices, Food Indices (2015 = 100)","7010","October","6125","Value","","115.543656","X","Figure from external organization","base year is 2015"
"CP","Consumer Price Indices","458","Malaysia","2021","2021","23013","Consumer Prices, Food Indices (2015 = 100)","7011","November","6125","Value","","116.21396","X","Figure from external organization","base year is 2015"
"CP","Consumer Price Indices","458","Malaysia","2021","2021","23013","Consumer Prices, Food Indices (2015 = 100)","7012","December","6125","Value","","117.386992","X","Figure from external organization","base year is 2015"
"CP","Consumer Price Indices","458","Malaysia","2022","2022","23013","Consumer Prices, Food Indices (2015 = 100)","7001","January","6125","Value","","118.141084","X","Figure from external organization","base year is 2015"
"CP","Consumer Price Indices","458","Malaysia","2022","2022","23013","Consumer Prices, Food Indices (2015 = 100)","7002","February","6125","Value","","118.30866","X","Figure from external organization","base year is 2015"
"CP","Consumer Price Indices","458","Malaysia","2022","2022","23013","Consumer Prices, Food Indices (2015 = 100)","7003","March","6125","Value","","118.643812","X","Figure from external organization","base year is 2015"
"CP","Consumer Price Indices","458","Malaysia","2022","2022","23013","Consumer Prices, Food Indices (2015 = 100)","7004","April","6125","Value","","119.062752","X","Figure from external organization","base year is 2015"
"CP","Consumer Price Indices","458","Malaysia","2022","2022","23013","Consumer Prices, Food Indices (2015 = 100)","7005","May","6125","Value","","120.151996","X","Figure from external organization","base year is 2015"
"CP","Consumer Price Indices","458","Malaysia","2022","2022","23013","Consumer Prices, Food Indices (2015 = 100)","7006","June","6125","Value","","121.576392","X","Figure from external organization","base year is 2015"
"CP","Consumer Price Indices","458","Malaysia","2022","2022","23013","Consumer Prices, Food Indices (2015 = 100)","7007","July","6125","Value","","122.414272","X","Figure from external organization","base year is 2015"
"CP","Consumer Price Indices","458","Malaysia","2022","2022","23013","Consumer Prices, Food Indices (2015 = 100)","7008","August","6125","Value","","122.833212","X","Figure from external organization","base year is 2015"
"CP","Consumer Price Indices","458","Malaysia","2022","2022","23013","Consumer Prices, Food Indices (2015 = 100)","7009","September","6125","Value","","123.168364","X","Figure from external organization","base year is 2015"
"CP","Consumer Price Indices","458","Malaysia","2022","2022","23013","Consumer Prices, Food Indices (2015 = 100)","7010","October","6125","Value","","123.75488","X","Figure from external organization","base year is 2015"
"CP","Consumer Price Indices","458","Malaysia","2022","2022","23013","Consumer Prices, Food Indices (2015 = 100)","7011","November","6125","Value","","124.676549","X","Figure from external organization","base year is 2015"
"CP","Consumer Price Indices","458","Malaysia","2022","2022","23013","Consumer Prices, Food Indices (2015 = 100)","7012","December","6125","Value","","125.346853","X","Figure from external organization","base year is 2015"
"CP","Consumer Price Indices","458","Malaysia","2023","2023","23013","Consumer Prices, Food Indices (2015 = 100)","7001","January","6125","Value","","126.100945","X","Figure from external organization","base year is 2015"
"CP","Consumer Price Indices","458","Malaysia","2023","2023","23013","Consumer Prices, Food Indices (2015 = 100)","7002","February","6125","Value","","126.603673","X","Figure from external organization","base year is 2015"
"CP","Consumer Price Indices","458","Malaysia","2023","2023","23013","Consumer Prices, Food Indices (2015 = 100)","7003","March","6125","Value","","126.771249","X","Figure from external organization","base year is 2015"
"CP","Consumer Price Indices","458","Malaysia","2023","2023","23013","Consumer Prices, Food Indices (2015 = 100)","7004","April","6125","Value","","126.603673","X","Figure from external organization","base year is 2015"
"CP","Consumer Price Indices","458","Malaysia","2023","2023","23013","Consumer Prices, Food Indices (2015 = 100)","7005","May","6125","Value","","127.190189","X","Figure from external organization","base year is 2015"
"CP","Consumer Price Indices","458","Malaysia","2023","2023","23013","Consumer Prices, Food Indices (2015 = 100)","7006","June","6125","Value","","127.273977","X","Figure from external organization","base year is 2015"
"CP","Consumer Price Indices","458","Malaysia","2023","2023","23013","Consumer Prices, Food Indices (2015 = 100)","7007","July","6125","Value","","127.776705","X","Figure from external organization","base year is 2015"
"CP","Consumer Price Indices","458","Malaysia","2023","2023","23013","Consumer Prices, Food Indices (2015 = 100)","7008","August","6125","Value","","127.860493","X","Figure from external organization","base year is 2015"
"CP","Consumer Price Indices","458","Malaysia","2023","2023","23013","Consumer Prices, Food Indices (2015 = 100)","7009","September","6125","Value","","128.028069","X","Figure from external organization","base year is 2015"
"CP","Consumer Price Indices","458","Malaysia","2023","2023","23013","Consumer Prices, Food Indices (2015 = 100)","7010","October","6125","Value","","128.195645","X","Figure from external organization","base year is 2015"
"CP","Consumer Price Indices","458","Malaysia","2023","2023","23013","Consumer Prices, Food Indices (2015 = 100)","7011","November","6125","Value","","127.860493","X","Figure from external organization","base year is 2015"
"CP","Consumer Price Indices","458","Malaysia","2023","2023","23013","Consumer Prices, Food Indices (2015 = 100)","7012","December","6125","Value","","128.195645","X","Figure from external organization","base year is 2015"
"CP","Consumer Price Indices","458","Malaysia","2024","2024","23013","Consumer Prices, Food Indices (2015 = 100)","7001","January","6125","Value","","128.111857","X","Figure from external organization","base year is 2015"
"CP","Consumer Price Indices","458","Malaysia","2024","2024","23013","Consumer Prices, Food Indices (2015 = 100)","7002","February","6125","Value","","128.698373","X","Figure from external organization","base year is 2015"
"CP","Consumer Price Indices","458","Malaysia","2024","2024","23013","Consumer Prices, Food Indices (2015 = 100)","7003","March","6125","Value","","128.949737","X","Figure from external organization","base year is 2015"
"CP","Consumer Price Indices","458","Malaysia","2024","2024","23013","Consumer Prices, Food Indices (2015 = 100)","7004","April","6125","Value","","129.117313","X","Figure from external organization","base year is 2015"
"CP","Consumer Price Indices","458","Malaysia","2024","2024","23013","Consumer Prices, Food Indices (2015 = 100)","7005","May","6125","Value","","129.452465","X","Figure from external organization","base year is 2015"
"CP","Consumer Price Indices","458","Malaysia","2024","2024","23013","Consumer Prices, Food Indices (2015 = 100)","7006","June","6125","Value","","129.787617","X","Figure from external organization","base year is 2015"
"CP","Consumer Price Indices","458","Malaysia","2024","2024","23013","Consumer Prices, Food Indices (2015 = 100)","7007","July","6125","Value","","129.871405","X","Figure from external organization","base year is 2015"
"CP","Consumer Price Indices","458","Malaysia","2024","2024","23013","Consumer Prices, Food Indices (2015 = 100)","7008","August","6125","Value","","129.955193","X","Figure from external organization","base year is 2015"
"CP","Consumer Price Indices","458","Malaysia","2024","2024","23013","Consumer Prices, Food Indices (2015 = 100)","7009","September","6125","Value","","130.038981","X","Figure from external organization","base year is 2015"
"CP","Consumer Price Indices","458","Malaysia","2024","2024","23013","Consumer Prices, Food Indices (2015 = 100)","7010","October","6125","Value","","131.128225","X","Figure from external organization","base year is 2015"
"CP","Consumer Price Indices","458","Malaysia","2024","2024","23013","Consumer Prices, Food Indices (2015 = 100)","7011","November","6125","Value","","131.128225","X","Figure from external organization","base year is 2015"
"CP","Consumer Price Indices","458","Malaysia","2024","2024","23013","Consumer Prices, Food Indices (2015 = 100)","7012","December","6125","Value","","131.714741","X","Figure from external organization","base year is 2015"
"CP","Consumer Price Indices","458","Malaysia","2025","2025","23013","Consumer Prices, Food Indices (2015 = 100)","7001","January","6125","Value","","131.882317","X","Figure from external organization","base year is 2015"
"CP","Consumer Price Indices","458","Malaysia","2025","2025","23013","Consumer Prices, Food Indices (2015 = 100)","7002","February","6125","Value","","132.133681","X","Figure from external organization","base year is 2015"
"CP","Consumer Price Indices","458","Malaysia","2025","2025","23013","Consumer Prices, Food Indices (2015 = 100)","7003","March","6125","Value","","132.217469","X","Figure from external organization","base year is 2015"
"CP","Consumer Price Indices","458","Malaysia","2025","2025","23013","Consumer Prices, Food Indices (2015 = 100)","7004","April","6125","Value","","132.133681","X","Figure from external organization","base year is 2015"
"CP","Consumer Price Indices","458","Malaysia","2025","2025","23013","Consumer Prices, Food Indices (2015 = 100)","7005","May","6125","Value","","132.217469","X","Figure from external organization","base year is 2015"
"CP","Consumer Price Indices","458","Malaysia","2025","2025","23013","Consumer Prices, Food Indices (2015 = 100)","7006","June","6125","Value","","132.468833","X","Figure from external organization","base year is 2015"
"CP","Consumer Price Indices","458","Malaysia","2025","2025","23013","Consumer Prices, Food Indices (2015 = 100)","7007","July","6125","Value","","132.385045","X","Figure from external organization","base year is 2015"
"CP","Consumer Price Indices","458","Malaysia","2025","2025","23013","Consumer Prices, Food Indices (2015 = 100)","7008","August","6125","Value","","132.552621","X","Figure from external organization","base year is 2015"
"CP","Consumer Price Indices","458","Malaysia","2025","2025","23013","Consumer Prices, Food Indices (2015 = 100)","7009","September","6125","Value","","132.803985","X","Figure from external organization","base year is 2015"
"CP","Consumer Price Indices","104","Myanmar","2000","2000","23013","Consumer Prices, Food Indices (2015 = 100)","7001","January","6125","Value","","11.113068","I","Value imputed by a receiving agency","base year is 2015"
"CP","Consumer Price Indices","104","Myanmar","2000","2000","23013","Consumer Prices, Food Indices (2015 = 100)","7002","February","6125","Value","","10.911482","I","Value imputed by a receiving agency","base year is 2015"
"CP","Consumer Price Indices","104","Myanmar","2000","2000","23013","Consumer Prices, Food Indices (2015 = 100)","7003","March","6125","Value","","10.845029","I","Value imputed by a receiving agency","base year is 2015"
"CP","Consumer Price Indices","104","Myanmar","2000","2000","23013","Consumer Prices, Food Indices (2015 = 100)","7004","April","6125","Value","","11.03272","I","Value imputed by a receiving agency","base year is 2015"
"CP","Consumer Price Indices","104","Myanmar","2000","2000","23013","Consumer Prices, Food Indices (2015 = 100)","7005","May","6125","Value","","11.06778","I","Value imputed by a receiving agency","base year is 2015"
"CP","Consumer Price Indices","104","Myanmar","2000","2000","23013","Consumer Prices, Food Indices (2015 = 100)","7006","June","6125","Value","","11.083849","I","Value imputed by a receiving agency","base year is 2015"
"CP","Consumer Price Indices","104","Myanmar","2000","2000","23013","Consumer Prices, Food Indices (2015 = 100)","7007","July","6125","Value","","10.996201","I","Value imputed by a receiving agency","base year is 2015"
"CP","Consumer Price Indices","104","Myanmar","2000","2000","23013","Consumer Prices, Food Indices (2015 = 100)","7008","August","6125","Value","","10.996931","I","Value imputed by a receiving agency","base year is 2015"
"CP","Consumer Price Indices","104","Myanmar","2000","2000","23013","Consumer Prices, Food Indices (2015 = 100)","7009","September","6125","Value","","10.947998","I","Value imputed by a receiving agency","base year is 2015"
"CP","Consumer Price Indices","104","Myanmar","2000","2000","23013","Consumer Prices, Food Indices (2015 = 100)","7010","October","6125","Value","","10.766168","I","Value imputed by a receiving agency","base year is 2015"
"CP","Consumer Price Indices","104","Myanmar","2000","2000","23013","Consumer Prices, Food Indices (2015 = 100)","7011","November","6125","Value","","10.716519","I","Value imputed by a receiving agency","base year is 2015"
"CP","Consumer Price Indices","104","Myanmar","2000","2000","23013","Consumer Prices, Food Indices (2015 = 100)","7012","December","6125","Value","","10.674174","I","Value imputed by a receiving agency","base year is 2015"
"CP","Consumer Price Indices","104","Myanmar","2001","2001","23013","Consumer Prices, Food Indices (2015 = 100)","7001","January","6125","Value","","10.712869","I","Value imputed by a receiving agency","base year is 2015"
"CP","Consumer Price Indices","104","Myanmar","2001","2001","23013","Consumer Prices, Food Indices (2015 = 100)","7002","February","6125","Value","","10.884462","I","Value imputed by a receiving agency","base year is 2015"
"CP","Consumer Price Indices","104","Myanmar","2001","2001","23013","Consumer Prices, Food Indices (2015 = 100)","7003","March","6125","Value","","11.265751","I","Value imputed by a receiving agency","base year is 2015"
"CP","Consumer Price Indices","104","Myanmar","2001","2001","23013","Consumer Prices, Food Indices (2015 = 100)","7004","April","6125","Value","","11.588014","I","Value imputed by a receiving agency","base year is 2015"
"CP","Consumer Price Indices","104","Myanmar","2001","2001","23013","Consumer Prices, Food Indices (2015 = 100)","7005","May","6125","Value","","12.18829","I","Value imputed by a receiving agency","base year is 2015"
"CP","Consumer Price Indices","104","Myanmar","2001","2001","23013","Consumer Prices, Food Indices (2015 = 100)","7006","June","6125","Value","","13.009298","I","Value imputed by a receiving agency","base year is 2015"
"CP","Consumer Price Indices","104","Myanmar","2001","2001","23013","Consumer Prices, Food Indices (2015 = 100)","7007","July","6125","Value","","13.461086","I","Value imputed by a receiving agency","base year is 2015"
"CP","Consumer Price Indices","104","Myanmar","2001","2001","23013","Consumer Prices, Food Indices (2015 = 100)","7008","August","6125","Value","","14.187898","I","Value imputed by a receiving agency","base year is 2015"
"CP","Consumer Price Indices","104","Myanmar","2001","2001","23013","Consumer Prices, Food Indices (2015 = 100)","7009","September","6125","Value","","14.792746","I","Value imputed by a receiving agency","base year is 2015"
"CP","Consumer Price Indices","104","Myanmar","2001","2001","23013","Consumer Prices, Food Indices (2015 = 100)","7010","October","6125","Value","","15.213042","I","Value imputed by a receiving agency","base year is 2015"
"CP","Consumer Price Indices","104","Myanmar","2001","2001","23013","Consumer Prices, Food Indices (2015 = 100)","7011","November","6125","Value","","15.764876","I","Value imputed by a receiving agency","base year is 2015"
"CP","Consumer Price Indices","104","Myanmar","2001","2001","23013","Consumer Prices, Food Indices (2015 = 100)","7012","December","6125","Value","","16.205361","I","Value imputed by a receiving agency","base year is 2015"
"CP","Consumer Price Indices","104","Myanmar","2002","2002","23013","Consumer Prices, Food Indices (2015 = 100)","7001","January","6125","Value","","16.499844","I","Value imputed by a receiving agency","base year is 2015"
"CP","Consumer Price Indices","104","Myanmar","2002","2002","23013","Consumer Prices, Food Indices (2015 = 100)","7002","February","6125","Value","","16.801745","I","Value imputed by a receiving agency","base year is 2015"
"CP","Consumer Price Indices","104","Myanmar","2002","2002","23013","Consumer Prices, Food Indices (2015 = 100)","7003","March","6125","Value","","17.432967","I","Value imputed by a receiving agency","base year is 2015"
"CP","Consumer Price Indices","104","Myanmar","2002","2002","23013","Consumer Prices, Food Indices (2015 = 100)","7004","April","6125","Value","","18.382962","I","Value imputed by a receiving agency","base year is 2015"
"CP","Consumer Price Indices","104","Myanmar","2002","2002","23013","Consumer Prices, Food Indices (2015 = 100)","7005","May","6125","Value","","19.373382","I","Value imputed by a receiving agency","base year is 2015"
"CP","Consumer Price Indices","104","Myanmar","2002","2002","23013","Consumer Prices, Food Indices (2015 = 100)","7006","June","6125","Value","","20.174471","I","Value imputed by a receiving agency","base year is 2015"
"CP","Consumer Price Indices","104","Myanmar","2002","2002","23013","Consumer Prices, Food Indices (2015 = 100)","7007","July","6125","Value","","21.23246","I","Value imputed by a receiving agency","base year is 2015"
"CP","Consumer Price Indices","104","Myanmar","2002","2002","23013","Consumer Prices, Food Indices (2015 = 100)","7008","August","6125","Value","","22.345015","I","Value imputed by a receiving agency","base year is 2015"
"CP","Consumer Price Indices","104","Myanmar","2002","2002","23013","Consumer Prices, Food Indices (2015 = 100)","7009","September","6125","Value","","23.845106","I","Value imputed by a receiving agency","base year is 2015"
"CP","Consumer Price Indices","104","Myanmar","2002","2002","23013","Consumer Prices, Food Indices (2015 = 100)","7010","October","6125","Value","","24.711225","I","Value imputed by a receiving agency","base year is 2015"
"CP","Consumer Price Indices","104","Myanmar","2002","2002","23013","Consumer Prices, Food Indices (2015 = 100)","7011","November","6125","Value","","25.335416","I","Value imputed by a receiving agency","base year is 2015"
"CP","Consumer Price Indices","104","Myanmar","2002","2002","23013","Consumer Prices, Food Indices (2015 = 100)","7012","December","6125","Value","","25.633182","I","Value imputed by a receiving agency","base year is 2015"
"CP","Consumer Price Indices","104","Myanmar","2003","2003","23013","Consumer Prices, Food Indices (2015 = 100)","7001","January","6125","Value","","26.657622","I","Value imputed by a receiving agency","base year is 2015"
"CP","Consumer Price Indices","104","Myanmar","2003","2003","23013","Consumer Prices, Food Indices (2015 = 100)","7002","February","6125","Value","","27.169306","I","Value imputed by a receiving agency","base year is 2015"
"CP","Consumer Price Indices","104","Myanmar","2003","2003","23013","Consumer Prices, Food Indices (2015 = 100)","7003","March","6125","Value","","27.012533","I","Value imputed by a receiving agency","base year is 2015"
"CP","Consumer Price Indices","104","Myanmar","2003","2003","23013","Consumer Prices, Food Indices (2015 = 100)","7004","April","6125","Value","","28.507555","I","Value imputed by a receiving agency","base year is 2015"
"CP","Consumer Price Indices","104","Myanmar","2003","2003","23013","Consumer Prices, Food Indices (2015 = 100)","7005","May","6125","Value","","28.72069","I","Value imputed by a receiving agency","base year is 2015"
"CP","Consumer Price Indices","104","Myanmar","2003","2003","23013","Consumer Prices, Food Indices (2015 = 100)","7006","June","6125","Value","","28.933848","I","Value imputed by a receiving agency","base year is 2015"
"CP","Consumer Price Indices","104","Myanmar","2003","2003","23013","Consumer Prices, Food Indices (2015 = 100)","7007","July","6125","Value","","29.192182","I","Value imputed by a receiving agency","base year is 2015"
"CP","Consumer Price Indices","104","Myanmar","2003","2003","23013","Consumer Prices, Food Indices (2015 = 100)","7008","August","6125","Value","","29.452768","I","Value imputed by a receiving agency","base year is 2015"
"CP","Consumer Price Indices","104","Myanmar","2003","2003","23013","Consumer Prices, Food Indices (2015 = 100)","7009","September","6125","Value","","29.683769","I","Value imputed by a receiving agency","base year is 2015"
"CP","Consumer Price Indices","104","Myanmar","2003","2003","23013","Consumer Prices, Food Indices (2015 = 100)","7010","October","6125","Value","","29.851853","I","Value imputed by a receiving agency","base year is 2015"
"CP","Consumer Price Indices","104","Myanmar","2003","2003","23013","Consumer Prices, Food Indices (2015 = 100)","7011","November","6125","Value","","30.038464","I","Value imputed by a receiving agency","base year is 2015"
"CP","Consumer Price Indices","104","Myanmar","2003","2003","23013","Consumer Prices, Food Indices (2015 = 100)","7012","December","6125","Value","","30.150289","I","Value imputed by a receiving agency","base year is 2015"
"CP","Consumer Price Indices","104","Myanmar","2004","2004","23013","Consumer Prices, Food Indices (2015 = 100)","7001","January","6125","Value","","30.117704","I","Value imputed by a receiving agency","base year is 2015"
"CP","Consumer Price Indices","104","Myanmar","2004","2004","23013","Consumer Prices, Food Indices (2015 = 100)","7002","February","6125","Value","","30.07445","A","Official figure","base year is 2015"
"CP","Consumer Price Indices","104","Myanmar","2004","2004","23013","Consumer Prices, Food Indices (2015 = 100)","7003","March","6125","Value","","29.688624","A","Official figure","base year is 2015"
"CP","Consumer Price Indices","104","Myanmar","2004","2004","23013","Consumer Prices, Food Indices (2015 = 100)","7004","April","6125","Value","","29.566198","A","Official figure","base year is 2015"
"CP","Consumer Price Indices","104","Myanmar","2004","2004","23013","Consumer Prices, Food Indices (2015 = 100)","7005","May","6125","Value","","29.658203","A","Official figure","base year is 2015"
"CP","Consumer Price Indices","104","Myanmar","2004","2004","23013","Consumer Prices, Food Indices (2015 = 100)","7006","June","6125","Value","","29.923087","A","Official figure","base year is 2015"
"CP","Consumer Price Indices","104","Myanmar","2004","2004","23013","Consumer Prices, Food Indices (2015 = 100)","7007","July","6125","Value","","30.222845","A","Official figure","base year is 2015"
"CP","Consumer Price Indices","104","Myanmar","2004","2004","23013","Consumer Prices, Food Indices (2015 = 100)","7008","August","6125","Value","","30.634641","A","Official figure","base year is 2015"
"CP","Consumer Price Indices","104","Myanmar","2004","2004","23013","Consumer Prices, Food Indices (2015 = 100)","7009","September","6125","Value","","31.019726","A","Official figure","base year is 2015"
"CP","Consumer Price Indices","104","Myanmar","2004","2004","23013","Consumer Prices, Food Indices (2015 = 100)","7010","October","6125","Value","","31.340259","A","Official figure","base year is 2015"
"CP","Consumer Price Indices","104","Myanmar","2004","2004","23013","Consumer Prices, Food Indices (2015 = 100)","7011","November","6125","Value","","31.555431","A","Official figure","base year is 2015"
"CP","Consumer Price Indices","104","Myanmar","2004","2004","23013","Consumer Prices, Food Indices (2015 = 100)","7012","December","6125","Value","","31.637048","A","Official figure","base year is 2015"
"CP","Consumer Price Indices","104","Myanmar","2005","2005","23013","Consumer Prices, Food Indices (2015 = 100)","7001","January","6125","Value","","31.75428","A","Official figure","base year is 2015"
"CP","Consumer Price Indices","104","Myanmar","2005","2005","23013","Consumer Prices, Food Indices (2015 = 100)","7002","February","6125","Value","","31.217833","A","Official figure","base year is 2015"
"CP","Consumer Price Indices","104","Myanmar","2005","2005","23013","Consumer Prices, Food Indices (2015 = 100)","7003","March","6125","Value","","31.805477","A","Official figure","base year is 2015"
"CP","Consumer Price Indices","104","Myanmar","2005","2005","23013","Consumer Prices, Food Indices (2015 = 100)","7004","April","6125","Value","","32.160882","A","Official figure","base year is 2015"
"CP","Consumer Price Indices","104","Myanmar","2005","2005","23013","Consumer Prices, Food Indices (2015 = 100)","7005","May","6125","Value","","32.403508","A","Official figure","base year is 2015"
"CP","Consumer Price Indices","104","Myanmar","2005","2005","23013","Consumer Prices, Food Indices (2015 = 100)","7006","June","6125","Value","","32.666909","A","Official figure","base year is 2015"
"CP","Consumer Price Indices","104","Myanmar","2005","2005","23013","Consumer Prices, Food Indices (2015 = 100)","7007","July","6125","Value","","33.053478","A","Official figure","base year is 2015"
"CP","Consumer Price Indices","104","Myanmar","2005","2005","23013","Consumer Prices, Food Indices (2015 = 100)","7008","August","6125","Value","","33.513502","A","Official figure","base year is 2015"
"CP","Consumer Price Indices","104","Myanmar","2005","2005","23013","Consumer Prices, Food Indices (2015 = 100)","7009","September","6125","Value","","34.290349","A","Official figure","base year is 2015"
"CP","Consumer Price Indices","104","Myanmar","2005","2005","23013","Consumer Prices, Food Indices (2015 = 100)","7010","October","6125","Value","","35.321693","A","Official figure","base year is 2015"
"CP","Consumer Price Indices","104","Myanmar","2005","2005","23013","Consumer Prices, Food Indices (2015 = 100)","7011","November","6125","Value","","35.945694","A","Official figure","base year is 2015"
"CP","Consumer Price Indices","104","Myanmar","2005","2005","23013","Consumer Prices, Food Indices (2015 = 100)","7012","December","6125","Value","","36.473238","A","Official figure","base year is 2015"
"CP","Consumer Price Indices","104","Myanmar","2006","2006","23013","Consumer Prices, Food Indices (2015 = 100)","7001","January","6125","Value","","35.243786","A","Official figure","base year is 2015"
"CP","Consumer Price Indices","104","Myanmar","2006","2006","23013","Consumer Prices, Food Indices (2015 = 100)","7002","February","6125","Value","","35.328371","A","Official figure","base year is 2015"
"CP","Consumer Price Indices","104","Myanmar","2006","2006","23013","Consumer Prices, Food Indices (2015 = 100)","7003","March","6125","Value","","36.031021","A","Official figure","base year is 2015"
"CP","Consumer Price Indices","104","Myanmar","2006","2006","23013","Consumer Prices, Food Indices (2015 = 100)","7004","April","6125","Value","","36.437623","A","Official figure","base year is 2015"
"CP","Consumer Price Indices","104","Myanmar","2006","2006","23013","Consumer Prices, Food Indices (2015 = 100)","7005","May","6125","Value","","38.003931","A","Official figure","base year is 2015"
"CP","Consumer Price Indices","104","Myanmar","2006","2006","23013","Consumer Prices, Food Indices (2015 = 100)","7006","June","6125","Value","","39.522753","A","Official figure","base year is 2015"
"CP","Consumer Price Indices","104","Myanmar","2006","2006","23013","Consumer Prices, Food Indices (2015 = 100)","7007","July","6125","Value","","40.778174","A","Official figure","base year is 2015"
"CP","Consumer Price Indices","104","Myanmar","2006","2006","23013","Consumer Prices, Food Indices (2015 = 100)","7008","August","6125","Value","","42.089242","A","Official figure","base year is 2015"
"CP","Consumer Price Indices","104","Myanmar","2006","2006","23013","Consumer Prices, Food Indices (2015 = 100)","7009","September","6125","Value","","42.779279","A","Official figure","base year is 2015"
"CP","Consumer Price Indices","104","Myanmar","2006","2006","23013","Consumer Prices, Food Indices (2015 = 100)","7010","October","6125","Value","","44.082928","A","Official figure","base year is 2015"
"CP","Consumer Price Indices","104","Myanmar","2006","2006","23013","Consumer Prices, Food Indices (2015 = 100)","7011","November","6125","Value","","45.871828","A","Official figure","base year is 2015"
"CP","Consumer Price Indices","104","Myanmar","2006","2006","23013","Consumer Prices, Food Indices (2015 = 100)","7012","December","6125","Value","","46.951401","A","Official figure","base year is 2015"
"CP","Consumer Price Indices","104","Myanmar","2007","2007","23013","Consumer Prices, Food Indices (2015 = 100)","7001","January","6125","Value","","47.90187","A","Official figure","base year is 2015"
"CP","Consumer Price Indices","104","Myanmar","2007","2007","23013","Consumer Prices, Food Indices (2015 = 100)","7002","February","6125","Value","","49.054157","A","Official figure","base year is 2015"
"CP","Consumer Price Indices","104","Myanmar","2007","2007","23013","Consumer Prices, Food Indices (2015 = 100)","7003","March","6125","Value","","50.386743","A","Official figure","base year is 2015"
"CP","Consumer Price Indices","104","Myanmar","2007","2007","23013","Consumer Prices, Food Indices (2015 = 100)","7004","April","6125","Value","","51.788332","A","Official figure","base year is 2015"
"CP","Consumer Price Indices","104","Myanmar","2007","2007","23013","Consumer Prices, Food Indices (2015 = 100)","7005","May","6125","Value","","53.153565","A","Official figure","base year is 2015"
"CP","Consumer Price Indices","104","Myanmar","2007","2007","23013","Consumer Prices, Food Indices (2015 = 100)","7006","June","6125","Value","","54.254655","A","Official figure","base year is 2015"
"CP","Consumer Price Indices","104","Myanmar","2007","2007","23013","Consumer Prices, Food Indices (2015 = 100)","7007","July","6125","Value","","55.499689","A","Official figure","base year is 2015"
"CP","Consumer Price Indices","104","Myanmar","2007","2007","23013","Consumer Prices, Food Indices (2015 = 100)","7008","August","6125","Value","","56.480579","A","Official figure","base year is 2015"
"CP","Consumer Price Indices","104","Myanmar","2007","2007","23013","Consumer Prices, Food Indices (2015 = 100)","7009","September","6125","Value","","57.426596","A","Official figure","base year is 2015"
"CP","Consumer Price Indices","104","Myanmar","2007","2007","23013","Consumer Prices, Food Indices (2015 = 100)","7010","October","6125","Value","","58.381517","A","Official figure","base year is 2015"
"CP","Consumer Price Indices","104","Myanmar","2007","2007","23013","Consumer Prices, Food Indices (2015 = 100)","7011","November","6125","Value","","59.337922","A","Official figure","base year is 2015"
"CP","Consumer Price Indices","104","Myanmar","2007","2007","23013","Consumer Prices, Food Indices (2015 = 100)","7012","December","6125","Value","","60.229776","A","Official figure","base year is 2015"
"CP","Consumer Price Indices","104","Myanmar","2008","2008","23013","Consumer Prices, Food Indices (2015 = 100)","7001","January","6125","Value","","61.965254","A","Official figure","base year is 2015"
"CP","Consumer Price Indices","104","Myanmar","2008","2008","23013","Consumer Prices, Food Indices (2015 = 100)","7002","February","6125","Value","","63.636922","A","Official figure","base year is 2015"
"CP","Consumer Price Indices","104","Myanmar","2008","2008","23013","Consumer Prices, Food Indices (2015 = 100)","7003","March","6125","Value","","64.129084","A","Official figure","base year is 2015"
"CP","Consumer Price Indices","104","Myanmar","2008","2008","23013","Consumer Prices, Food Indices (2015 = 100)","7004","April","6125","Value","","64.532995","A","Official figure","base year is 2015"
"CP","Consumer Price Indices","104","Myanmar","2008","2008","23013","Consumer Prices, Food Indices (2015 = 100)","7005","May","6125","Value","","66.742902","A","Official figure","base year is 2015"
"CP","Consumer Price Indices","104","Myanmar","2008","2008","23013","Consumer Prices, Food Indices (2015 = 100)","7006","June","6125","Value","","66.663977","A","Official figure","base year is 2015"
"CP","Consumer Price Indices","104","Myanmar","2008","2008","23013","Consumer Prices, Food Indices (2015 = 100)","7007","July","6125","Value","","67.643579","A","Official figure","base year is 2015"
"CP","Consumer Price Indices","104","Myanmar","2008","2008","23013","Consumer Prices, Food Indices (2015 = 100)","7008","August","6125","Value","","69.528499","A","Official figure","base year is 2015"
"CP","Consumer Price Indices","104","Myanmar","2008","2008","23013","Consumer Prices, Food Indices (2015 = 100)","7009","September","6125","Value","","69.68635","A","Official figure","base year is 2015"
"CP","Consumer Price Indices","104","Myanmar","2008","2008","23013","Consumer Prices, Food Indices (2015 = 100)","7010","October","6125","Value","","69.63528","A","Official figure","base year is 2015"
"CP","Consumer Price Indices","104","Myanmar","2008","2008","23013","Consumer Prices, Food Indices (2015 = 100)","7011","November","6125","Value","","69.013164","A","Official figure","base year is 2015"
"CP","Consumer Price Indices","104","Myanmar","2008","2008","23013","Consumer Prices, Food Indices (2015 = 100)","7012","December","6125","Value","","67.481085","A","Official figure","base year is 2015"
"CP","Consumer Price Indices","104","Myanmar","2009","2009","23013","Consumer Prices, Food Indices (2015 = 100)","7001","January","6125","Value","","66.018647","A","Official figure","base year is 2015"
"CP","Consumer Price Indices","104","Myanmar","2009","2009","23013","Consumer Prices, Food Indices (2015 = 100)","7002","February","6125","Value","","65.182968","A","Official figure","base year is 2015"
"CP","Consumer Price Indices","104","Myanmar","2009","2009","23013","Consumer Prices, Food Indices (2015 = 100)","7003","March","6125","Value","","64.695489","A","Official figure","base year is 2015"
"CP","Consumer Price Indices","104","Myanmar","2009","2009","23013","Consumer Prices, Food Indices (2015 = 100)","7004","April","6125","Value","","65.749373","A","Official figure","base year is 2015"
"CP","Consumer Price Indices","104","Myanmar","2009","2009","23013","Consumer Prices, Food Indices (2015 = 100)","7005","May","6125","Value","","65.870082","A","Official figure","base year is 2015"
"CP","Consumer Price Indices","104","Myanmar","2009","2009","23013","Consumer Prices, Food Indices (2015 = 100)","7006","June","6125","Value","","66.380775","A","Official figure","base year is 2015"
"CP","Consumer Price Indices","104","Myanmar","2009","2009","23013","Consumer Prices, Food Indices (2015 = 100)","7007","July","6125","Value","","66.575766","A","Official figure","base year is 2015"
"CP","Consumer Price Indices","104","Myanmar","2009","2009","23013","Consumer Prices, Food Indices (2015 = 100)","7008","August","6125","Value","","67.235024","A","Official figure","base year is 2015"
"CP","Consumer Price Indices","104","Myanmar","2009","2009","23013","Consumer Prices, Food Indices (2015 = 100)","7009","September","6125","Value","","67.917496","A","Official figure","base year is 2015"
"CP","Consumer Price Indices","104","Myanmar","2009","2009","23013","Consumer Prices, Food Indices (2015 = 100)","7010","October","6125","Value","","68.121773","A","Official figure","base year is 2015"
"CP","Consumer Price Indices","104","Myanmar","2009","2009","23013","Consumer Prices, Food Indices (2015 = 100)","7011","November","6125","Value","","67.773573","A","Official figure","base year is 2015"
"CP","Consumer Price Indices","104","Myanmar","2009","2009","23013","Consumer Prices, Food Indices (2015 = 100)","7012","December","6125","Value","","66.863611","A","Official figure","base year is 2015"
"CP","Consumer Price Indices","104","Myanmar","2010","2010","23013","Consumer Prices, Food Indices (2015 = 100)","7001","January","6125","Value","","67.917496","A","Official figure","base year is 2015"
"CP","Consumer Price Indices","104","Myanmar","2010","2010","23013","Consumer Prices, Food Indices (2015 = 100)","7002","February","6125","Value","","68.205341","A","Official figure","base year is 2015"
"CP","Consumer Price Indices","104","Myanmar","2010","2010","23013","Consumer Prices, Food Indices (2015 = 100)","7003","March","6125","Value","","68.344621","A","Official figure","base year is 2015"
"CP","Consumer Price Indices","104","Myanmar","2010","2010","23013","Consumer Prices, Food Indices (2015 = 100)","7004","April","6125","Value","","69.593496","A","Official figure","base year is 2015"
"CP","Consumer Price Indices","104","Myanmar","2010","2010","23013","Consumer Prices, Food Indices (2015 = 100)","7005","May","6125","Value","","70.712378","A","Official figure","base year is 2015"
"CP","Consumer Price Indices","104","Myanmar","2010","2010","23013","Consumer Prices, Food Indices (2015 = 100)","7006","June","6125","Value","","72.00768","A","Official figure","base year is 2015"
"CP","Consumer Price Indices","104","Myanmar","2010","2010","23013","Consumer Prices, Food Indices (2015 = 100)","7007","July","6125","Value","","72.170174","A","Official figure","base year is 2015"
"CP","Consumer Price Indices","104","Myanmar","2010","2010","23013","Consumer Prices, Food Indices (2015 = 100)","7008","August","6125","Value","","72.523016","A","Official figure","base year is 2015"
"CP","Consumer Price Indices","104","Myanmar","2010","2010","23013","Consumer Prices, Food Indices (2015 = 100)","7009","September","6125","Value","","72.527659","A","Official figure","base year is 2015"
"CP","Consumer Price Indices","104","Myanmar","2010","2010","23013","Consumer Prices, Food Indices (2015 = 100)","7010","October","6125","Value","","73.539759","A","Official figure","base year is 2015"
"CP","Consumer Price Indices","104","Myanmar","2010","2010","23013","Consumer Prices, Food Indices (2015 = 100)","7011","November","6125","Value","","74.394008","A","Official figure","base year is 2015"
"CP","Consumer Price Indices","104","Myanmar","2010","2010","23013","Consumer Prices, Food Indices (2015 = 100)","7012","December","6125","Value","","74.250086","A","Official figure","base year is 2015"
"CP","Consumer Price Indices","104","Myanmar","2011","2011","23013","Consumer Prices, Food Indices (2015 = 100)","7001","January","6125","Value","","74.524003","A","Official figure","base year is 2015"
"CP","Consumer Price Indices","104","Myanmar","2011","2011","23013","Consumer Prices, Food Indices (2015 = 100)","7002","February","6125","Value","","74.825776","A","Official figure","base year is 2015"
"CP","Consumer Price Indices","104","Myanmar","2011","2011","23013","Consumer Prices, Food Indices (2015 = 100)","7003","March","6125","Value","","74.779349","A","Official figure","base year is 2015"
"CP","Consumer Price Indices","104","Myanmar","2011","2011","23013","Consumer Prices, Food Indices (2015 = 100)","7004","April","6125","Value","","75.745023","A","Official figure","base year is 2015"
"CP","Consumer Price Indices","104","Myanmar","2011","2011","23013","Consumer Prices, Food Indices (2015 = 100)","7005","May","6125","Value","","75.870375","A","Official figure","base year is 2015"
"CP","Consumer Price Indices","104","Myanmar","2011","2011","23013","Consumer Prices, Food Indices (2015 = 100)","7006","June","6125","Value","","75.104336","A","Official figure","base year is 2015"
"CP","Consumer Price Indices","104","Myanmar","2011","2011","23013","Consumer Prices, Food Indices (2015 = 100)","7007","July","6125","Value","","73.999382","A","Official figure","base year is 2015"
"CP","Consumer Price Indices","104","Myanmar","2011","2011","23013","Consumer Prices, Food Indices (2015 = 100)","7008","August","6125","Value","","73.34941","A","Official figure","base year is 2015"
"CP","Consumer Price Indices","104","Myanmar","2011","2011","23013","Consumer Prices, Food Indices (2015 = 100)","7009","September","6125","Value","","73.075493","A","Official figure","base year is 2015"
"CP","Consumer Price Indices","104","Myanmar","2011","2011","23013","Consumer Prices, Food Indices (2015 = 100)","7010","October","6125","Value","","72.801576","A","Official figure","base year is 2015"
"CP","Consumer Price Indices","104","Myanmar","2011","2011","23013","Consumer Prices, Food Indices (2015 = 100)","7011","November","6125","Value","","72.996567","A","Official figure","base year is 2015"
"CP","Consumer Price Indices","104","Myanmar","2011","2011","23013","Consumer Prices, Food Indices (2015 = 100)","7012","December","6125","Value","","72.471947","A","Official figure","base year is 2015"
"CP","Consumer Price Indices","104","Myanmar","2012","2012","23013","Consumer Prices, Food Indices (2015 = 100)","7001","January","6125","Value","","71.018794","A","Official figure","base year is 2015"
"CP","Consumer Price Indices","104","Myanmar","2012","2012","23013","Consumer Prices, Food Indices (2015 = 100)","7002","February","6125","Value","","70.744877","A","Official figure","base year is 2015"
"CP","Consumer Price Indices","104","Myanmar","2012","2012","23013","Consumer Prices, Food Indices (2015 = 100)","7003","March","6125","Value","","70.670594","A","Official figure","base year is 2015"
"CP","Consumer Price Indices","104","Myanmar","2012","2012","23013","Consumer Prices, Food Indices (2015 = 100)","7004","April","6125","Value","","70.99558","A","Official figure","base year is 2015"
"CP","Consumer Price Indices","104","Myanmar","2012","2012","23013","Consumer Prices, Food Indices (2015 = 100)","7005","May","6125","Value","","71.668766","A","Official figure","base year is 2015"
"CP","Consumer Price Indices","104","Myanmar","2012","2012","23013","Consumer Prices, Food Indices (2015 = 100)","7006","June","6125","Value","","71.900899","A","Official figure","base year is 2015"
"CP","Consumer Price Indices","104","Myanmar","2012","2012","23013","Consumer Prices, Food Indices (2015 = 100)","7007","July","6125","Value","","72.253742","A","Official figure","base year is 2015"
"CP","Consumer Price Indices","104","Myanmar","2012","2012","23013","Consumer Prices, Food Indices (2015 = 100)","7008","August","6125","Value","","73.275127","A","Official figure","base year is 2015"
"CP","Consumer Price Indices","104","Myanmar","2012","2012","23013","Consumer Prices, Food Indices (2015 = 100)","7009","September","6125","Value","","75.016125","A","Official figure","base year is 2015"
"CP","Consumer Price Indices","104","Myanmar","2012","2012","23013","Consumer Prices, Food Indices (2015 = 100)","7010","October","6125","Value","","86.738846","A","Official figure","base year is 2015"
"CP","Consumer Price Indices","104","Myanmar","2012","2012","23013","Consumer Prices, Food Indices (2015 = 100)","7011","November","6125","Value","","87.022048","A","Official figure","base year is 2015"
"CP","Consumer Price Indices","104","Myanmar","2012","2012","23013","Consumer Prices, Food Indices (2015 = 100)","7012","December","6125","Value","","87.820586","A","Official figure","base year is 2015"
"CP","Consumer Price Indices","104","Myanmar","2013","2013","23013","Consumer Prices, Food Indices (2015 = 100)","7001","January","6125","Value","","88.776974","X","Figure from external organization","base year is 2015"
"CP","Consumer Price Indices","104","Myanmar","2013","2013","23013","Consumer Prices, Food Indices (2015 = 100)","7002","February","6125","Value","","88.243068","X","Figure from external organization","base year is 2015"
"CP","Consumer Price Indices","104","Myanmar","2013","2013","23013","Consumer Prices, Food Indices (2015 = 100)","7003","March","6125","Value","","88.024863","X","Figure from external organization","base year is 2015"
"CP","Consumer Price Indices","104","Myanmar","2013","2013","23013","Consumer Prices, Food Indices (2015 = 100)","7004","April","6125","Value","","88.08986","X","Figure from external organization","base year is 2015"
"CP","Consumer Price Indices","104","Myanmar","2013","2013","23013","Consumer Prices, Food Indices (2015 = 100)","7005","May","6125","Value","","87.973793","X","Figure from external organization","base year is 2015"
"CP","Consumer Price Indices","104","Myanmar","2013","2013","23013","Consumer Prices, Food Indices (2015 = 100)","7006","June","6125","Value","","89.524442","X","Figure from external organization","base year is 2015"
"CP","Consumer Price Indices","104","Myanmar","2013","2013","23013","Consumer Prices, Food Indices (2015 = 100)","7007","July","6125","Value","","89.81693","X","Figure from external organization","base year is 2015"
"CP","Consumer Price Indices","104","Myanmar","2013","2013","23013","Consumer Prices, Food Indices (2015 = 100)","7008","August","6125","Value","","90.309052","X","Figure from external organization","base year is 2015"
"CP","Consumer Price Indices","104","Myanmar","2013","2013","23013","Consumer Prices, Food Indices (2015 = 100)","7009","September","6125","Value","","90.192986","X","Figure from external organization","base year is 2015"
"CP","Consumer Price Indices","104","Myanmar","2013","2013","23013","Consumer Prices, Food Indices (2015 = 100)","7010","October","6125","Value","","90.787246","X","Figure from external organization","base year is 2015"
"CP","Consumer Price Indices","104","Myanmar","2013","2013","23013","Consumer Prices, Food Indices (2015 = 100)","7011","November","6125","Value","","91.172587","X","Figure from external organization","base year is 2015"
"CP","Consumer Price Indices","104","Myanmar","2013","2013","23013","Consumer Prices, Food Indices (2015 = 100)","7012","December","6125","Value","","91.511502","X","Figure from external organization","base year is 2015"
"CP","Consumer Price Indices","104","Myanmar","2014","2014","23013","Consumer Prices, Food Indices (2015 = 100)","7001","January","6125","Value","","91.68328","X","Figure from external organization","base year is 2015"
"CP","Consumer Price Indices","104","Myanmar","2014","2014","23013","Consumer Prices, Food Indices (2015 = 100)","7002","February","6125","Value","","92.073264","X","Figure from external organization","base year is 2015"
"CP","Consumer Price Indices","104","Myanmar","2014","2014","23013","Consumer Prices, Food Indices (2015 = 100)","7003","March","6125","Value","","92.193973","X","Figure from external organization","base year is 2015"
"CP","Consumer Price Indices","104","Myanmar","2014","2014","23013","Consumer Prices, Food Indices (2015 = 100)","7004","April","6125","Value","","92.351823","X","Figure from external organization","base year is 2015"
"CP","Consumer Price Indices","104","Myanmar","2014","2014","23013","Consumer Prices, Food Indices (2015 = 100)","7005","May","6125","Value","","92.843945","X","Figure from external organization","base year is 2015"
"CP","Consumer Price Indices","104","Myanmar","2014","2014","23013","Consumer Prices, Food Indices (2015 = 100)","7006","June","6125","Value","","93.642483","X","Figure from external organization","base year is 2015"
"CP","Consumer Price Indices","104","Myanmar","2014","2014","23013","Consumer Prices, Food Indices (2015 = 100)","7007","July","6125","Value","","93.925686","X","Figure from external organization","base year is 2015"
"CP","Consumer Price Indices","104","Myanmar","2014","2014","23013","Consumer Prices, Food Indices (2015 = 100)","7008","August","6125","Value","","94.106749","X","Figure from external organization","base year is 2015"
"CP","Consumer Price Indices","104","Myanmar","2014","2014","23013","Consumer Prices, Food Indices (2015 = 100)","7009","September","6125","Value","","94.162461","X","Figure from external organization","base year is 2015"
"CP","Consumer Price Indices","104","Myanmar","2014","2014","23013","Consumer Prices, Food Indices (2015 = 100)","7010","October","6125","Value","","94.2646","X","Figure from external organization","base year is 2015"
"CP","Consumer Price Indices","104","Myanmar","2014","2014","23013","Consumer Prices, Food Indices (2015 = 100)","7011","November","6125","Value","","97.170906","X","Figure from external organization","base year is 2015"
"CP","Consumer Price Indices","104","Myanmar","2014","2014","23013","Consumer Prices, Food Indices (2015 = 100)","7012","December","6125","Value","","97.44018","X","Figure from external organization","base year is 2015"
"CP","Consumer Price Indices","104","Myanmar","2015","2015","23013","Consumer Prices, Food Indices (2015 = 100)","7001","January","6125","Value","","97.732668","X","Figure from external organization","base year is 2015"
"CP","Consumer Price Indices","104","Myanmar","2015","2015","23013","Consumer Prices, Food Indices (2015 = 100)","7002","February","6125","Value","","97.574818","X","Figure from external organization","base year is 2015"
"CP","Consumer Price Indices","104","Myanmar","2015","2015","23013","Consumer Prices, Food Indices (2015 = 100)","7003","March","6125","Value","","97.839449","X","Figure from external organization","base year is 2015"
"CP","Consumer Price Indices","104","Myanmar","2015","2015","23013","Consumer Prices, Food Indices (2015 = 100)","7004","April","6125","Value","","98.01587","X","Figure from external organization","base year is 2015"
"CP","Consumer Price Indices","104","Myanmar","2015","2015","23013","Consumer Prices, Food Indices (2015 = 100)","7005","May","6125","Value","","98.345499","X","Figure from external organization","base year is 2015"
"CP","Consumer Price Indices","104","Myanmar","2015","2015","23013","Consumer Prices, Food Indices (2015 = 100)","7006","June","6125","Value","","99.037256","X","Figure from external organization","base year is 2015"
"CP","Consumer Price Indices","104","Myanmar","2015","2015","23013","Consumer Prices, Food Indices (2015 = 100)","7007","July","6125","Value","","99.831151","X","Figure from external organization","base year is 2015"
"CP","Consumer Price Indices","104","Myanmar","2015","2015","23013","Consumer Prices, Food Indices (2015 = 100)","7008","August","6125","Value","","100.462553","X","Figure from external organization","base year is 2015"
"CP","Consumer Price Indices","104","Myanmar","2015","2015","23013","Consumer Prices, Food Indices (2015 = 100)","7009","September","6125","Value","","101.200736","X","Figure from external organization","base year is 2015"
"CP","Consumer Price Indices","104","Myanmar","2015","2015","23013","Consumer Prices, Food Indices (2015 = 100)","7010","October","6125","Value","","103.854266","X","Figure from external organization","base year is 2015"
"CP","Consumer Price Indices","104","Myanmar","2015","2015","23013","Consumer Prices, Food Indices (2015 = 100)","7011","November","6125","Value","","105.198781","X","Figure from external organization","base year is 2015"
"CP","Consumer Price Indices","104","Myanmar","2015","2015","23013","Consumer Prices, Food Indices (2015 = 100)","7012","December","6125","Value","","101.244163","X","Figure from external organization","base year is 2015"
"CP","Consumer Price Indices","104","Myanmar","2016","2016","23013","Consumer Prices, Food Indices (2015 = 100)","7001","January","6125","Value","","99.548237","X","Figure from external organization","base year is 2015"
"CP","Consumer Price Indices","104","Myanmar","2016","2016","23013","Consumer Prices, Food Indices (2015 = 100)","7002","February","6125","Value","","99.620331","X","Figure from external organization","base year is 2015"
"CP","Consumer Price Indices","104","Myanmar","2016","2016","23013","Consumer Prices, Food Indices (2015 = 100)","7003","March","6125","Value","","100.375614","X","Figure from external organization","base year is 2015"
"CP","Consumer Price Indices","104","Myanmar","2016","2016","23013","Consumer Prices, Food Indices (2015 = 100)","7004","April","6125","Value","","103.919177","X","Figure from external organization","base year is 2015"
"CP","Consumer Price Indices","104","Myanmar","2016","2016","23013","Consumer Prices, Food Indices (2015 = 100)","7005","May","6125","Value","","105.228697","X","Figure from external organization","base year is 2015"
"CP","Consumer Price Indices","104","Myanmar","2016","2016","23013","Consumer Prices, Food Indices (2015 = 100)","7006","June","6125","Value","","106.687944","X","Figure from external organization","base year is 2015"
"CP","Consumer Price Indices","104","Myanmar","2016","2016","23013","Consumer Prices, Food Indices (2015 = 100)","7007","July","6125","Value","","108.062124","X","Figure from external organization","base year is 2015"
"CP","Consumer Price Indices","104","Myanmar","2016","2016","23013","Consumer Prices, Food Indices (2015 = 100)","7008","August","6125","Value","","108.052191","X","Figure from external organization","base year is 2015"
"CP","Consumer Price Indices","104","Myanmar","2016","2016","23013","Consumer Prices, Food Indices (2015 = 100)","7009","September","6125","Value","","107.62796","X","Figure from external organization","base year is 2015"
"CP","Consumer Price Indices","104","Myanmar","2016","2016","23013","Consumer Prices, Food Indices (2015 = 100)","7010","October","6125","Value","","108.063488","X","Figure from external organization","base year is 2015"
"CP","Consumer Price Indices","104","Myanmar","2016","2016","23013","Consumer Prices, Food Indices (2015 = 100)","7011","November","6125","Value","","109.250279","X","Figure from external organization","base year is 2015"
"CP","Consumer Price Indices","104","Myanmar","2016","2016","23013","Consumer Prices, Food Indices (2015 = 100)","7012","December","6125","Value","","109.334786","X","Figure from external organization","base year is 2015"
"CP","Consumer Price Indices","104","Myanmar","2017","2017","23013","Consumer Prices, Food Indices (2015 = 100)","7001","January","6125","Value","","109.23405","X","Figure from external organization","base year is 2015"
"CP","Consumer Price Indices","104","Myanmar","2017","2017","23013","Consumer Prices, Food Indices (2015 = 100)","7002","February","6125","Value","","109.660398","X","Figure from external organization","base year is 2015"
"CP","Consumer Price Indices","104","Myanmar","2017","2017","23013","Consumer Prices, Food Indices (2015 = 100)","7003","March","6125","Value","","108.381815","X","Figure from external organization","base year is 2015"
"CP","Consumer Price Indices","104","Myanmar","2017","2017","23013","Consumer Prices, Food Indices (2015 = 100)","7004","April","6125","Value","","108.491566","X","Figure from external organization","base year is 2015"
"CP","Consumer Price Indices","104","Myanmar","2017","2017","23013","Consumer Prices, Food Indices (2015 = 100)","7005","May","6125","Value","","108.934719","X","Figure from external organization","base year is 2015"
"CP","Consumer Price Indices","104","Myanmar","2017","2017","23013","Consumer Prices, Food Indices (2015 = 100)","7006","June","6125","Value","","109.137525","X","Figure from external organization","base year is 2015"
"CP","Consumer Price Indices","104","Myanmar","2017","2017","23013","Consumer Prices, Food Indices (2015 = 100)","7007","July","6125","Value","","109.117563","X","Figure from external organization","base year is 2015"
"CP","Consumer Price Indices","104","Myanmar","2017","2017","23013","Consumer Prices, Food Indices (2015 = 100)","7008","August","6125","Value","","109.215904","X","Figure from external organization","base year is 2015"
"CP","Consumer Price Indices","104","Myanmar","2017","2017","23013","Consumer Prices, Food Indices (2015 = 100)","7009","September","6125","Value","","110.34542","X","Figure from external organization","base year is 2015"
"CP","Consumer Price Indices","104","Myanmar","2017","2017","23013","Consumer Prices, Food Indices (2015 = 100)","7010","October","6125","Value","","111.79583","X","Figure from external organization","base year is 2015"
"CP","Consumer Price Indices","104","Myanmar","2017","2017","23013","Consumer Prices, Food Indices (2015 = 100)","7011","November","6125","Value","","113.396517","X","Figure from external organization","base year is 2015"
"CP","Consumer Price Indices","104","Myanmar","2017","2017","23013","Consumer Prices, Food Indices (2015 = 100)","7012","December","6125","Value","","113.69286","X","Figure from external organization","base year is 2015"
"CP","Consumer Price Indices","104","Myanmar","2018","2018","23013","Consumer Prices, Food Indices (2015 = 100)","7001","January","6125","Value","","114.292739","X","Figure from external organization","base year is 2015"
"CP","Consumer Price Indices","104","Myanmar","2018","2018","23013","Consumer Prices, Food Indices (2015 = 100)","7002","February","6125","Value","","114.127144","X","Figure from external organization","base year is 2015"
"CP","Consumer Price Indices","104","Myanmar","2018","2018","23013","Consumer Prices, Food Indices (2015 = 100)","7003","March","6125","Value","","113.616049","X","Figure from external organization","base year is 2015"
"CP","Consumer Price Indices","104","Myanmar","2018","2018","23013","Consumer Prices, Food Indices (2015 = 100)","7004","April","6125","Value","","114.406387","X","Figure from external organization","base year is 2015"
"CP","Consumer Price Indices","104","Myanmar","2018","2018","23013","Consumer Prices, Food Indices (2015 = 100)","7005","May","6125","Value","","114.595035","X","Figure from external organization","base year is 2015"
"CP","Consumer Price Indices","104","Myanmar","2018","2018","23013","Consumer Prices, Food Indices (2015 = 100)","7006","June","6125","Value","","115.450718","X","Figure from external organization","base year is 2015"
"CP","Consumer Price Indices","104","Myanmar","2018","2018","23013","Consumer Prices, Food Indices (2015 = 100)","7007","July","6125","Value","","117.404268","X","Figure from external organization","base year is 2015"
"CP","Consumer Price Indices","104","Myanmar","2018","2018","23013","Consumer Prices, Food Indices (2015 = 100)","7008","August","6125","Value","","118.41286","X","Figure from external organization","base year is 2015"
"CP","Consumer Price Indices","104","Myanmar","2018","2018","23013","Consumer Prices, Food Indices (2015 = 100)","7009","September","6125","Value","","119.778907","X","Figure from external organization","base year is 2015"
"CP","Consumer Price Indices","104","Myanmar","2018","2018","23013","Consumer Prices, Food Indices (2015 = 100)","7010","October","6125","Value","","121.218497","X","Figure from external organization","base year is 2015"
"CP","Consumer Price Indices","104","Myanmar","2018","2018","23013","Consumer Prices, Food Indices (2015 = 100)","7011","November","6125","Value","","123.102216","X","Figure from external organization","base year is 2015"
"CP","Consumer Price Indices","104","Myanmar","2018","2018","23013","Consumer Prices, Food Indices (2015 = 100)","7012","December","6125","Value","","121.901186","X","Figure from external organization","base year is 2015"
"CP","Consumer Price Indices","104","Myanmar","2019","2019","23013","Consumer Prices, Food Indices (2015 = 100)","7001","January","6125","Value","","122.052162","X","Figure from external organization","base year is 2015"
"CP","Consumer Price Indices","104","Myanmar","2019","2019","23013","Consumer Prices, Food Indices (2015 = 100)","7002","February","6125","Value","","123.005434","X","Figure from external organization","base year is 2015"
"CP","Consumer Price Indices","104","Myanmar","2019","2019","23013","Consumer Prices, Food Indices (2015 = 100)","7003","March","6125","Value","","124.129292","X","Figure from external organization","base year is 2015"
"CP","Consumer Price Indices","104","Myanmar","2019","2019","23013","Consumer Prices, Food Indices (2015 = 100)","7004","April","6125","Value","","126.016732","X","Figure from external organization","base year is 2015"
"CP","Consumer Price Indices","104","Myanmar","2019","2019","23013","Consumer Prices, Food Indices (2015 = 100)","7005","May","6125","Value","","127.385637","X","Figure from external organization","base year is 2015"
"CP","Consumer Price Indices","104","Myanmar","2019","2019","23013","Consumer Prices, Food Indices (2015 = 100)","7006","June","6125","Value","","128.803625","X","Figure from external organization","base year is 2015"
"CP","Consumer Price Indices","104","Myanmar","2019","2019","23013","Consumer Prices, Food Indices (2015 = 100)","7007","July","6125","Value","","129.623355","X","Figure from external organization","base year is 2015"
"CP","Consumer Price Indices","104","Myanmar","2019","2019","23013","Consumer Prices, Food Indices (2015 = 100)","7008","August","6125","Value","","130.225951","X","Figure from external organization","base year is 2015"
"CP","Consumer Price Indices","104","Myanmar","2019","2019","23013","Consumer Prices, Food Indices (2015 = 100)","7009","September","6125","Value","","130.284695","X","Figure from external organization","base year is 2015"
"CP","Consumer Price Indices","104","Myanmar","2019","2019","23013","Consumer Prices, Food Indices (2015 = 100)","7010","October","6125","Value","","130.878175","X","Figure from external organization","base year is 2015"
"CP","Consumer Price Indices","104","Myanmar","2019","2019","23013","Consumer Prices, Food Indices (2015 = 100)","7011","November","6125","Value","","131.286541","X","Figure from external organization","base year is 2015"
"CP","Consumer Price Indices","104","Myanmar","2019","2019","23013","Consumer Prices, Food Indices (2015 = 100)","7012","December","6125","Value","","131.430751","X","Figure from external organization","base year is 2015"
"CP","Consumer Price Indices","104","Myanmar","2020","2020","23013","Consumer Prices, Food Indices (2015 = 100)","7001","January","6125","Value","","130.55219","X","Figure from external organization","base year is 2015"
"CP","Consumer Price Indices","104","Myanmar","2020","2020","23013","Consumer Prices, Food Indices (2015 = 100)","7002","February","6125","Value","","130.400016","X","Figure from external organization","base year is 2015"
"CP","Consumer Price Indices","104","Myanmar","2020","2020","23013","Consumer Prices, Food Indices (2015 = 100)","7003","March","6125","Value","","130.128287","X","Figure from external organization","base year is 2015"
"CP","Consumer Price Indices","104","Myanmar","2020","2020","23013","Consumer Prices, Food Indices (2015 = 100)","7004","April","6125","Value","","131.023175","X","Figure from external organization","base year is 2015"
"CP","Consumer Price Indices","104","Myanmar","2020","2020","23013","Consumer Prices, Food Indices (2015 = 100)","7005","May","6125","Value","","130.663093","X","Figure from external organization","base year is 2015"
"CP","Consumer Price Indices","104","Myanmar","2020","2020","23013","Consumer Prices, Food Indices (2015 = 100)","7006","June","6125","Value","","130.973956","X","Figure from external organization","base year is 2015"
"CP","Consumer Price Indices","104","Myanmar","2020","2020","23013","Consumer Prices, Food Indices (2015 = 100)","7007","July","6125","Value","","131.012958","X","Figure from external organization","base year is 2015"
"CP","Consumer Price Indices","104","Myanmar","2020","2020","23013","Consumer Prices, Food Indices (2015 = 100)","7008","August","6125","Value","","131.874487","X","Figure from external organization","base year is 2015"
"CP","Consumer Price Indices","104","Myanmar","2020","2020","23013","Consumer Prices, Food Indices (2015 = 100)","7009","September","6125","Value","","133.231606","X","Figure from external organization","base year is 2015"
"CP","Consumer Price Indices","104","Myanmar","2020","2020","23013","Consumer Prices, Food Indices (2015 = 100)","7010","October","6125","Value","","133.082489","X","Figure from external organization","base year is 2015"
"CP","Consumer Price Indices","104","Myanmar","2020","2020","23013","Consumer Prices, Food Indices (2015 = 100)","7011","November","6125","Value","","132.859749","X","Figure from external organization","base year is 2015"
"CP","Consumer Price Indices","104","Myanmar","2020","2020","23013","Consumer Prices, Food Indices (2015 = 100)","7012","December","6125","Value","","132.475728","A","Official figure","base year is 2015"
"CP","Consumer Price Indices","104","Myanmar","2021","2021","23013","Consumer Prices, Food Indices (2015 = 100)","7001","January","6125","Value","","131.607703","A","Official figure","base year is 2015"
"CP","Consumer Price Indices","104","Myanmar","2021","2021","23013","Consumer Prices, Food Indices (2015 = 100)","7002","February","6125","Value","","132.31722","A","Official figure","base year is 2015"
"CP","Consumer Price Indices","104","Myanmar","2021","2021","23013","Consumer Prices, Food Indices (2015 = 100)","7003","March","6125","Value","","132.807842","A","Official figure","base year is 2015"
"CP","Consumer Price Indices","104","Myanmar","2021","2021","23013","Consumer Prices, Food Indices (2015 = 100)","7004","April","6125","Value","","134.868459","A","Official figure","base year is 2015"
"CP","Consumer Price Indices","104","Myanmar","2021","2021","23013","Consumer Prices, Food Indices (2015 = 100)","7005","May","6125","Value","","136.52148","A","Official figure","base year is 2015"
"CP","Consumer Price Indices","104","Myanmar","2021","2021","23013","Consumer Prices, Food Indices (2015 = 100)","7006","June","6125","Value","","137.668783","A","Official figure","base year is 2015"
"CP","Consumer Price Indices","104","Myanmar","2021","2021","23013","Consumer Prices, Food Indices (2015 = 100)","7007","July","6125","Value","","138.974595","A","Official figure","base year is 2015"
"CP","Consumer Price Indices","104","Myanmar","2021","2021","23013","Consumer Prices, Food Indices (2015 = 100)","7008","August","6125","Value","","139.978485","A","Official figure","base year is 2015"
"CP","Consumer Price Indices","104","Myanmar","2021","2021","23013","Consumer Prices, Food Indices (2015 = 100)","7009","September","6125","Value","","140.952182","A","Official figure","base year is 2015"
"CP","Consumer Price Indices","104","Myanmar","2021","2021","23013","Consumer Prices, Food Indices (2015 = 100)","7010","October","6125","Value","","144.733753","A","Official figure","base year is 2015"
"CP","Consumer Price Indices","104","Myanmar","2021","2021","23013","Consumer Prices, Food Indices (2015 = 100)","7011","November","6125","Value","","147.262348","A","Official figure","base year is 2015"
"CP","Consumer Price Indices","104","Myanmar","2021","2021","23013","Consumer Prices, Food Indices (2015 = 100)","7012","December","6125","Value","","148.854985","A","Official figure","base year is 2015"
"CP","Consumer Price Indices","104","Myanmar","2022","2022","23013","Consumer Prices, Food Indices (2015 = 100)","7001","January","6125","Value","","148.439843","A","Official figure","base year is 2015"
"CP","Consumer Price Indices","104","Myanmar","2022","2022","23013","Consumer Prices, Food Indices (2015 = 100)","7002","February","6125","Value","","148.764408","A","Official figure","base year is 2015"
"CP","Consumer Price Indices","104","Myanmar","2022","2022","23013","Consumer Prices, Food Indices (2015 = 100)","7003","March","6125","Value","","153.293235","A","Official figure","base year is 2015"
"CP","Consumer Price Indices","104","Myanmar","2022","2022","23013","Consumer Prices, Food Indices (2015 = 100)","7004","April","6125","Value","","156.108656","A","Official figure","base year is 2015"
"CP","Consumer Price Indices","104","Myanmar","2022","2022","23013","Consumer Prices, Food Indices (2015 = 100)","7005","May","6125","Value","","158.44855","A","Official figure","base year is 2015"
"CP","Consumer Price Indices","104","Myanmar","2022","2022","23013","Consumer Prices, Food Indices (2015 = 100)","7006","June","6125","Value","","161.135653","A","Official figure","base year is 2015"
"CP","Consumer Price Indices","104","Myanmar","2022","2022","23013","Consumer Prices, Food Indices (2015 = 100)","7007","July","6125","Value","","164.58511","A","Official figure","base year is 2015"
"CP","Consumer Price Indices","608","Philippines","2000","2000","23013","Consumer Prices, Food Indices (2015 = 100)","7001","January","6125","Value","","50.401323","A","Official figure","base year is 2015"
"CP","Consumer Price Indices","608","Philippines","2000","2000","23013","Consumer Prices, Food Indices (2015 = 100)","7002","February","6125","Value","","50.530391","A","Official figure","base year is 2015"
"CP","Consumer Price Indices","608","Philippines","2000","2000","23013","Consumer Prices, Food Indices (2015 = 100)","7003","March","6125","Value","","50.465857","A","Official figure","base year is 2015"
"CP","Consumer Price Indices","608","Philippines","2000","2000","23013","Consumer Prices, Food Indices (2015 = 100)","7004","April","6125","Value","","50.465857","A","Official figure","base year is 2015"
"CP","Consumer Price Indices","608","Philippines","2000","2000","23013","Consumer Prices, Food Indices (2015 = 100)","7005","May","6125","Value","","50.65946","A","Official figure","base year is 2015"
"CP","Consumer Price Indices","608","Philippines","2000","2000","23013","Consumer Prices, Food Indices (2015 = 100)","7006","June","6125","Value","","50.594926","A","Official figure","base year is 2015"
"CP","Consumer Price Indices","608","Philippines","2000","2000","23013","Consumer Prices, Food Indices (2015 = 100)","7007","July","6125","Value","","50.788529","A","Official figure","base year is 2015"
"CP","Consumer Price Indices","608","Philippines","2000","2000","23013","Consumer Prices, Food Indices (2015 = 100)","7008","August","6125","Value","","51.175735","A","Official figure","base year is 2015"
"CP","Consumer Price Indices","608","Philippines","2000","2000","23013","Consumer Prices, Food Indices (2015 = 100)","7009","September","6125","Value","","51.1112","A","Official figure","base year is 2015"
"CP","Consumer Price Indices","608","Philippines","2000","2000","23013","Consumer Prices, Food Indices (2015 = 100)","7010","October","6125","Value","","51.369338","A","Official figure","base year is 2015"
"CP","Consumer Price Indices","608","Philippines","2000","2000","23013","Consumer Prices, Food Indices (2015 = 100)","7011","November","6125","Value","","52.014681","A","Official figure","base year is 2015"
"CP","Consumer Price Indices","608","Philippines","2000","2000","23013","Consumer Prices, Food Indices (2015 = 100)","7012","December","6125","Value","","52.401887","A","Official figure","base year is 2015"
"CP","Consumer Price Indices","608","Philippines","2001","2001","23013","Consumer Prices, Food Indices (2015 = 100)","7001","January","6125","Value","","52.853628","A","Official figure","base year is 2015"
"CP","Consumer Price Indices","608","Philippines","2001","2001","23013","Consumer Prices, Food Indices (2015 = 100)","7002","February","6125","Value","","52.466422","A","Official figure","base year is 2015"
"CP","Consumer Price Indices","608","Philippines","2001","2001","23013","Consumer Prices, Food Indices (2015 = 100)","7003","March","6125","Value","","52.272819","A","Official figure","base year is 2015"
"CP","Consumer Price Indices","608","Philippines","2001","2001","23013","Consumer Prices, Food Indices (2015 = 100)","7004","April","6125","Value","","52.14375","A","Official figure","base year is 2015"
"CP","Consumer Price Indices","608","Philippines","2001","2001","23013","Consumer Prices, Food Indices (2015 = 100)","7005","May","6125","Value","","52.401887","A","Official figure","base year is 2015"
"CP","Consumer Price Indices","608","Philippines","2001","2001","23013","Consumer Prices, Food Indices (2015 = 100)","7006","June","6125","Value","","52.724559","A","Official figure","base year is 2015"
"CP","Consumer Price Indices","608","Philippines","2001","2001","23013","Consumer Prices, Food Indices (2015 = 100)","7007","July","6125","Value","","53.047231","A","Official figure","base year is 2015"
"CP","Consumer Price Indices","608","Philippines","2001","2001","23013","Consumer Prices, Food Indices (2015 = 100)","7008","August","6125","Value","","53.047231","A","Official figure","base year is 2015"
"CP","Consumer Price Indices","608","Philippines","2001","2001","23013","Consumer Prices, Food Indices (2015 = 100)","7009","September","6125","Value","","53.176299","A","Official figure","base year is 2015"
"CP","Consumer Price Indices","608","Philippines","2001","2001","23013","Consumer Prices, Food Indices (2015 = 100)","7010","October","6125","Value","","53.176299","A","Official figure","base year is 2015"
"CP","Consumer Price Indices","608","Philippines","2001","2001","23013","Consumer Prices, Food Indices (2015 = 100)","7011","November","6125","Value","","53.305368","A","Official figure","base year is 2015"
"CP","Consumer Price Indices","608","Philippines","2001","2001","23013","Consumer Prices, Food Indices (2015 = 100)","7012","December","6125","Value","","53.434437","A","Official figure","base year is 2015"
"CP","Consumer Price Indices","608","Philippines","2002","2002","23013","Consumer Prices, Food Indices (2015 = 100)","7001","January","6125","Value","","53.757108","A","Official figure","base year is 2015"
"CP","Consumer Price Indices","608","Philippines","2002","2002","23013","Consumer Prices, Food Indices (2015 = 100)","7002","February","6125","Value","","53.434437","A","Official figure","base year is 2015"
"CP","Consumer Price Indices","608","Philippines","2002","2002","23013","Consumer Prices, Food Indices (2015 = 100)","7003","March","6125","Value","","53.498971","A","Official figure","base year is 2015"
"CP","Consumer Price Indices","608","Philippines","2002","2002","23013","Consumer Prices, Food Indices (2015 = 100)","7004","April","6125","Value","","53.498971","A","Official figure","base year is 2015"
"CP","Consumer Price Indices","608","Philippines","2002","2002","23013","Consumer Prices, Food Indices (2015 = 100)","7005","May","6125","Value","","53.563505","A","Official figure","base year is 2015"
"CP","Consumer Price Indices","608","Philippines","2002","2002","23013","Consumer Prices, Food Indices (2015 = 100)","7006","June","6125","Value","","53.62804","A","Official figure","base year is 2015"
"CP","Consumer Price Indices","608","Philippines","2002","2002","23013","Consumer Prices, Food Indices (2015 = 100)","7007","July","6125","Value","","54.07978","A","Official figure","base year is 2015"
"CP","Consumer Price Indices","608","Philippines","2002","2002","23013","Consumer Prices, Food Indices (2015 = 100)","7008","August","6125","Value","","54.466986","A","Official figure","base year is 2015"
"CP","Consumer Price Indices","608","Philippines","2002","2002","23013","Consumer Prices, Food Indices (2015 = 100)","7009","September","6125","Value","","54.402452","A","Official figure","base year is 2015"
"CP","Consumer Price Indices","608","Philippines","2002","2002","23013","Consumer Prices, Food Indices (2015 = 100)","7010","October","6125","Value","","54.208849","A","Official figure","base year is 2015"
"CP","Consumer Price Indices","608","Philippines","2002","2002","23013","Consumer Prices, Food Indices (2015 = 100)","7011","November","6125","Value","","54.07978","A","Official figure","base year is 2015"
"CP","Consumer Price Indices","608","Philippines","2002","2002","23013","Consumer Prices, Food Indices (2015 = 100)","7012","December","6125","Value","","54.07978","A","Official figure","base year is 2015"
"CP","Consumer Price Indices","608","Philippines","2003","2003","23013","Consumer Prices, Food Indices (2015 = 100)","7001","January","6125","Value","","54.015246","A","Official figure","base year is 2015"
"CP","Consumer Price Indices","608","Philippines","2003","2003","23013","Consumer Prices, Food Indices (2015 = 100)","7002","February","6125","Value","","53.950711","A","Official figure","base year is 2015"
"CP","Consumer Price Indices","608","Philippines","2003","2003","23013","Consumer Prices, Food Indices (2015 = 100)","7003","March","6125","Value","","53.886177","A","Official figure","base year is 2015"
"CP","Consumer Price Indices","608","Philippines","2003","2003","23013","Consumer Prices, Food Indices (2015 = 100)","7004","April","6125","Value","","53.886177","A","Official figure","base year is 2015"
"CP","Consumer Price Indices","608","Philippines","2003","2003","23013","Consumer Prices, Food Indices (2015 = 100)","7005","May","6125","Value","","54.07978","A","Official figure","base year is 2015"
"CP","Consumer Price Indices","608","Philippines","2003","2003","23013","Consumer Prices, Food Indices (2015 = 100)","7006","June","6125","Value","","54.660589","A","Official figure","base year is 2015"
"CP","Consumer Price Indices","608","Philippines","2003","2003","23013","Consumer Prices, Food Indices (2015 = 100)","7007","July","6125","Value","","54.660589","A","Official figure","base year is 2015"
"CP","Consumer Price Indices","608","Philippines","2003","2003","23013","Consumer Prices, Food Indices (2015 = 100)","7008","August","6125","Value","","54.789658","A","Official figure","base year is 2015"
"CP","Consumer Price Indices","608","Philippines","2003","2003","23013","Consumer Prices, Food Indices (2015 = 100)","7009","September","6125","Value","","54.725124","A","Official figure","base year is 2015"
"CP","Consumer Price Indices","608","Philippines","2003","2003","23013","Consumer Prices, Food Indices (2015 = 100)","7010","October","6125","Value","","54.660589","A","Official figure","base year is 2015"
"CP","Consumer Price Indices","608","Philippines","2003","2003","23013","Consumer Prices, Food Indices (2015 = 100)","7011","November","6125","Value","","54.789658","A","Official figure","base year is 2015"
"CP","Consumer Price Indices","608","Philippines","2003","2003","23013","Consumer Prices, Food Indices (2015 = 100)","7012","December","6125","Value","","55.047795","A","Official figure","base year is 2015"
"CP","Consumer Price Indices","608","Philippines","2004","2004","23013","Consumer Prices, Food Indices (2015 = 100)","7001","January","6125","Value","","55.822207","A","Official figure","base year is 2015"
"CP","Consumer Price Indices","608","Philippines","2004","2004","23013","Consumer Prices, Food Indices (2015 = 100)","7002","February","6125","Value","","55.757673","A","Official figure","base year is 2015"
"CP","Consumer Price Indices","608","Philippines","2004","2004","23013","Consumer Prices, Food Indices (2015 = 100)","7003","March","6125","Value","","56.144879","A","Official figure","base year is 2015"
"CP","Consumer Price Indices","608","Philippines","2004","2004","23013","Consumer Prices, Food Indices (2015 = 100)","7004","April","6125","Value","","56.532085","A","Official figure","base year is 2015"
"CP","Consumer Price Indices","608","Philippines","2004","2004","23013","Consumer Prices, Food Indices (2015 = 100)","7005","May","6125","Value","","56.919291","A","Official figure","base year is 2015"
"CP","Consumer Price Indices","608","Philippines","2004","2004","23013","Consumer Prices, Food Indices (2015 = 100)","7006","June","6125","Value","","57.564635","A","Official figure","base year is 2015"
"CP","Consumer Price Indices","608","Philippines","2004","2004","23013","Consumer Prices, Food Indices (2015 = 100)","7007","July","6125","Value","","58.339047","A","Official figure","base year is 2015"
"CP","Consumer Price Indices","608","Philippines","2004","2004","23013","Consumer Prices, Food Indices (2015 = 100)","7008","August","6125","Value","","58.855322","A","Official figure","base year is 2015"
"CP","Consumer Price Indices","608","Philippines","2004","2004","23013","Consumer Prices, Food Indices (2015 = 100)","7009","September","6125","Value","","58.98439","A","Official figure","base year is 2015"
"CP","Consumer Price Indices","608","Philippines","2004","2004","23013","Consumer Prices, Food Indices (2015 = 100)","7010","October","6125","Value","","58.98439","A","Official figure","base year is 2015"
"CP","Consumer Price Indices","608","Philippines","2004","2004","23013","Consumer Prices, Food Indices (2015 = 100)","7011","November","6125","Value","","59.048925","A","Official figure","base year is 2015"
"CP","Consumer Price Indices","608","Philippines","2004","2004","23013","Consumer Prices, Food Indices (2015 = 100)","7012","December","6125","Value","","59.694268","A","Official figure","base year is 2015"
"CP","Consumer Price Indices","608","Philippines","2005","2005","23013","Consumer Prices, Food Indices (2015 = 100)","7001","January","6125","Value","","60.081474","A","Official figure","base year is 2015"
"CP","Consumer Price Indices","608","Philippines","2005","2005","23013","Consumer Prices, Food Indices (2015 = 100)","7002","February","6125","Value","","60.146008","A","Official figure","base year is 2015"
"CP","Consumer Price Indices","608","Philippines","2005","2005","23013","Consumer Prices, Food Indices (2015 = 100)","7003","March","6125","Value","","60.210543","A","Official figure","base year is 2015"
"CP","Consumer Price Indices","608","Philippines","2005","2005","23013","Consumer Prices, Food Indices (2015 = 100)","7004","April","6125","Value","","60.533215","A","Official figure","base year is 2015"
"CP","Consumer Price Indices","608","Philippines","2005","2005","23013","Consumer Prices, Food Indices (2015 = 100)","7005","May","6125","Value","","60.855886","A","Official figure","base year is 2015"
"CP","Consumer Price Indices","608","Philippines","2005","2005","23013","Consumer Prices, Food Indices (2015 = 100)","7006","June","6125","Value","","61.243092","A","Official figure","base year is 2015"
"CP","Consumer Price Indices","608","Philippines","2005","2005","23013","Consumer Prices, Food Indices (2015 = 100)","7007","July","6125","Value","","61.565764","A","Official figure","base year is 2015"
"CP","Consumer Price Indices","608","Philippines","2005","2005","23013","Consumer Prices, Food Indices (2015 = 100)","7008","August","6125","Value","","61.95297","A","Official figure","base year is 2015"
"CP","Consumer Price Indices","608","Philippines","2005","2005","23013","Consumer Prices, Food Indices (2015 = 100)","7009","September","6125","Value","","62.146573","A","Official figure","base year is 2015"
"CP","Consumer Price Indices","608","Philippines","2005","2005","23013","Consumer Prices, Food Indices (2015 = 100)","7010","October","6125","Value","","62.404711","A","Official figure","base year is 2015"
"CP","Consumer Price Indices","608","Philippines","2005","2005","23013","Consumer Prices, Food Indices (2015 = 100)","7011","November","6125","Value","","62.598314","A","Official figure","base year is 2015"
"CP","Consumer Price Indices","608","Philippines","2005","2005","23013","Consumer Prices, Food Indices (2015 = 100)","7012","December","6125","Value","","62.791917","A","Official figure","base year is 2015"
"CP","Consumer Price Indices","608","Philippines","2006","2006","23013","Consumer Prices, Food Indices (2015 = 100)","7001","January","6125","Value","","63.43726","A","Official figure","base year is 2015"
"CP","Consumer Price Indices","608","Philippines","2006","2006","23013","Consumer Prices, Food Indices (2015 = 100)","7002","February","6125","Value","","63.824466","A","Official figure","base year is 2015"
"CP","Consumer Price Indices","608","Philippines","2006","2006","23013","Consumer Prices, Food Indices (2015 = 100)","7003","March","6125","Value","","63.889","A","Official figure","base year is 2015"
"CP","Consumer Price Indices","608","Philippines","2006","2006","23013","Consumer Prices, Food Indices (2015 = 100)","7004","April","6125","Value","","64.018069","A","Official figure","base year is 2015"
"CP","Consumer Price Indices","608","Philippines","2006","2006","23013","Consumer Prices, Food Indices (2015 = 100)","7005","May","6125","Value","","64.211672","A","Official figure","base year is 2015"
"CP","Consumer Price Indices","608","Philippines","2006","2006","23013","Consumer Prices, Food Indices (2015 = 100)","7006","June","6125","Value","","64.405275","A","Official figure","base year is 2015"
"CP","Consumer Price Indices","608","Philippines","2006","2006","23013","Consumer Prices, Food Indices (2015 = 100)","7007","July","6125","Value","","64.598878","A","Official figure","base year is 2015"
"CP","Consumer Price Indices","608","Philippines","2006","2006","23013","Consumer Prices, Food Indices (2015 = 100)","7008","August","6125","Value","","64.986084","A","Official figure","base year is 2015"
"CP","Consumer Price Indices","608","Philippines","2006","2006","23013","Consumer Prices, Food Indices (2015 = 100)","7009","September","6125","Value","","64.857016","A","Official figure","base year is 2015"
"CP","Consumer Price Indices","608","Philippines","2006","2006","23013","Consumer Prices, Food Indices (2015 = 100)","7010","October","6125","Value","","65.244222","A","Official figure","base year is 2015"
"CP","Consumer Price Indices","608","Philippines","2006","2006","23013","Consumer Prices, Food Indices (2015 = 100)","7011","November","6125","Value","","65.502359","A","Official figure","base year is 2015"
"CP","Consumer Price Indices","608","Philippines","2006","2006","23013","Consumer Prices, Food Indices (2015 = 100)","7012","December","6125","Value","","65.566893","A","Official figure","base year is 2015"
"CP","Consumer Price Indices","608","Philippines","2007","2007","23013","Consumer Prices, Food Indices (2015 = 100)","7001","January","6125","Value","","66.083168","A","Official figure","base year is 2015"
"CP","Consumer Price Indices","608","Philippines","2007","2007","23013","Consumer Prices, Food Indices (2015 = 100)","7002","February","6125","Value","","66.018634","A","Official figure","base year is 2015"
"CP","Consumer Price Indices","608","Philippines","2007","2007","23013","Consumer Prices, Food Indices (2015 = 100)","7003","March","6125","Value","","65.825031","A","Official figure","base year is 2015"
"CP","Consumer Price Indices","608","Philippines","2007","2007","23013","Consumer Prices, Food Indices (2015 = 100)","7004","April","6125","Value","","65.954099","A","Official figure","base year is 2015"
"CP","Consumer Price Indices","608","Philippines","2007","2007","23013","Consumer Prices, Food Indices (2015 = 100)","7005","May","6125","Value","","66.147702","A","Official figure","base year is 2015"
"CP","Consumer Price Indices","608","Philippines","2007","2007","23013","Consumer Prices, Food Indices (2015 = 100)","7006","June","6125","Value","","66.40584","A","Official figure","base year is 2015"
"CP","Consumer Price Indices","608","Philippines","2007","2007","23013","Consumer Prices, Food Indices (2015 = 100)","7007","July","6125","Value","","66.793046","A","Official figure","base year is 2015"
"CP","Consumer Price Indices","608","Philippines","2007","2007","23013","Consumer Prices, Food Indices (2015 = 100)","7008","August","6125","Value","","66.986649","A","Official figure","base year is 2015"
"CP","Consumer Price Indices","608","Philippines","2007","2007","23013","Consumer Prices, Food Indices (2015 = 100)","7009","September","6125","Value","","67.502924","A","Official figure","base year is 2015"
"CP","Consumer Price Indices","608","Philippines","2007","2007","23013","Consumer Prices, Food Indices (2015 = 100)","7010","October","6125","Value","","68.019198","A","Official figure","base year is 2015"
"CP","Consumer Price Indices","608","Philippines","2007","2007","23013","Consumer Prices, Food Indices (2015 = 100)","7011","November","6125","Value","","68.406405","A","Official figure","base year is 2015"
"CP","Consumer Price Indices","608","Philippines","2007","2007","23013","Consumer Prices, Food Indices (2015 = 100)","7012","December","6125","Value","","69.116282","A","Official figure","base year is 2015"
"CP","Consumer Price Indices","608","Philippines","2008","2008","23013","Consumer Prices, Food Indices (2015 = 100)","7001","January","6125","Value","","70.600572","A","Official figure","base year is 2015"
"CP","Consumer Price Indices","608","Philippines","2008","2008","23013","Consumer Prices, Food Indices (2015 = 100)","7002","February","6125","Value","","70.923244","A","Official figure","base year is 2015"
"CP","Consumer Price Indices","608","Philippines","2008","2008","23013","Consumer Prices, Food Indices (2015 = 100)","7003","March","6125","Value","","71.633122","A","Official figure","base year is 2015"
"CP","Consumer Price Indices","608","Philippines","2008","2008","23013","Consumer Prices, Food Indices (2015 = 100)","7004","April","6125","Value","","73.633686","A","Official figure","base year is 2015"
"CP","Consumer Price Indices","608","Philippines","2008","2008","23013","Consumer Prices, Food Indices (2015 = 100)","7005","May","6125","Value","","75.247045","A","Official figure","base year is 2015"
"CP","Consumer Price Indices","608","Philippines","2008","2008","23013","Consumer Prices, Food Indices (2015 = 100)","7006","June","6125","Value","","77.118541","A","Official figure","base year is 2015"
"CP","Consumer Price Indices","608","Philippines","2008","2008","23013","Consumer Prices, Food Indices (2015 = 100)","7007","July","6125","Value","","78.344693","A","Official figure","base year is 2015"
"CP","Consumer Price Indices","608","Philippines","2008","2008","23013","Consumer Prices, Food Indices (2015 = 100)","7008","August","6125","Value","","78.473762","A","Official figure","base year is 2015"
"CP","Consumer Price Indices","608","Philippines","2008","2008","23013","Consumer Prices, Food Indices (2015 = 100)","7009","September","6125","Value","","78.280159","A","Official figure","base year is 2015"
"CP","Consumer Price Indices","608","Philippines","2008","2008","23013","Consumer Prices, Food Indices (2015 = 100)","7010","October","6125","Value","","77.828419","A","Official figure","base year is 2015"
"CP","Consumer Price Indices","608","Philippines","2008","2008","23013","Consumer Prices, Food Indices (2015 = 100)","7011","November","6125","Value","","77.570281","A","Official figure","base year is 2015"
"CP","Consumer Price Indices","608","Philippines","2008","2008","23013","Consumer Prices, Food Indices (2015 = 100)","7012","December","6125","Value","","77.634816","A","Official figure","base year is 2015"
"CP","Consumer Price Indices","608","Philippines","2009","2009","23013","Consumer Prices, Food Indices (2015 = 100)","7001","January","6125","Value","","78.602831","A","Official figure","base year is 2015"
"CP","Consumer Price Indices","608","Philippines","2009","2009","23013","Consumer Prices, Food Indices (2015 = 100)","7002","February","6125","Value","","79.248174","A","Official figure","base year is 2015"
"CP","Consumer Price Indices","608","Philippines","2009","2009","23013","Consumer Prices, Food Indices (2015 = 100)","7003","March","6125","Value","","79.441777","A","Official figure","base year is 2015"
"CP","Consumer Price Indices","608","Philippines","2009","2009","23013","Consumer Prices, Food Indices (2015 = 100)","7004","April","6125","Value","","79.764449","A","Official figure","base year is 2015"
"CP","Consumer Price Indices","608","Philippines","2009","2009","23013","Consumer Prices, Food Indices (2015 = 100)","7005","May","6125","Value","","80.022586","A","Official figure","base year is 2015"
"CP","Consumer Price Indices","608","Philippines","2009","2009","23013","Consumer Prices, Food Indices (2015 = 100)","7006","June","6125","Value","","80.216189","A","Official figure","base year is 2015"
"CP","Consumer Price Indices","608","Philippines","2009","2009","23013","Consumer Prices, Food Indices (2015 = 100)","7007","July","6125","Value","","80.280724","A","Official figure","base year is 2015"
"CP","Consumer Price Indices","608","Philippines","2009","2009","23013","Consumer Prices, Food Indices (2015 = 100)","7008","August","6125","Value","","80.345258","A","Official figure","base year is 2015"
"CP","Consumer Price Indices","608","Philippines","2009","2009","23013","Consumer Prices, Food Indices (2015 = 100)","7009","September","6125","Value","","80.603396","A","Official figure","base year is 2015"
"CP","Consumer Price Indices","608","Philippines","2009","2009","23013","Consumer Prices, Food Indices (2015 = 100)","7010","October","6125","Value","","81.377808","A","Official figure","base year is 2015"
"CP","Consumer Price Indices","608","Philippines","2009","2009","23013","Consumer Prices, Food Indices (2015 = 100)","7011","November","6125","Value","","82.023151","A","Official figure","base year is 2015"
"CP","Consumer Price Indices","608","Philippines","2009","2009","23013","Consumer Prices, Food Indices (2015 = 100)","7012","December","6125","Value","","82.345823","A","Official figure","base year is 2015"
"CP","Consumer Price Indices","608","Philippines","2010","2010","23013","Consumer Prices, Food Indices (2015 = 100)","7001","January","6125","Value","","82.539426","A","Official figure","base year is 2015"
"CP","Consumer Price Indices","608","Philippines","2010","2010","23013","Consumer Prices, Food Indices (2015 = 100)","7002","February","6125","Value","","82.733029","A","Official figure","base year is 2015"
"CP","Consumer Price Indices","608","Philippines","2010","2010","23013","Consumer Prices, Food Indices (2015 = 100)","7003","March","6125","Value","","82.539426","A","Official figure","base year is 2015"
"CP","Consumer Price Indices","608","Philippines","2010","2010","23013","Consumer Prices, Food Indices (2015 = 100)","7004","April","6125","Value","","82.668495","A","Official figure","base year is 2015"
"CP","Consumer Price Indices","608","Philippines","2010","2010","23013","Consumer Prices, Food Indices (2015 = 100)","7005","May","6125","Value","","82.733029","A","Official figure","base year is 2015"
"CP","Consumer Price Indices","608","Philippines","2010","2010","23013","Consumer Prices, Food Indices (2015 = 100)","7006","June","6125","Value","","83.055701","A","Official figure","base year is 2015"
"CP","Consumer Price Indices","608","Philippines","2010","2010","23013","Consumer Prices, Food Indices (2015 = 100)","7007","July","6125","Value","","83.378372","A","Official figure","base year is 2015"
"CP","Consumer Price Indices","608","Philippines","2010","2010","23013","Consumer Prices, Food Indices (2015 = 100)","7008","August","6125","Value","","83.894647","A","Official figure","base year is 2015"
"CP","Consumer Price Indices","608","Philippines","2010","2010","23013","Consumer Prices, Food Indices (2015 = 100)","7009","September","6125","Value","","84.08825","A","Official figure","base year is 2015"
"CP","Consumer Price Indices","608","Philippines","2010","2010","23013","Consumer Prices, Food Indices (2015 = 100)","7010","October","6125","Value","","84.217319","A","Official figure","base year is 2015"
"CP","Consumer Price Indices","608","Philippines","2010","2010","23013","Consumer Prices, Food Indices (2015 = 100)","7011","November","6125","Value","","85.185334","A","Official figure","base year is 2015"
"CP","Consumer Price Indices","608","Philippines","2010","2010","23013","Consumer Prices, Food Indices (2015 = 100)","7012","December","6125","Value","","85.637074","A","Official figure","base year is 2015"
"CP","Consumer Price Indices","608","Philippines","2011","2011","23013","Consumer Prices, Food Indices (2015 = 100)","7001","January","6125","Value","","86.540555","A","Official figure","base year is 2015"
"CP","Consumer Price Indices","608","Philippines","2011","2011","23013","Consumer Prices, Food Indices (2015 = 100)","7002","February","6125","Value","","87.637639","A","Official figure","base year is 2015"
"CP","Consumer Price Indices","608","Philippines","2011","2011","23013","Consumer Prices, Food Indices (2015 = 100)","7003","March","6125","Value","","87.637639","A","Official figure","base year is 2015"
"CP","Consumer Price Indices","608","Philippines","2011","2011","23013","Consumer Prices, Food Indices (2015 = 100)","7004","April","6125","Value","","87.895776","A","Official figure","base year is 2015"
"CP","Consumer Price Indices","608","Philippines","2011","2011","23013","Consumer Prices, Food Indices (2015 = 100)","7005","May","6125","Value","","87.831242","A","Official figure","base year is 2015"
"CP","Consumer Price Indices","608","Philippines","2011","2011","23013","Consumer Prices, Food Indices (2015 = 100)","7006","June","6125","Value","","88.024845","A","Official figure","base year is 2015"
"CP","Consumer Price Indices","608","Philippines","2011","2011","23013","Consumer Prices, Food Indices (2015 = 100)","7007","July","6125","Value","","88.153914","A","Official figure","base year is 2015"
"CP","Consumer Price Indices","608","Philippines","2011","2011","23013","Consumer Prices, Food Indices (2015 = 100)","7008","August","6125","Value","","88.218448","A","Official figure","base year is 2015"
"CP","Consumer Price Indices","608","Philippines","2011","2011","23013","Consumer Prices, Food Indices (2015 = 100)","7009","September","6125","Value","","88.282982","A","Official figure","base year is 2015"
"CP","Consumer Price Indices","608","Philippines","2011","2011","23013","Consumer Prices, Food Indices (2015 = 100)","7010","October","6125","Value","","88.99286","A","Official figure","base year is 2015"
"CP","Consumer Price Indices","608","Philippines","2011","2011","23013","Consumer Prices, Food Indices (2015 = 100)","7011","November","6125","Value","","89.250998","A","Official figure","base year is 2015"
"CP","Consumer Price Indices","608","Philippines","2011","2011","23013","Consumer Prices, Food Indices (2015 = 100)","7012","December","6125","Value","","89.121929","A","Official figure","base year is 2015"
"CP","Consumer Price Indices","608","Philippines","2012","2012","23013","Consumer Prices, Food Indices (2015 = 100)","7001","January","6125","Value","","89.315532","A","Official figure","base year is 2015"
"CP","Consumer Price Indices","608","Philippines","2012","2012","23013","Consumer Prices, Food Indices (2015 = 100)","7002","February","6125","Value","","89.134548","X","Figure from external organization","base year is 2015"
"CP","Consumer Price Indices","608","Philippines","2012","2012","23013","Consumer Prices, Food Indices (2015 = 100)","7003","March","6125","Value","","89.134548","X","Figure from external organization","base year is 2015"
"CP","Consumer Price Indices","608","Philippines","2012","2012","23013","Consumer Prices, Food Indices (2015 = 100)","7004","April","6125","Value","","89.767992","X","Figure from external organization","base year is 2015"
"CP","Consumer Price Indices","608","Philippines","2012","2012","23013","Consumer Prices, Food Indices (2015 = 100)","7005","May","6125","Value","","89.6775","X","Figure from external organization","base year is 2015"
"CP","Consumer Price Indices","608","Philippines","2012","2012","23013","Consumer Prices, Food Indices (2015 = 100)","7006","June","6125","Value","","90.039467","X","Figure from external organization","base year is 2015"
"CP","Consumer Price Indices","608","Philippines","2012","2012","23013","Consumer Prices, Food Indices (2015 = 100)","7007","July","6125","Value","","90.582419","X","Figure from external organization","base year is 2015"
"CP","Consumer Price Indices","608","Philippines","2012","2012","23013","Consumer Prices, Food Indices (2015 = 100)","7008","August","6125","Value","","91.57783","X","Figure from external organization","base year is 2015"
"CP","Consumer Price Indices","608","Philippines","2012","2012","23013","Consumer Prices, Food Indices (2015 = 100)","7009","September","6125","Value","","91.758814","X","Figure from external organization","base year is 2015"
"CP","Consumer Price Indices","608","Philippines","2012","2012","23013","Consumer Prices, Food Indices (2015 = 100)","7010","October","6125","Value","","91.668322","X","Figure from external organization","base year is 2015"
"CP","Consumer Price Indices","608","Philippines","2012","2012","23013","Consumer Prices, Food Indices (2015 = 100)","7011","November","6125","Value","","91.668322","X","Figure from external organization","base year is 2015"
"CP","Consumer Price Indices","608","Philippines","2012","2012","23013","Consumer Prices, Food Indices (2015 = 100)","7012","December","6125","Value","","91.57783","X","Figure from external organization","base year is 2015"
"CP","Consumer Price Indices","608","Philippines","2013","2013","23013","Consumer Prices, Food Indices (2015 = 100)","7001","January","6125","Value","","91.849306","X","Figure from external organization","base year is 2015"
"CP","Consumer Price Indices","608","Philippines","2013","2013","23013","Consumer Prices, Food Indices (2015 = 100)","7002","February","6125","Value","","91.758814","X","Figure from external organization","base year is 2015"
"CP","Consumer Price Indices","608","Philippines","2013","2013","23013","Consumer Prices, Food Indices (2015 = 100)","7003","March","6125","Value","","91.57783","X","Figure from external organization","base year is 2015"
"CP","Consumer Price Indices","608","Philippines","2013","2013","23013","Consumer Prices, Food Indices (2015 = 100)","7004","April","6125","Value","","91.57783","X","Figure from external organization","base year is 2015"
"CP","Consumer Price Indices","608","Philippines","2013","2013","23013","Consumer Prices, Food Indices (2015 = 100)","7005","May","6125","Value","","91.668322","X","Figure from external organization","base year is 2015"
"CP","Consumer Price Indices","608","Philippines","2013","2013","23013","Consumer Prices, Food Indices (2015 = 100)","7006","June","6125","Value","","91.939798","X","Figure from external organization","base year is 2015"
"CP","Consumer Price Indices","608","Philippines","2013","2013","23013","Consumer Prices, Food Indices (2015 = 100)","7007","July","6125","Value","","92.301766","X","Figure from external organization","base year is 2015"
"CP","Consumer Price Indices","608","Philippines","2013","2013","23013","Consumer Prices, Food Indices (2015 = 100)","7008","August","6125","Value","","92.754225","X","Figure from external organization","base year is 2015"
"CP","Consumer Price Indices","608","Philippines","2013","2013","23013","Consumer Prices, Food Indices (2015 = 100)","7009","September","6125","Value","","93.749636","X","Figure from external organization","base year is 2015"
"CP","Consumer Price Indices","608","Philippines","2013","2013","23013","Consumer Prices, Food Indices (2015 = 100)","7010","October","6125","Value","","94.292588","X","Figure from external organization","base year is 2015"
"CP","Consumer Price Indices","608","Philippines","2013","2013","23013","Consumer Prices, Food Indices (2015 = 100)","7011","November","6125","Value","","94.654556","X","Figure from external organization","base year is 2015"
"CP","Consumer Price Indices","608","Philippines","2013","2013","23013","Consumer Prices, Food Indices (2015 = 100)","7012","December","6125","Value","","95.378491","X","Figure from external organization","base year is 2015"
"CP","Consumer Price Indices","608","Philippines","2014","2014","23013","Consumer Prices, Food Indices (2015 = 100)","7001","January","6125","Value","","96.011935","X","Figure from external organization","base year is 2015"
"CP","Consumer Price Indices","608","Philippines","2014","2014","23013","Consumer Prices, Food Indices (2015 = 100)","7002","February","6125","Value","","96.192918","X","Figure from external organization","base year is 2015"
"CP","Consumer Price Indices","608","Philippines","2014","2014","23013","Consumer Prices, Food Indices (2015 = 100)","7003","March","6125","Value","","96.192918","X","Figure from external organization","base year is 2015"
"CP","Consumer Price Indices","608","Philippines","2014","2014","23013","Consumer Prices, Food Indices (2015 = 100)","7004","April","6125","Value","","96.464394","X","Figure from external organization","base year is 2015"
"CP","Consumer Price Indices","608","Philippines","2014","2014","23013","Consumer Prices, Food Indices (2015 = 100)","7005","May","6125","Value","","97.007346","X","Figure from external organization","base year is 2015"
"CP","Consumer Price Indices","608","Philippines","2014","2014","23013","Consumer Prices, Food Indices (2015 = 100)","7006","June","6125","Value","","97.821773","X","Figure from external organization","base year is 2015"
"CP","Consumer Price Indices","608","Philippines","2014","2014","23013","Consumer Prices, Food Indices (2015 = 100)","7007","July","6125","Value","","98.907676","X","Figure from external organization","base year is 2015"
"CP","Consumer Price Indices","608","Philippines","2014","2014","23013","Consumer Prices, Food Indices (2015 = 100)","7008","August","6125","Value","","99.722104","X","Figure from external organization","base year is 2015"
"CP","Consumer Price Indices","608","Philippines","2014","2014","23013","Consumer Prices, Food Indices (2015 = 100)","7009","September","6125","Value","","99.903087","X","Figure from external organization","base year is 2015"
"CP","Consumer Price Indices","608","Philippines","2014","2014","23013","Consumer Prices, Food Indices (2015 = 100)","7010","October","6125","Value","","99.903087","X","Figure from external organization","base year is 2015"
"CP","Consumer Price Indices","608","Philippines","2014","2014","23013","Consumer Prices, Food Indices (2015 = 100)","7011","November","6125","Value","","99.812595","X","Figure from external organization","base year is 2015"
"CP","Consumer Price Indices","608","Philippines","2014","2014","23013","Consumer Prices, Food Indices (2015 = 100)","7012","December","6125","Value","","99.812595","X","Figure from external organization","base year is 2015"
"CP","Consumer Price Indices","608","Philippines","2015","2015","23013","Consumer Prices, Food Indices (2015 = 100)","7001","January","6125","Value","","100.355547","X","Figure from external organization","base year is 2015"
"CP","Consumer Price Indices","608","Philippines","2015","2015","23013","Consumer Prices, Food Indices (2015 = 100)","7002","February","6125","Value","","99.993579","X","Figure from external organization","base year is 2015"
"CP","Consumer Price Indices","608","Philippines","2015","2015","23013","Consumer Prices, Food Indices (2015 = 100)","7003","March","6125","Value","","99.54112","X","Figure from external organization","base year is 2015"
"CP","Consumer Price Indices","608","Philippines","2015","2015","23013","Consumer Prices, Food Indices (2015 = 100)","7004","April","6125","Value","","99.631612","X","Figure from external organization","base year is 2015"
"CP","Consumer Price Indices","608","Philippines","2015","2015","23013","Consumer Prices, Food Indices (2015 = 100)","7005","May","6125","Value","","99.450628","X","Figure from external organization","base year is 2015"
"CP","Consumer Price Indices","608","Philippines","2015","2015","23013","Consumer Prices, Food Indices (2015 = 100)","7006","June","6125","Value","","99.360136","X","Figure from external organization","base year is 2015"
"CP","Consumer Price Indices","608","Philippines","2015","2015","23013","Consumer Prices, Food Indices (2015 = 100)","7007","July","6125","Value","","99.812595","X","Figure from external organization","base year is 2015"
"CP","Consumer Price Indices","608","Philippines","2015","2015","23013","Consumer Prices, Food Indices (2015 = 100)","7008","August","6125","Value","","100.084071","X","Figure from external organization","base year is 2015"
"CP","Consumer Price Indices","608","Philippines","2015","2015","23013","Consumer Prices, Food Indices (2015 = 100)","7009","September","6125","Value","","99.993579","X","Figure from external organization","base year is 2015"
"CP","Consumer Price Indices","608","Philippines","2015","2015","23013","Consumer Prices, Food Indices (2015 = 100)","7010","October","6125","Value","","100.084071","X","Figure from external organization","base year is 2015"
"CP","Consumer Price Indices","608","Philippines","2015","2015","23013","Consumer Prices, Food Indices (2015 = 100)","7011","November","6125","Value","","100.808007","X","Figure from external organization","base year is 2015"
"CP","Consumer Price Indices","608","Philippines","2015","2015","23013","Consumer Prices, Food Indices (2015 = 100)","7012","December","6125","Value","","100.898499","X","Figure from external organization","base year is 2015"
"CP","Consumer Price Indices","608","Philippines","2016","2016","23013","Consumer Prices, Food Indices (2015 = 100)","7001","January","6125","Value","","101.260466","X","Figure from external organization","base year is 2015"
"CP","Consumer Price Indices","608","Philippines","2016","2016","23013","Consumer Prices, Food Indices (2015 = 100)","7002","February","6125","Value","","100.898499","X","Figure from external organization","base year is 2015"
"CP","Consumer Price Indices","608","Philippines","2016","2016","23013","Consumer Prices, Food Indices (2015 = 100)","7003","March","6125","Value","","100.536531","X","Figure from external organization","base year is 2015"
"CP","Consumer Price Indices","608","Philippines","2016","2016","23013","Consumer Prices, Food Indices (2015 = 100)","7004","April","6125","Value","","100.446039","X","Figure from external organization","base year is 2015"
"CP","Consumer Price Indices","608","Philippines","2016","2016","23013","Consumer Prices, Food Indices (2015 = 100)","7005","May","6125","Value","","100.808007","X","Figure from external organization","base year is 2015"
"CP","Consumer Price Indices","608","Philippines","2016","2016","23013","Consumer Prices, Food Indices (2015 = 100)","7006","June","6125","Value","","101.260466","X","Figure from external organization","base year is 2015"
"CP","Consumer Price Indices","608","Philippines","2016","2016","23013","Consumer Prices, Food Indices (2015 = 100)","7007","July","6125","Value","","101.531942","X","Figure from external organization","base year is 2015"
"CP","Consumer Price Indices","608","Philippines","2016","2016","23013","Consumer Prices, Food Indices (2015 = 100)","7008","August","6125","Value","","101.622434","X","Figure from external organization","base year is 2015"
"CP","Consumer Price Indices","608","Philippines","2016","2016","23013","Consumer Prices, Food Indices (2015 = 100)","7009","September","6125","Value","","101.89391","X","Figure from external organization","base year is 2015"
"CP","Consumer Price Indices","608","Philippines","2016","2016","23013","Consumer Prices, Food Indices (2015 = 100)","7010","October","6125","Value","","102.346369","X","Figure from external organization","base year is 2015"
"CP","Consumer Price Indices","608","Philippines","2016","2016","23013","Consumer Prices, Food Indices (2015 = 100)","7011","November","6125","Value","","103.160797","X","Figure from external organization","base year is 2015"
"CP","Consumer Price Indices","608","Philippines","2016","2016","23013","Consumer Prices, Food Indices (2015 = 100)","7012","December","6125","Value","","103.251289","X","Figure from external organization","base year is 2015"
"CP","Consumer Price Indices","608","Philippines","2017","2017","23013","Consumer Prices, Food Indices (2015 = 100)","7001","January","6125","Value","","103.884732","X","Figure from external organization","base year is 2015"
"CP","Consumer Price Indices","608","Philippines","2017","2017","23013","Consumer Prices, Food Indices (2015 = 100)","7002","February","6125","Value","","103.975224","X","Figure from external organization","base year is 2015"
"CP","Consumer Price Indices","608","Philippines","2017","2017","23013","Consumer Prices, Food Indices (2015 = 100)","7003","March","6125","Value","","103.432273","X","Figure from external organization","base year is 2015"
"CP","Consumer Price Indices","608","Philippines","2017","2017","23013","Consumer Prices, Food Indices (2015 = 100)","7004","April","6125","Value","","103.79424","X","Figure from external organization","base year is 2015"
"CP","Consumer Price Indices","608","Philippines","2017","2017","23013","Consumer Prices, Food Indices (2015 = 100)","7005","May","6125","Value","","103.884732","X","Figure from external organization","base year is 2015"
"CP","Consumer Price Indices","608","Philippines","2017","2017","23013","Consumer Prices, Food Indices (2015 = 100)","7006","June","6125","Value","","104.337192","X","Figure from external organization","base year is 2015"
"CP","Consumer Price Indices","608","Philippines","2017","2017","23013","Consumer Prices, Food Indices (2015 = 100)","7007","July","6125","Value","","104.337192","X","Figure from external organization","base year is 2015"
"CP","Consumer Price Indices","608","Philippines","2017","2017","23013","Consumer Prices, Food Indices (2015 = 100)","7008","August","6125","Value","","104.608668","X","Figure from external organization","base year is 2015"
"CP","Consumer Price Indices","608","Philippines","2017","2017","23013","Consumer Prices, Food Indices (2015 = 100)","7009","September","6125","Value","","105.242111","X","Figure from external organization","base year is 2015"
"CP","Consumer Price Indices","608","Philippines","2017","2017","23013","Consumer Prices, Food Indices (2015 = 100)","7010","October","6125","Value","","105.604079","X","Figure from external organization","base year is 2015"
"CP","Consumer Price Indices","608","Philippines","2017","2017","23013","Consumer Prices, Food Indices (2015 = 100)","7011","November","6125","Value","","106.237522","X","Figure from external organization","base year is 2015"
"CP","Consumer Price Indices","608","Philippines","2017","2017","23013","Consumer Prices, Food Indices (2015 = 100)","7012","December","6125","Value","","106.870966","X","Figure from external organization","base year is 2015"
"CP","Consumer Price Indices","608","Philippines","2018","2018","23013","Consumer Prices, Food Indices (2015 = 100)","7001","January","6125","Value","","108.409329","X","Figure from external organization","base year is 2015"
"CP","Consumer Price Indices","608","Philippines","2018","2018","23013","Consumer Prices, Food Indices (2015 = 100)","7002","February","6125","Value","","108.95228","X","Figure from external organization","base year is 2015"
"CP","Consumer Price Indices","608","Philippines","2018","2018","23013","Consumer Prices, Food Indices (2015 = 100)","7003","March","6125","Value","","109.495232","X","Figure from external organization","base year is 2015"
"CP","Consumer Price Indices","608","Philippines","2018","2018","23013","Consumer Prices, Food Indices (2015 = 100)","7004","April","6125","Value","","109.947691","X","Figure from external organization","base year is 2015"
"CP","Consumer Price Indices","608","Philippines","2018","2018","23013","Consumer Prices, Food Indices (2015 = 100)","7005","May","6125","Value","","109.857199","X","Figure from external organization","base year is 2015"
"CP","Consumer Price Indices","608","Philippines","2018","2018","23013","Consumer Prices, Food Indices (2015 = 100)","7006","June","6125","Value","","110.671627","X","Figure from external organization","base year is 2015"
"CP","Consumer Price Indices","608","Philippines","2018","2018","23013","Consumer Prices, Food Indices (2015 = 100)","7007","July","6125","Value","","111.667038","X","Figure from external organization","base year is 2015"
"CP","Consumer Price Indices","608","Philippines","2018","2018","23013","Consumer Prices, Food Indices (2015 = 100)","7008","August","6125","Value","","113.476876","X","Figure from external organization","base year is 2015"
"CP","Consumer Price Indices","608","Philippines","2018","2018","23013","Consumer Prices, Food Indices (2015 = 100)","7009","September","6125","Value","","115.467699","X","Figure from external organization","base year is 2015"
"CP","Consumer Price Indices","608","Philippines","2018","2018","23013","Consumer Prices, Food Indices (2015 = 100)","7010","October","6125","Value","","115.558191","X","Figure from external organization","base year is 2015"
"CP","Consumer Price Indices","608","Philippines","2018","2018","23013","Consumer Prices, Food Indices (2015 = 100)","7011","November","6125","Value","","114.743763","X","Figure from external organization","base year is 2015"
"CP","Consumer Price Indices","608","Philippines","2018","2018","23013","Consumer Prices, Food Indices (2015 = 100)","7012","December","6125","Value","","114.019828","X","Figure from external organization","base year is 2015"
"CP","Consumer Price Indices","608","Philippines","2019","2019","23013","Consumer Prices, Food Indices (2015 = 100)","7001","January","6125","Value","","114.472288","X","Figure from external organization","base year is 2015"
"CP","Consumer Price Indices","608","Philippines","2019","2019","23013","Consumer Prices, Food Indices (2015 = 100)","7002","February","6125","Value","","114.11032","X","Figure from external organization","base year is 2015"
"CP","Consumer Price Indices","608","Philippines","2019","2019","23013","Consumer Prices, Food Indices (2015 = 100)","7003","March","6125","Value","","113.205401","X","Figure from external organization","base year is 2015"
"CP","Consumer Price Indices","608","Philippines","2019","2019","23013","Consumer Prices, Food Indices (2015 = 100)","7004","April","6125","Value","","113.295893","X","Figure from external organization","base year is 2015"
"CP","Consumer Price Indices","608","Philippines","2019","2019","23013","Consumer Prices, Food Indices (2015 = 100)","7005","May","6125","Value","","113.567368","X","Figure from external organization","base year is 2015"
"CP","Consumer Price Indices","608","Philippines","2019","2019","23013","Consumer Prices, Food Indices (2015 = 100)","7006","June","6125","Value","","113.65786","X","Figure from external organization","base year is 2015"
"CP","Consumer Price Indices","608","Philippines","2019","2019","23013","Consumer Prices, Food Indices (2015 = 100)","7007","July","6125","Value","","113.838844","X","Figure from external organization","base year is 2015"
"CP","Consumer Price Indices","608","Philippines","2019","2019","23013","Consumer Prices, Food Indices (2015 = 100)","7008","August","6125","Value","","114.11032","X","Figure from external organization","base year is 2015"
"CP","Consumer Price Indices","608","Philippines","2019","2019","23013","Consumer Prices, Food Indices (2015 = 100)","7009","September","6125","Value","","114.381796","X","Figure from external organization","base year is 2015"
"CP","Consumer Price Indices","608","Philippines","2019","2019","23013","Consumer Prices, Food Indices (2015 = 100)","7010","October","6125","Value","","114.56278","X","Figure from external organization","base year is 2015"
"CP","Consumer Price Indices","608","Philippines","2019","2019","23013","Consumer Prices, Food Indices (2015 = 100)","7011","November","6125","Value","","114.743763","X","Figure from external organization","base year is 2015"
"CP","Consumer Price Indices","608","Philippines","2019","2019","23013","Consumer Prices, Food Indices (2015 = 100)","7012","December","6125","Value","","116.01065","X","Figure from external organization","base year is 2015"
"CP","Consumer Price Indices","608","Philippines","2020","2020","23013","Consumer Prices, Food Indices (2015 = 100)","7001","January","6125","Value","","117.006062","X","Figure from external organization","base year is 2015"
"CP","Consumer Price Indices","608","Philippines","2020","2020","23013","Consumer Prices, Food Indices (2015 = 100)","7002","February","6125","Value","","116.46311","X","Figure from external organization","base year is 2015"
"CP","Consumer Price Indices","608","Philippines","2020","2020","23013","Consumer Prices, Food Indices (2015 = 100)","7003","March","6125","Value","","116.191634","X","Figure from external organization","base year is 2015"
"CP","Consumer Price Indices","608","Philippines","2020","2020","23013","Consumer Prices, Food Indices (2015 = 100)","7004","April","6125","Value","","117.096554","X","Figure from external organization","base year is 2015"
"CP","Consumer Price Indices","608","Philippines","2020","2020","23013","Consumer Prices, Food Indices (2015 = 100)","7005","May","6125","Value","","116.91557","X","Figure from external organization","base year is 2015"
"CP","Consumer Price Indices","608","Philippines","2020","2020","23013","Consumer Prices, Food Indices (2015 = 100)","7006","June","6125","Value","","116.734586","X","Figure from external organization","base year is 2015"
"CP","Consumer Price Indices","608","Philippines","2020","2020","23013","Consumer Prices, Food Indices (2015 = 100)","7007","July","6125","Value","","116.553602","X","Figure from external organization","base year is 2015"
"CP","Consumer Price Indices","608","Philippines","2020","2020","23013","Consumer Prices, Food Indices (2015 = 100)","7008","August","6125","Value","","116.191634","X","Figure from external organization","base year is 2015"
"CP","Consumer Price Indices","608","Philippines","2020","2020","23013","Consumer Prices, Food Indices (2015 = 100)","7009","September","6125","Value","","116.101142","X","Figure from external organization","base year is 2015"
"CP","Consumer Price Indices","608","Philippines","2020","2020","23013","Consumer Prices, Food Indices (2015 = 100)","7010","October","6125","Value","","117.006062","X","Figure from external organization","base year is 2015"
"CP","Consumer Price Indices","608","Philippines","2020","2020","23013","Consumer Prices, Food Indices (2015 = 100)","7011","November","6125","Value","","119.630327","X","Figure from external organization","base year is 2015"
"CP","Consumer Price Indices","608","Philippines","2020","2020","23013","Consumer Prices, Food Indices (2015 = 100)","7012","December","6125","Value","","121.530658","X","Figure from external organization","base year is 2015"
"CP","Consumer Price Indices","608","Philippines","2021","2021","23013","Consumer Prices, Food Indices (2015 = 100)","7001","January","6125","Value","","124.245416","X","Figure from external organization","base year is 2015"
"CP","Consumer Price Indices","608","Philippines","2021","2021","23013","Consumer Prices, Food Indices (2015 = 100)","7002","February","6125","Value","","124.245416","X","Figure from external organization","base year is 2015"
"CP","Consumer Price Indices","608","Philippines","2021","2021","23013","Consumer Prices, Food Indices (2015 = 100)","7003","March","6125","Value","","122.978529","X","Figure from external organization","base year is 2015"
"CP","Consumer Price Indices","608","Philippines","2021","2021","23013","Consumer Prices, Food Indices (2015 = 100)","7004","April","6125","Value","","122.707053","X","Figure from external organization","base year is 2015"
"CP","Consumer Price Indices","608","Philippines","2021","2021","23013","Consumer Prices, Food Indices (2015 = 100)","7005","May","6125","Value","","122.254593","X","Figure from external organization","base year is 2015"
"CP","Consumer Price Indices","608","Philippines","2021","2021","23013","Consumer Prices, Food Indices (2015 = 100)","7006","June","6125","Value","","122.164101","X","Figure from external organization","base year is 2015"
"CP","Consumer Price Indices","608","Philippines","2021","2021","23013","Consumer Prices, Food Indices (2015 = 100)","7007","July","6125","Value","","122.254593","X","Figure from external organization","base year is 2015"
"CP","Consumer Price Indices","608","Philippines","2021","2021","23013","Consumer Prices, Food Indices (2015 = 100)","7008","August","6125","Value","","123.702464","X","Figure from external organization","base year is 2015"
"CP","Consumer Price Indices","608","Philippines","2021","2021","23013","Consumer Prices, Food Indices (2015 = 100)","7009","September","6125","Value","","123.340496","X","Figure from external organization","base year is 2015"
"CP","Consumer Price Indices","608","Philippines","2021","2021","23013","Consumer Prices, Food Indices (2015 = 100)","7010","October","6125","Value","","123.159513","X","Figure from external organization","base year is 2015"
"CP","Consumer Price Indices","608","Philippines","2021","2021","23013","Consumer Prices, Food Indices (2015 = 100)","7011","November","6125","Value","","124.335908","X","Figure from external organization","base year is 2015"
"CP","Consumer Price Indices","608","Philippines","2021","2021","23013","Consumer Prices, Food Indices (2015 = 100)","7012","December","6125","Value","","125.331319","X","Figure from external organization","base year is 2015"
"CP","Consumer Price Indices","608","Philippines","2022","2022","23013","Consumer Prices, Food Indices (2015 = 100)","7001","January","6125","Value","","125.805185","X","Figure from external organization","base year is 2015"
"CP","Consumer Price Indices","608","Philippines","2022","2022","23013","Consumer Prices, Food Indices (2015 = 100)","7002","February","6125","Value","","124.798743","X","Figure from external organization","base year is 2015"
"CP","Consumer Price Indices","608","Philippines","2022","2022","23013","Consumer Prices, Food Indices (2015 = 100)","7003","March","6125","Value","","124.91057","X","Figure from external organization","base year is 2015"
"CP","Consumer Price Indices","608","Philippines","2022","2022","23013","Consumer Prices, Food Indices (2015 = 100)","7004","April","6125","Value","","125.805185","X","Figure from external organization","base year is 2015"
"CP","Consumer Price Indices","608","Philippines","2022","2022","23013","Consumer Prices, Food Indices (2015 = 100)","7005","May","6125","Value","","126.587972","X","Figure from external organization","base year is 2015"
"CP","Consumer Price Indices","608","Philippines","2022","2022","23013","Consumer Prices, Food Indices (2015 = 100)","7006","June","6125","Value","","127.818067","X","Figure from external organization","base year is 2015"
"CP","Consumer Price Indices","608","Philippines","2022","2022","23013","Consumer Prices, Food Indices (2015 = 100)","7007","July","6125","Value","","128.936336","X","Figure from external organization","base year is 2015"
"CP","Consumer Price Indices","608","Philippines","2022","2022","23013","Consumer Prices, Food Indices (2015 = 100)","7008","August","6125","Value","","129.83095","X","Figure from external organization","base year is 2015"
"CP","Consumer Price Indices","608","Philippines","2022","2022","23013","Consumer Prices, Food Indices (2015 = 100)","7009","September","6125","Value","","130.501911","X","Figure from external organization","base year is 2015"
"CP","Consumer Price Indices","608","Philippines","2022","2022","23013","Consumer Prices, Food Indices (2015 = 100)","7010","October","6125","Value","","132.402968","X","Figure from external organization","base year is 2015"
"CP","Consumer Price Indices","608","Philippines","2022","2022","23013","Consumer Prices, Food Indices (2015 = 100)","7011","November","6125","Value","","134.415851","X","Figure from external organization","base year is 2015"
"CP","Consumer Price Indices","608","Philippines","2022","2022","23013","Consumer Prices, Food Indices (2015 = 100)","7012","December","6125","Value","","135.645946","X","Figure from external organization","base year is 2015"
"CP","Consumer Price Indices","608","Philippines","2023","2023","23013","Consumer Prices, Food Indices (2015 = 100)","7001","January","6125","Value","","139.336231","X","Figure from external organization","base year is 2015"
"CP","Consumer Price Indices","608","Philippines","2023","2023","23013","Consumer Prices, Food Indices (2015 = 100)","7002","February","6125","Value","","138.217963","X","Figure from external organization","base year is 2015"
"CP","Consumer Price Indices","608","Philippines","2023","2023","23013","Consumer Prices, Food Indices (2015 = 100)","7003","March","6125","Value","","136.54056","X","Figure from external organization","base year is 2015"
"CP","Consumer Price Indices","608","Philippines","2023","2023","23013","Consumer Prices, Food Indices (2015 = 100)","7004","April","6125","Value","","135.757772","X","Figure from external organization","base year is 2015"
"CP","Consumer Price Indices","608","Philippines","2023","2023","23013","Consumer Prices, Food Indices (2015 = 100)","7005","May","6125","Value","","135.981426","X","Figure from external organization","base year is 2015"
"CP","Consumer Price Indices","608","Philippines","2023","2023","23013","Consumer Prices, Food Indices (2015 = 100)","7006","June","6125","Value","","136.428733","X","Figure from external organization","base year is 2015"
"CP","Consumer Price Indices","608","Philippines","2023","2023","23013","Consumer Prices, Food Indices (2015 = 100)","7007","July","6125","Value","","137.099694","X","Figure from external organization","base year is 2015"
"CP","Consumer Price Indices","608","Philippines","2023","2023","23013","Consumer Prices, Food Indices (2015 = 100)","7008","August","6125","Value","","140.342673","X","Figure from external organization","base year is 2015"
"CP","Consumer Price Indices","608","Philippines","2023","2023","23013","Consumer Prices, Food Indices (2015 = 100)","7009","September","6125","Value","","143.138343","X","Figure from external organization","base year is 2015"
"CP","Consumer Price Indices","608","Philippines","2023","2023","23013","Consumer Prices, Food Indices (2015 = 100)","7010","October","6125","Value","","141.684594","X","Figure from external organization","base year is 2015"
"CP","Consumer Price Indices","608","Philippines","2023","2023","23013","Consumer Prices, Food Indices (2015 = 100)","7011","November","6125","Value","","142.020075","X","Figure from external organization","base year is 2015"
"CP","Consumer Price Indices","608","Philippines","2023","2023","23013","Consumer Prices, Food Indices (2015 = 100)","7012","December","6125","Value","","143.026516","X","Figure from external organization","base year is 2015"
"CP","Consumer Price Indices","608","Philippines","2024","2024","23013","Consumer Prices, Food Indices (2015 = 100)","7001","January","6125","Value","","144.144785","X","Figure from external organization","base year is 2015"
"CP","Consumer Price Indices","608","Philippines","2024","2024","23013","Consumer Prices, Food Indices (2015 = 100)","7002","February","6125","Value","","144.592092","X","Figure from external organization","base year is 2015"
"CP","Consumer Price Indices","608","Philippines","2024","2024","23013","Consumer Prices, Food Indices (2015 = 100)","7003","March","6125","Value","","144.144785","X","Figure from external organization","base year is 2015"
"CP","Consumer Price Indices","608","Philippines","2024","2024","23013","Consumer Prices, Food Indices (2015 = 100)","7004","April","6125","Value","","143.921131","X","Figure from external organization","base year is 2015"
"CP","Consumer Price Indices","608","Philippines","2024","2024","23013","Consumer Prices, Food Indices (2015 = 100)","7005","May","6125","Value","","143.921131","X","Figure from external organization","base year is 2015"
"CP","Consumer Price Indices","608","Philippines","2024","2024","23013","Consumer Prices, Food Indices (2015 = 100)","7006","June","6125","Value","","144.815746","X","Figure from external organization","base year is 2015"
"CP","Consumer Price Indices","608","Philippines","2024","2024","23013","Consumer Prices, Food Indices (2015 = 100)","7007","July","6125","Value","","145.822187","X","Figure from external organization","base year is 2015"
"CP","Consumer Price Indices","608","Philippines","2024","2024","23013","Consumer Prices, Food Indices (2015 = 100)","7008","August","6125","Value","","145.822187","X","Figure from external organization","base year is 2015"
"CP","Consumer Price Indices","608","Philippines","2024","2024","23013","Consumer Prices, Food Indices (2015 = 100)","7009","September","6125","Value","","145.151226","X","Figure from external organization","base year is 2015"
"CP","Consumer Price Indices","608","Philippines","2024","2024","23013","Consumer Prices, Food Indices (2015 = 100)","7010","October","6125","Value","","145.822187","X","Figure from external organization","base year is 2015"
"CP","Consumer Price Indices","608","Philippines","2024","2024","23013","Consumer Prices, Food Indices (2015 = 100)","7011","November","6125","Value","","146.828629","X","Figure from external organization","base year is 2015"
"CP","Consumer Price Indices","608","Philippines","2024","2024","23013","Consumer Prices, Food Indices (2015 = 100)","7012","December","6125","Value","","147.946897","X","Figure from external organization","base year is 2015"
"CP","Consumer Price Indices","608","Philippines","2025","2025","23013","Consumer Prices, Food Indices (2015 = 100)","7001","January","6125","Value","","149.624299","X","Figure from external organization","base year is 2015"
"CP","Consumer Price Indices","608","Philippines","2025","2025","23013","Consumer Prices, Food Indices (2015 = 100)","7002","February","6125","Value","","148.282378","X","Figure from external organization","base year is 2015"
"CP","Consumer Price Indices","608","Philippines","2025","2025","23013","Consumer Prices, Food Indices (2015 = 100)","7003","March","6125","Value","","147.387763","X","Figure from external organization","base year is 2015"
"CP","Consumer Price Indices","608","Philippines","2025","2025","23013","Consumer Prices, Food Indices (2015 = 100)","7004","April","6125","Value","","145.263053","X","Figure from external organization","base year is 2015"
"CP","Consumer Price Indices","608","Philippines","2025","2025","23013","Consumer Prices, Food Indices (2015 = 100)","7005","May","6125","Value","","145.151226","X","Figure from external organization","base year is 2015"
"CP","Consumer Price Indices","608","Philippines","2025","2025","23013","Consumer Prices, Food Indices (2015 = 100)","7006","June","6125","Value","","145.37488","X","Figure from external organization","base year is 2015"
"CP","Consumer Price Indices","608","Philippines","2025","2025","23013","Consumer Prices, Food Indices (2015 = 100)","7007","July","6125","Value","","145.486707","X","Figure from external organization","base year is 2015"
"CP","Consumer Price Indices","608","Philippines","2025","2025","23013","Consumer Prices, Food Indices (2015 = 100)","7008","August","6125","Value","","147.164109","X","Figure from external organization","base year is 2015"
"CP","Consumer Price Indices","608","Philippines","2025","2025","23013","Consumer Prices, Food Indices (2015 = 100)","7009","September","6125","Value","","146.604975","X","Figure from external organization","base year is 2015"
"CP","Consumer Price Indices","702","Singapore","2000","2000","23013","Consumer Prices, Food Indices (2015 = 100)","7001","January","6125","Value","","70.863788","I","Value imputed by a receiving agency","base year is 2015"
"CP","Consumer Price Indices","702","Singapore","2000","2000","23013","Consumer Prices, Food Indices (2015 = 100)","7002","February","6125","Value","","71.282613","I","Value imputed by a receiving agency","base year is 2015"
"CP","Consumer Price Indices","702","Singapore","2000","2000","23013","Consumer Prices, Food Indices (2015 = 100)","7003","March","6125","Value","","71.031272","I","Value imputed by a receiving agency","base year is 2015"
"CP","Consumer Price Indices","702","Singapore","2000","2000","23013","Consumer Prices, Food Indices (2015 = 100)","7004","April","6125","Value","","71.115037","I","Value imputed by a receiving agency","base year is 2015"
"CP","Consumer Price Indices","702","Singapore","2000","2000","23013","Consumer Prices, Food Indices (2015 = 100)","7005","May","6125","Value","","70.863788","I","Value imputed by a receiving agency","base year is 2015"
"CP","Consumer Price Indices","702","Singapore","2000","2000","23013","Consumer Prices, Food Indices (2015 = 100)","7006","June","6125","Value","","70.947522","I","Value imputed by a receiving agency","base year is 2015"
"CP","Consumer Price Indices","702","Singapore","2000","2000","23013","Consumer Prices, Food Indices (2015 = 100)","7007","July","6125","Value","","71.366425","I","Value imputed by a receiving agency","base year is 2015"
"CP","Consumer Price Indices","702","Singapore","2000","2000","23013","Consumer Prices, Food Indices (2015 = 100)","7008","August","6125","Value","","71.869618","I","Value imputed by a receiving agency","base year is 2015"
"CP","Consumer Price Indices","702","Singapore","2000","2000","23013","Consumer Prices, Food Indices (2015 = 100)","7009","September","6125","Value","","71.869618","I","Value imputed by a receiving agency","base year is 2015"
"CP","Consumer Price Indices","702","Singapore","2000","2000","23013","Consumer Prices, Food Indices (2015 = 100)","7010","October","6125","Value","","71.953537","I","Value imputed by a receiving agency","base year is 2015"
"CP","Consumer Price Indices","702","Singapore","2000","2000","23013","Consumer Prices, Food Indices (2015 = 100)","7011","November","6125","Value","","72.121422","I","Value imputed by a receiving agency","base year is 2015"
"CP","Consumer Price Indices","702","Singapore","2000","2000","23013","Consumer Prices, Food Indices (2015 = 100)","7012","December","6125","Value","","72.623872","X","Figure from external organization","base year is 2015"
"CP","Consumer Price Indices","702","Singapore","2001","2001","23013","Consumer Prices, Food Indices (2015 = 100)","7001","January","6125","Value","","72.541403","I","Value imputed by a receiving agency","base year is 2015"
"CP","Consumer Price Indices","702","Singapore","2001","2001","23013","Consumer Prices, Food Indices (2015 = 100)","7002","February","6125","Value","","72.373365","I","Value imputed by a receiving agency","base year is 2015"
"CP","Consumer Price Indices","702","Singapore","2001","2001","23013","Consumer Prices, Food Indices (2015 = 100)","7003","March","6125","Value","","72.541403","I","Value imputed by a receiving agency","base year is 2015"
"CP","Consumer Price Indices","702","Singapore","2001","2001","23013","Consumer Prices, Food Indices (2015 = 100)","7004","April","6125","Value","","72.793575","I","Value imputed by a receiving agency","base year is 2015"
"CP","Consumer Price Indices","702","Singapore","2001","2001","23013","Consumer Prices, Food Indices (2015 = 100)","7005","May","6125","Value","","72.457376","I","Value imputed by a receiving agency","base year is 2015"
"CP","Consumer Price Indices","702","Singapore","2001","2001","23013","Consumer Prices, Food Indices (2015 = 100)","7006","June","6125","Value","","71.953537","I","Value imputed by a receiving agency","base year is 2015"
"CP","Consumer Price Indices","702","Singapore","2001","2001","23013","Consumer Prices, Food Indices (2015 = 100)","7007","July","6125","Value","","72.457376","I","Value imputed by a receiving agency","base year is 2015"
"CP","Consumer Price Indices","702","Singapore","2001","2001","23013","Consumer Prices, Food Indices (2015 = 100)","7008","August","6125","Value","","72.457376","I","Value imputed by a receiving agency","base year is 2015"
"CP","Consumer Price Indices","702","Singapore","2001","2001","23013","Consumer Prices, Food Indices (2015 = 100)","7009","September","6125","Value","","72.289368","I","Value imputed by a receiving agency","base year is 2015"
"CP","Consumer Price Indices","702","Singapore","2001","2001","23013","Consumer Prices, Food Indices (2015 = 100)","7010","October","6125","Value","","72.121422","I","Value imputed by a receiving agency","base year is 2015"
"CP","Consumer Price Indices","702","Singapore","2001","2001","23013","Consumer Prices, Food Indices (2015 = 100)","7011","November","6125","Value","","71.953537","I","Value imputed by a receiving agency","base year is 2015"
"CP","Consumer Price Indices","702","Singapore","2001","2001","23013","Consumer Prices, Food Indices (2015 = 100)","7012","December","6125","Value","","72.978135","X","Figure from external organization","base year is 2015"
"CP","Consumer Price Indices","702","Singapore","2002","2002","23013","Consumer Prices, Food Indices (2015 = 100)","7001","January","6125","Value","","71.617952","I","Value imputed by a receiving agency","base year is 2015"
"CP","Consumer Price Indices","702","Singapore","2002","2002","23013","Consumer Prices, Food Indices (2015 = 100)","7002","February","6125","Value","","71.869618","I","Value imputed by a receiving agency","base year is 2015"
"CP","Consumer Price Indices","702","Singapore","2002","2002","23013","Consumer Prices, Food Indices (2015 = 100)","7003","March","6125","Value","","71.785714","I","Value imputed by a receiving agency","base year is 2015"
"CP","Consumer Price Indices","702","Singapore","2002","2002","23013","Consumer Prices, Food Indices (2015 = 100)","7004","April","6125","Value","","71.869618","I","Value imputed by a receiving agency","base year is 2015"
"CP","Consumer Price Indices","702","Singapore","2002","2002","23013","Consumer Prices, Food Indices (2015 = 100)","7005","May","6125","Value","","72.121422","I","Value imputed by a receiving agency","base year is 2015"
"CP","Consumer Price Indices","702","Singapore","2002","2002","23013","Consumer Prices, Food Indices (2015 = 100)","7006","June","6125","Value","","72.121422","I","Value imputed by a receiving agency","base year is 2015"
"CP","Consumer Price Indices","702","Singapore","2002","2002","23013","Consumer Prices, Food Indices (2015 = 100)","7007","July","6125","Value","","72.121422","I","Value imputed by a receiving agency","base year is 2015"
"CP","Consumer Price Indices","702","Singapore","2002","2002","23013","Consumer Prices, Food Indices (2015 = 100)","7008","August","6125","Value","","72.037472","I","Value imputed by a receiving agency","base year is 2015"
"CP","Consumer Price Indices","702","Singapore","2002","2002","23013","Consumer Prices, Food Indices (2015 = 100)","7009","September","6125","Value","","71.953537","I","Value imputed by a receiving agency","base year is 2015"
"CP","Consumer Price Indices","702","Singapore","2002","2002","23013","Consumer Prices, Food Indices (2015 = 100)","7010","October","6125","Value","","71.953537","I","Value imputed by a receiving agency","base year is 2015"
"CP","Consumer Price Indices","702","Singapore","2002","2002","23013","Consumer Prices, Food Indices (2015 = 100)","7011","November","6125","Value","","72.121422","I","Value imputed by a receiving agency","base year is 2015"
"CP","Consumer Price Indices","702","Singapore","2002","2002","23013","Consumer Prices, Food Indices (2015 = 100)","7012","December","6125","Value","","72.978135","X","Figure from external organization","base year is 2015"
"CP","Consumer Price Indices","702","Singapore","2003","2003","23013","Consumer Prices, Food Indices (2015 = 100)","7001","January","6125","Value","","72.373365","I","Value imputed by a receiving agency","base year is 2015"
"CP","Consumer Price Indices","702","Singapore","2003","2003","23013","Consumer Prices, Food Indices (2015 = 100)","7002","February","6125","Value","","72.205388","I","Value imputed by a receiving agency","base year is 2015"
"CP","Consumer Price Indices","702","Singapore","2003","2003","23013","Consumer Prices, Food Indices (2015 = 100)","7003","March","6125","Value","","72.457376","I","Value imputed by a receiving agency","base year is 2015"
"CP","Consumer Price Indices","702","Singapore","2003","2003","23013","Consumer Prices, Food Indices (2015 = 100)","7004","April","6125","Value","","72.625445","I","Value imputed by a receiving agency","base year is 2015"
"CP","Consumer Price Indices","702","Singapore","2003","2003","23013","Consumer Prices, Food Indices (2015 = 100)","7005","May","6125","Value","","72.121422","I","Value imputed by a receiving agency","base year is 2015"
"CP","Consumer Price Indices","702","Singapore","2003","2003","23013","Consumer Prices, Food Indices (2015 = 100)","7006","June","6125","Value","","71.869618","I","Value imputed by a receiving agency","base year is 2015"
"CP","Consumer Price Indices","702","Singapore","2003","2003","23013","Consumer Prices, Food Indices (2015 = 100)","7007","July","6125","Value","","72.373365","I","Value imputed by a receiving agency","base year is 2015"
"CP","Consumer Price Indices","702","Singapore","2003","2003","23013","Consumer Prices, Food Indices (2015 = 100)","7008","August","6125","Value","","72.457376","I","Value imputed by a receiving agency","base year is 2015"
"CP","Consumer Price Indices","702","Singapore","2003","2003","23013","Consumer Prices, Food Indices (2015 = 100)","7009","September","6125","Value","","72.541403","I","Value imputed by a receiving agency","base year is 2015"
"CP","Consumer Price Indices","702","Singapore","2003","2003","23013","Consumer Prices, Food Indices (2015 = 100)","7010","October","6125","Value","","72.457376","I","Value imputed by a receiving agency","base year is 2015"
"CP","Consumer Price Indices","702","Singapore","2003","2003","23013","Consumer Prices, Food Indices (2015 = 100)","7011","November","6125","Value","","72.625445","I","Value imputed by a receiving agency","base year is 2015"
"CP","Consumer Price Indices","702","Singapore","2003","2003","23013","Consumer Prices, Food Indices (2015 = 100)","7012","December","6125","Value","","73.420963","X","Figure from external organization","base year is 2015"
"CP","Consumer Price Indices","702","Singapore","2004","2004","23013","Consumer Prices, Food Indices (2015 = 100)","7001","January","6125","Value","","72.985302","I","Value imputed by a receiving agency","base year is 2015"
"CP","Consumer Price Indices","702","Singapore","2004","2004","23013","Consumer Prices, Food Indices (2015 = 100)","7002","February","6125","Value","","73.94827","I","Value imputed by a receiving agency","base year is 2015"
"CP","Consumer Price Indices","702","Singapore","2004","2004","23013","Consumer Prices, Food Indices (2015 = 100)","7003","March","6125","Value","","73.335243","I","Value imputed by a receiving agency","base year is 2015"
"CP","Consumer Price Indices","702","Singapore","2004","2004","23013","Consumer Prices, Food Indices (2015 = 100)","7004","April","6125","Value","","73.860646","I","Value imputed by a receiving agency","base year is 2015"
"CP","Consumer Price Indices","702","Singapore","2004","2004","23013","Consumer Prices, Food Indices (2015 = 100)","7005","May","6125","Value","","74.123567","I","Value imputed by a receiving agency","base year is 2015"
"CP","Consumer Price Indices","702","Singapore","2004","2004","23013","Consumer Prices, Food Indices (2015 = 100)","7006","June","6125","Value","","73.422769","I","Value imputed by a receiving agency","base year is 2015"
"CP","Consumer Price Indices","702","Singapore","2004","2004","23013","Consumer Prices, Food Indices (2015 = 100)","7007","July","6125","Value","","74.123567","I","Value imputed by a receiving agency","base year is 2015"
"CP","Consumer Price Indices","702","Singapore","2004","2004","23013","Consumer Prices, Food Indices (2015 = 100)","7008","August","6125","Value","","73.94827","I","Value imputed by a receiving agency","base year is 2015"
"CP","Consumer Price Indices","702","Singapore","2004","2004","23013","Consumer Prices, Food Indices (2015 = 100)","7009","September","6125","Value","","74.211241","I","Value imputed by a receiving agency","base year is 2015"
"CP","Consumer Price Indices","702","Singapore","2004","2004","23013","Consumer Prices, Food Indices (2015 = 100)","7010","October","6125","Value","","74.123567","I","Value imputed by a receiving agency","base year is 2015"
"CP","Consumer Price Indices","702","Singapore","2004","2004","23013","Consumer Prices, Food Indices (2015 = 100)","7011","November","6125","Value","","74.123567","I","Value imputed by a receiving agency","base year is 2015"
"CP","Consumer Price Indices","702","Singapore","2004","2004","23013","Consumer Prices, Food Indices (2015 = 100)","7012","December","6125","Value","","74.92658","X","Figure from external organization","base year is 2015"
"CP","Consumer Price Indices","702","Singapore","2005","2005","23013","Consumer Prices, Food Indices (2015 = 100)","7001","January","6125","Value","","72.457618","X","Figure from external organization","base year is 2015"
"CP","Consumer Price Indices","702","Singapore","2005","2005","23013","Consumer Prices, Food Indices (2015 = 100)","7002","February","6125","Value","","72.997196","X","Figure from external organization","base year is 2015"
"CP","Consumer Price Indices","702","Singapore","2005","2005","23013","Consumer Prices, Food Indices (2015 = 100)","7003","March","6125","Value","","72.075935","X","Figure from external organization","base year is 2015"
"CP","Consumer Price Indices","702","Singapore","2005","2005","23013","Consumer Prices, Food Indices (2015 = 100)","7004","April","6125","Value","","72.289777","X","Figure from external organization","base year is 2015"
"CP","Consumer Price Indices","702","Singapore","2005","2005","23013","Consumer Prices, Food Indices (2015 = 100)","7005","May","6125","Value","","72.395455","X","Figure from external organization","base year is 2015"
"CP","Consumer Price Indices","702","Singapore","2005","2005","23013","Consumer Prices, Food Indices (2015 = 100)","7006","June","6125","Value","","72.358157","X","Figure from external organization","base year is 2015"
"CP","Consumer Price Indices","702","Singapore","2005","2005","23013","Consumer Prices, Food Indices (2015 = 100)","7007","July","6125","Value","","72.453888","X","Figure from external organization","base year is 2015"
"CP","Consumer Price Indices","702","Singapore","2005","2005","23013","Consumer Prices, Food Indices (2015 = 100)","7008","August","6125","Value","","72.502376","X","Figure from external organization","base year is 2015"
"CP","Consumer Price Indices","702","Singapore","2005","2005","23013","Consumer Prices, Food Indices (2015 = 100)","7009","September","6125","Value","","72.451402","X","Figure from external organization","base year is 2015"
"CP","Consumer Price Indices","702","Singapore","2005","2005","23013","Consumer Prices, Food Indices (2015 = 100)","7010","October","6125","Value","","72.848004","X","Figure from external organization","base year is 2015"
"CP","Consumer Price Indices","702","Singapore","2005","2005","23013","Consumer Prices, Food Indices (2015 = 100)","7011","November","6125","Value","","72.891518","X","Figure from external organization","base year is 2015"
"CP","Consumer Price Indices","702","Singapore","2005","2005","23013","Consumer Prices, Food Indices (2015 = 100)","7012","December","6125","Value","","73.107847","X","Figure from external organization","base year is 2015"
"CP","Consumer Price Indices","702","Singapore","2006","2006","23013","Consumer Prices, Food Indices (2015 = 100)","7001","January","6125","Value","","74.5662","X","Figure from external organization","base year is 2015"
"CP","Consumer Price Indices","702","Singapore","2006","2006","23013","Consumer Prices, Food Indices (2015 = 100)","7002","February","6125","Value","","73.414934","X","Figure from external organization","base year is 2015"
"CP","Consumer Price Indices","702","Singapore","2006","2006","23013","Consumer Prices, Food Indices (2015 = 100)","7003","March","6125","Value","","73.045684","X","Figure from external organization","base year is 2015"
"CP","Consumer Price Indices","702","Singapore","2006","2006","23013","Consumer Prices, Food Indices (2015 = 100)","7004","April","6125","Value","","73.538017","X","Figure from external organization","base year is 2015"
"CP","Consumer Price Indices","702","Singapore","2006","2006","23013","Consumer Prices, Food Indices (2015 = 100)","7005","May","6125","Value","","73.811536","X","Figure from external organization","base year is 2015"
"CP","Consumer Price Indices","702","Singapore","2006","2006","23013","Consumer Prices, Food Indices (2015 = 100)","7006","June","6125","Value","","73.985594","X","Figure from external organization","base year is 2015"
"CP","Consumer Price Indices","702","Singapore","2006","2006","23013","Consumer Prices, Food Indices (2015 = 100)","7007","July","6125","Value","","74.138516","X","Figure from external organization","base year is 2015"
"CP","Consumer Price Indices","702","Singapore","2006","2006","23013","Consumer Prices, Food Indices (2015 = 100)","7008","August","6125","Value","","74.030351","X","Figure from external organization","base year is 2015"
"CP","Consumer Price Indices","702","Singapore","2006","2006","23013","Consumer Prices, Food Indices (2015 = 100)","7009","September","6125","Value","","74.051487","X","Figure from external organization","base year is 2015"
"CP","Consumer Price Indices","702","Singapore","2006","2006","23013","Consumer Prices, Food Indices (2015 = 100)","7010","October","6125","Value","","74.021648","X","Figure from external organization","base year is 2015"
"CP","Consumer Price Indices","702","Singapore","2006","2006","23013","Consumer Prices, Food Indices (2015 = 100)","7011","November","6125","Value","","74.23549","X","Figure from external organization","base year is 2015"
"CP","Consumer Price Indices","702","Singapore","2006","2006","23013","Consumer Prices, Food Indices (2015 = 100)","7012","December","6125","Value","","74.656958","X","Figure from external organization","base year is 2015"
"CP","Consumer Price Indices","702","Singapore","2007","2007","23013","Consumer Prices, Food Indices (2015 = 100)","7001","January","6125","Value","","76.00839","X","Figure from external organization","base year is 2015"
"CP","Consumer Price Indices","702","Singapore","2007","2007","23013","Consumer Prices, Food Indices (2015 = 100)","7002","February","6125","Value","","76.545481","X","Figure from external organization","base year is 2015"
"CP","Consumer Price Indices","702","Singapore","2007","2007","23013","Consumer Prices, Food Indices (2015 = 100)","7003","March","6125","Value","","74.983937","X","Figure from external organization","base year is 2015"
"CP","Consumer Price Indices","702","Singapore","2007","2007","23013","Consumer Prices, Food Indices (2015 = 100)","7004","April","6125","Value","","74.74523","X","Figure from external organization","base year is 2015"
"CP","Consumer Price Indices","702","Singapore","2007","2007","23013","Consumer Prices, Food Indices (2015 = 100)","7005","May","6125","Value","","75.332052","X","Figure from external organization","base year is 2015"
"CP","Consumer Price Indices","702","Singapore","2007","2007","23013","Consumer Prices, Food Indices (2015 = 100)","7006","June","6125","Value","","75.902712","X","Figure from external organization","base year is 2015"
"CP","Consumer Price Indices","702","Singapore","2007","2007","23013","Consumer Prices, Food Indices (2015 = 100)","7007","July","6125","Value","","76.906029","X","Figure from external organization","base year is 2015"
"CP","Consumer Price Indices","702","Singapore","2007","2007","23013","Consumer Prices, Food Indices (2015 = 100)","7008","August","6125","Value","","77.196953","X","Figure from external organization","base year is 2015"
"CP","Consumer Price Indices","702","Singapore","2007","2007","23013","Consumer Prices, Food Indices (2015 = 100)","7009","September","6125","Value","","77.671881","X","Figure from external organization","base year is 2015"
"CP","Consumer Price Indices","702","Singapore","2007","2007","23013","Consumer Prices, Food Indices (2015 = 100)","7010","October","6125","Value","","78.204","X","Figure from external organization","base year is 2015"
"CP","Consumer Price Indices","702","Singapore","2007","2007","23013","Consumer Prices, Food Indices (2015 = 100)","7011","November","6125","Value","","79.248344","X","Figure from external organization","base year is 2015"
"CP","Consumer Price Indices","702","Singapore","2007","2007","23013","Consumer Prices, Food Indices (2015 = 100)","7012","December","6125","Value","","80.664426","X","Figure from external organization","base year is 2015"
"CP","Consumer Price Indices","702","Singapore","2008","2008","23013","Consumer Prices, Food Indices (2015 = 100)","7001","January","6125","Value","","81.424062","X","Figure from external organization","base year is 2015"
"CP","Consumer Price Indices","702","Singapore","2008","2008","23013","Consumer Prices, Food Indices (2015 = 100)","7002","February","6125","Value","","82.763061","X","Figure from external organization","base year is 2015"
"CP","Consumer Price Indices","702","Singapore","2008","2008","23013","Consumer Prices, Food Indices (2015 = 100)","7003","March","6125","Value","","82.405","X","Figure from external organization","base year is 2015"
"CP","Consumer Price Indices","702","Singapore","2008","2008","23013","Consumer Prices, Food Indices (2015 = 100)","7004","April","6125","Value","","82.938361","X","Figure from external organization","base year is 2015"
"CP","Consumer Price Indices","702","Singapore","2008","2008","23013","Consumer Prices, Food Indices (2015 = 100)","7005","May","6125","Value","","83.947895","X","Figure from external organization","base year is 2015"
"CP","Consumer Price Indices","702","Singapore","2008","2008","23013","Consumer Prices, Food Indices (2015 = 100)","7006","June","6125","Value","","84.590664","X","Figure from external organization","base year is 2015"
"CP","Consumer Price Indices","702","Singapore","2008","2008","23013","Consumer Prices, Food Indices (2015 = 100)","7007","July","6125","Value","","85.273217","X","Figure from external organization","base year is 2015"
"CP","Consumer Price Indices","702","Singapore","2008","2008","23013","Consumer Prices, Food Indices (2015 = 100)","7008","August","6125","Value","","85.545493","X","Figure from external organization","base year is 2015"
"CP","Consumer Price Indices","702","Singapore","2008","2008","23013","Consumer Prices, Food Indices (2015 = 100)","7009","September","6125","Value","","85.84512","X","Figure from external organization","base year is 2015"
"CP","Consumer Price Indices","702","Singapore","2008","2008","23013","Consumer Prices, Food Indices (2015 = 100)","7010","October","6125","Value","","85.897338","X","Figure from external organization","base year is 2015"
"CP","Consumer Price Indices","702","Singapore","2008","2008","23013","Consumer Prices, Food Indices (2015 = 100)","7011","November","6125","Value","","86.252912","X","Figure from external organization","base year is 2015"
"CP","Consumer Price Indices","702","Singapore","2008","2008","23013","Consumer Prices, Food Indices (2015 = 100)","7012","December","6125","Value","","86.451835","X","Figure from external organization","base year is 2015"
"CP","Consumer Price Indices","702","Singapore","2009","2009","23013","Consumer Prices, Food Indices (2015 = 100)","7001","January","6125","Value","","87.415367","X","Figure from external organization","base year is 2015"
"CP","Consumer Price Indices","702","Singapore","2009","2009","23013","Consumer Prices, Food Indices (2015 = 100)","7002","February","6125","Value","","86.783787","X","Figure from external organization","base year is 2015"
"CP","Consumer Price Indices","702","Singapore","2009","2009","23013","Consumer Prices, Food Indices (2015 = 100)","7003","March","6125","Value","","86.734057","X","Figure from external organization","base year is 2015"
"CP","Consumer Price Indices","702","Singapore","2009","2009","23013","Consumer Prices, Food Indices (2015 = 100)","7004","April","6125","Value","","86.414537","X","Figure from external organization","base year is 2015"
"CP","Consumer Price Indices","702","Singapore","2009","2009","23013","Consumer Prices, Food Indices (2015 = 100)","7005","May","6125","Value","","86.400861","X","Figure from external organization","base year is 2015"
"CP","Consumer Price Indices","702","Singapore","2009","2009","23013","Consumer Prices, Food Indices (2015 = 100)","7006","June","6125","Value","","86.283994","X","Figure from external organization","base year is 2015"
"CP","Consumer Price Indices","702","Singapore","2009","2009","23013","Consumer Prices, Food Indices (2015 = 100)","7007","July","6125","Value","","86.311346","X","Figure from external organization","base year is 2015"
"CP","Consumer Price Indices","702","Singapore","2009","2009","23013","Consumer Prices, Food Indices (2015 = 100)","7008","August","6125","Value","","86.080098","X","Figure from external organization","base year is 2015"
"CP","Consumer Price Indices","702","Singapore","2009","2009","23013","Consumer Prices, Food Indices (2015 = 100)","7009","September","6125","Value","","86.352373","X","Figure from external organization","base year is 2015"
"CP","Consumer Price Indices","702","Singapore","2009","2009","23013","Consumer Prices, Food Indices (2015 = 100)","7010","October","6125","Value","","86.639568","X","Figure from external organization","base year is 2015"
"CP","Consumer Price Indices","702","Singapore","2009","2009","23013","Consumer Prices, Food Indices (2015 = 100)","7011","November","6125","Value","","86.707948","X","Figure from external organization","base year is 2015"
"CP","Consumer Price Indices","702","Singapore","2009","2009","23013","Consumer Prices, Food Indices (2015 = 100)","7012","December","6125","Value","","86.599784","X","Figure from external organization","base year is 2015"
"CP","Consumer Price Indices","702","Singapore","2010","2010","23013","Consumer Prices, Food Indices (2015 = 100)","7001","January","6125","Value","","86.992656","X","Figure from external organization","base year is 2015"
"CP","Consumer Price Indices","702","Singapore","2010","2010","23013","Consumer Prices, Food Indices (2015 = 100)","7002","February","6125","Value","","88.443549","X","Figure from external organization","base year is 2015"
"CP","Consumer Price Indices","702","Singapore","2010","2010","23013","Consumer Prices, Food Indices (2015 = 100)","7003","March","6125","Value","","87.864187","X","Figure from external organization","base year is 2015"
"CP","Consumer Price Indices","702","Singapore","2010","2010","23013","Consumer Prices, Food Indices (2015 = 100)","7004","April","6125","Value","","88.063109","X","Figure from external organization","base year is 2015"
"CP","Consumer Price Indices","702","Singapore","2010","2010","23013","Consumer Prices, Food Indices (2015 = 100)","7005","May","6125","Value","","88.253329","X","Figure from external organization","base year is 2015"
"CP","Consumer Price Indices","702","Singapore","2010","2010","23013","Consumer Prices, Food Indices (2015 = 100)","7006","June","6125","Value","","88.183706","X","Figure from external organization","base year is 2015"
"CP","Consumer Price Indices","702","Singapore","2010","2010","23013","Consumer Prices, Food Indices (2015 = 100)","7007","July","6125","Value","","88.693446","X","Figure from external organization","base year is 2015"
"CP","Consumer Price Indices","702","Singapore","2010","2010","23013","Consumer Prices, Food Indices (2015 = 100)","7008","August","6125","Value","","88.994317","X","Figure from external organization","base year is 2015"
"CP","Consumer Price Indices","702","Singapore","2010","2010","23013","Consumer Prices, Food Indices (2015 = 100)","7009","September","6125","Value","","89.076372","X","Figure from external organization","base year is 2015"
"CP","Consumer Price Indices","702","Singapore","2010","2010","23013","Consumer Prices, Food Indices (2015 = 100)","7010","October","6125","Value","","89.285241","X","Figure from external organization","base year is 2015"
"CP","Consumer Price Indices","702","Singapore","2010","2010","23013","Consumer Prices, Food Indices (2015 = 100)","7011","November","6125","Value","","89.516489","X","Figure from external organization","base year is 2015"
"CP","Consumer Price Indices","702","Singapore","2010","2010","23013","Consumer Prices, Food Indices (2015 = 100)","7012","December","6125","Value","","89.456812","X","Figure from external organization","base year is 2015"
"CP","Consumer Price Indices","702","Singapore","2011","2011","23013","Consumer Prices, Food Indices (2015 = 100)","7001","January","6125","Value","","91.114087","X","Figure from external organization","base year is 2015"
"CP","Consumer Price Indices","702","Singapore","2011","2011","23013","Consumer Prices, Food Indices (2015 = 100)","7002","February","6125","Value","","91.744424","X","Figure from external organization","base year is 2015"
"CP","Consumer Price Indices","702","Singapore","2011","2011","23013","Consumer Prices, Food Indices (2015 = 100)","7003","March","6125","Value","","90.794568","X","Figure from external organization","base year is 2015"
"CP","Consumer Price Indices","702","Singapore","2011","2011","23013","Consumer Prices, Food Indices (2015 = 100)","7004","April","6125","Value","","91.177494","X","Figure from external organization","base year is 2015"
"CP","Consumer Price Indices","702","Singapore","2011","2011","23013","Consumer Prices, Food Indices (2015 = 100)","7005","May","6125","Value","","91.020842","X","Figure from external organization","base year is 2015"
"CP","Consumer Price Indices","702","Singapore","2011","2011","23013","Consumer Prices, Food Indices (2015 = 100)","7006","June","6125","Value","","91.480851","X","Figure from external organization","base year is 2015"
"CP","Consumer Price Indices","702","Singapore","2011","2011","23013","Consumer Prices, Food Indices (2015 = 100)","7007","July","6125","Value","","91.395066","X","Figure from external organization","base year is 2015"
"CP","Consumer Price Indices","702","Singapore","2011","2011","23013","Consumer Prices, Food Indices (2015 = 100)","7008","August","6125","Value","","91.606421","X","Figure from external organization","base year is 2015"
"CP","Consumer Price Indices","702","Singapore","2011","2011","23013","Consumer Prices, Food Indices (2015 = 100)","7009","September","6125","Value","","91.969455","X","Figure from external organization","base year is 2015"
"CP","Consumer Price Indices","702","Singapore","2011","2011","23013","Consumer Prices, Food Indices (2015 = 100)","7010","October","6125","Value","","92.363571","X","Figure from external organization","base year is 2015"
"CP","Consumer Price Indices","702","Singapore","2011","2011","23013","Consumer Prices, Food Indices (2015 = 100)","7011","November","6125","Value","","92.599792","X","Figure from external organization","base year is 2015"
"CP","Consumer Price Indices","702","Singapore","2011","2011","23013","Consumer Prices, Food Indices (2015 = 100)","7012","December","6125","Value","","93.217696","X","Figure from external organization","base year is 2015"
"CP","Consumer Price Indices","702","Singapore","2012","2012","23013","Consumer Prices, Food Indices (2015 = 100)","7001","January","6125","Value","","95.256654","X","Figure from external organization","base year is 2015"
"CP","Consumer Price Indices","702","Singapore","2012","2012","23013","Consumer Prices, Food Indices (2015 = 100)","7002","February","6125","Value","","93.365644","X","Figure from external organization","base year is 2015"
"CP","Consumer Price Indices","702","Singapore","2012","2012","23013","Consumer Prices, Food Indices (2015 = 100)","7003","March","6125","Value","","93.149316","X","Figure from external organization","base year is 2015"
"CP","Consumer Price Indices","702","Singapore","2012","2012","23013","Consumer Prices, Food Indices (2015 = 100)","7004","April","6125","Value","","93.273643","X","Figure from external organization","base year is 2015"
"CP","Consumer Price Indices","702","Singapore","2012","2012","23013","Consumer Prices, Food Indices (2015 = 100)","7005","May","6125","Value","","93.414132","X","Figure from external organization","base year is 2015"
"CP","Consumer Price Indices","702","Singapore","2012","2012","23013","Consumer Prices, Food Indices (2015 = 100)","7006","June","6125","Value","","93.537215","X","Figure from external organization","base year is 2015"
"CP","Consumer Price Indices","702","Singapore","2012","2012","23013","Consumer Prices, Food Indices (2015 = 100)","7007","July","6125","Value","","93.840572","X","Figure from external organization","base year is 2015"
"CP","Consumer Price Indices","702","Singapore","2012","2012","23013","Consumer Prices, Food Indices (2015 = 100)","7008","August","6125","Value","","93.976089","X","Figure from external organization","base year is 2015"
"CP","Consumer Price Indices","702","Singapore","2012","2012","23013","Consumer Prices, Food Indices (2015 = 100)","7009","September","6125","Value","","94.012143","X","Figure from external organization","base year is 2015"
"CP","Consumer Price Indices","702","Singapore","2012","2012","23013","Consumer Prices, Food Indices (2015 = 100)","7010","October","6125","Value","","94.094199","X","Figure from external organization","base year is 2015"
"CP","Consumer Price Indices","702","Singapore","2012","2012","23013","Consumer Prices, Food Indices (2015 = 100)","7011","November","6125","Value","","94.242148","X","Figure from external organization","base year is 2015"
"CP","Consumer Price Indices","702","Singapore","2012","2012","23013","Consumer Prices, Food Indices (2015 = 100)","7012","December","6125","Value","","94.636264","X","Figure from external organization","base year is 2015"
"CP","Consumer Price Indices","702","Singapore","2013","2013","23013","Consumer Prices, Food Indices (2015 = 100)","7001","January","6125","Value","","95.506551","X","Figure from external organization","base year is 2015"
"CP","Consumer Price Indices","702","Singapore","2013","2013","23013","Consumer Prices, Food Indices (2015 = 100)","7002","February","6125","Value","","96.513597","X","Figure from external organization","base year is 2015"
"CP","Consumer Price Indices","702","Singapore","2013","2013","23013","Consumer Prices, Food Indices (2015 = 100)","7003","March","6125","Value","","94.990595","X","Figure from external organization","base year is 2015"
"CP","Consumer Price Indices","702","Singapore","2013","2013","23013","Consumer Prices, Food Indices (2015 = 100)","7004","April","6125","Value","","95.097516","X","Figure from external organization","base year is 2015"
"CP","Consumer Price Indices","702","Singapore","2013","2013","23013","Consumer Prices, Food Indices (2015 = 100)","7005","May","6125","Value","","95.572444","X","Figure from external organization","base year is 2015"
"CP","Consumer Price Indices","702","Singapore","2013","2013","23013","Consumer Prices, Food Indices (2015 = 100)","7006","June","6125","Value","","95.592336","X","Figure from external organization","base year is 2015"
"CP","Consumer Price Indices","702","Singapore","2013","2013","23013","Consumer Prices, Food Indices (2015 = 100)","7007","July","6125","Value","","96.002614","X","Figure from external organization","base year is 2015"
"CP","Consumer Price Indices","702","Singapore","2013","2013","23013","Consumer Prices, Food Indices (2015 = 100)","7008","August","6125","Value","","96.049858","X","Figure from external organization","base year is 2015"
"CP","Consumer Price Indices","702","Singapore","2013","2013","23013","Consumer Prices, Food Indices (2015 = 100)","7009","September","6125","Value","","96.218943","X","Figure from external organization","base year is 2015"
"CP","Consumer Price Indices","702","Singapore","2013","2013","23013","Consumer Prices, Food Indices (2015 = 100)","7010","October","6125","Value","","96.446461","X","Figure from external organization","base year is 2015"
"CP","Consumer Price Indices","702","Singapore","2013","2013","23013","Consumer Prices, Food Indices (2015 = 100)","7011","November","6125","Value","","96.738629","X","Figure from external organization","base year is 2015"
"CP","Consumer Price Indices","702","Singapore","2013","2013","23013","Consumer Prices, Food Indices (2015 = 100)","7012","December","6125","Value","","97.254584","X","Figure from external organization","base year is 2015"
"CP","Consumer Price Indices","702","Singapore","2014","2014","23013","Consumer Prices, Food Indices (2015 = 100)","7001","January","6125","Value","","98.834777","X","Figure from external organization","base year is 2015"
"CP","Consumer Price Indices","702","Singapore","2014","2014","23013","Consumer Prices, Food Indices (2015 = 100)","7002","February","6125","Value","","97.9073","X","Figure from external organization","base year is 2015"
"CP","Consumer Price Indices","702","Singapore","2014","2014","23013","Consumer Prices, Food Indices (2015 = 100)","7003","March","6125","Value","","97.933408","X","Figure from external organization","base year is 2015"
"CP","Consumer Price Indices","702","Singapore","2014","2014","23013","Consumer Prices, Food Indices (2015 = 100)","7004","April","6125","Value","","98.116169","X","Figure from external organization","base year is 2015"
"CP","Consumer Price Indices","702","Singapore","2014","2014","23013","Consumer Prices, Food Indices (2015 = 100)","7005","May","6125","Value","","98.567475","X","Figure from external organization","base year is 2015"
"CP","Consumer Price Indices","702","Singapore","2014","2014","23013","Consumer Prices, Food Indices (2015 = 100)","7006","June","6125","Value","","98.458067","X","Figure from external organization","base year is 2015"
"CP","Consumer Price Indices","702","Singapore","2014","2014","23013","Consumer Prices, Food Indices (2015 = 100)","7007","July","6125","Value","","98.66445","X","Figure from external organization","base year is 2015"
"CP","Consumer Price Indices","702","Singapore","2014","2014","23013","Consumer Prices, Food Indices (2015 = 100)","7008","August","6125","Value","","98.921806","X","Figure from external organization","base year is 2015"
"CP","Consumer Price Indices","702","Singapore","2014","2014","23013","Consumer Prices, Food Indices (2015 = 100)","7009","September","6125","Value","","99.128188","X","Figure from external organization","base year is 2015"
"CP","Consumer Price Indices","702","Singapore","2014","2014","23013","Consumer Prices, Food Indices (2015 = 100)","7010","October","6125","Value","","99.325868","X","Figure from external organization","base year is 2015"
"CP","Consumer Price Indices","702","Singapore","2014","2014","23013","Consumer Prices, Food Indices (2015 = 100)","7011","November","6125","Value","","99.60436","X","Figure from external organization","base year is 2015"
"CP","Consumer Price Indices","702","Singapore","2014","2014","23013","Consumer Prices, Food Indices (2015 = 100)","7012","December","6125","Value","","99.800796","X","Figure from external organization","base year is 2015"
"CP","Consumer Price Indices","702","Singapore","2015","2015","23013","Consumer Prices, Food Indices (2015 = 100)","7001","January","6125","Value","","100.382645","X","Figure from external organization","base year is 2015"
"CP","Consumer Price Indices","702","Singapore","2015","2015","23013","Consumer Prices, Food Indices (2015 = 100)","7002","February","6125","Value","","100.964494","X","Figure from external organization","base year is 2015"
"CP","Consumer Price Indices","702","Singapore","2015","2015","23013","Consumer Prices, Food Indices (2015 = 100)","7003","March","6125","Value","","99.850527","X","Figure from external organization","base year is 2015"
"CP","Consumer Price Indices","702","Singapore","2015","2015","23013","Consumer Prices, Food Indices (2015 = 100)","7004","April","6125","Value","","99.788363","X","Figure from external organization","base year is 2015"
"CP","Consumer Price Indices","702","Singapore","2015","2015","23013","Consumer Prices, Food Indices (2015 = 100)","7005","May","6125","Value","","99.572035","X","Figure from external organization","base year is 2015"
"CP","Consumer Price Indices","702","Singapore","2015","2015","23013","Consumer Prices, Food Indices (2015 = 100)","7006","June","6125","Value","","99.534737","X","Figure from external organization","base year is 2015"
"CP","Consumer Price Indices","702","Singapore","2015","2015","23013","Consumer Prices, Food Indices (2015 = 100)","7007","July","6125","Value","","99.513601","X","Figure from external organization","base year is 2015"
"CP","Consumer Price Indices","702","Singapore","2015","2015","23013","Consumer Prices, Food Indices (2015 = 100)","7008","August","6125","Value","","99.727443","X","Figure from external organization","base year is 2015"
"CP","Consumer Price Indices","702","Singapore","2015","2015","23013","Consumer Prices, Food Indices (2015 = 100)","7009","September","6125","Value","","99.951231","X","Figure from external organization","base year is 2015"
"CP","Consumer Price Indices","702","Singapore","2015","2015","23013","Consumer Prices, Food Indices (2015 = 100)","7010","October","6125","Value","","100.29313","X","Figure from external organization","base year is 2015"
"CP","Consumer Price Indices","702","Singapore","2015","2015","23013","Consumer Prices, Food Indices (2015 = 100)","7011","November","6125","Value","","100.096693","X","Figure from external organization","base year is 2015"
"CP","Consumer Price Indices","702","Singapore","2015","2015","23013","Consumer Prices, Food Indices (2015 = 100)","7012","December","6125","Value","","100.335401","X","Figure from external organization","base year is 2015"
"CP","Consumer Price Indices","702","Singapore","2016","2016","23013","Consumer Prices, Food Indices (2015 = 100)","7001","January","6125","Value","","101.930513","X","Figure from external organization","base year is 2015"
"CP","Consumer Price Indices","702","Singapore","2016","2016","23013","Consumer Prices, Food Indices (2015 = 100)","7002","February","6125","Value","","102.578255","X","Figure from external organization","base year is 2015"
"CP","Consumer Price Indices","702","Singapore","2016","2016","23013","Consumer Prices, Food Indices (2015 = 100)","7003","March","6125","Value","","102.174193","X","Figure from external organization","base year is 2015"
"CP","Consumer Price Indices","702","Singapore","2016","2016","23013","Consumer Prices, Food Indices (2015 = 100)","7004","April","6125","Value","","102.30225","X","Figure from external organization","base year is 2015"
"CP","Consumer Price Indices","702","Singapore","2016","2016","23013","Consumer Prices, Food Indices (2015 = 100)","7005","May","6125","Value","","102.181653","X","Figure from external organization","base year is 2015"
"CP","Consumer Price Indices","702","Singapore","2016","2016","23013","Consumer Prices, Food Indices (2015 = 100)","7006","June","6125","Value","","102.184139","X","Figure from external organization","base year is 2015"
"CP","Consumer Price Indices","702","Singapore","2016","2016","23013","Consumer Prices, Food Indices (2015 = 100)","7007","July","6125","Value","","102.273655","X","Figure from external organization","base year is 2015"
"CP","Consumer Price Indices","702","Singapore","2016","2016","23013","Consumer Prices, Food Indices (2015 = 100)","7008","August","6125","Value","","101.988946","X","Figure from external organization","base year is 2015"
"CP","Consumer Price Indices","702","Singapore","2016","2016","23013","Consumer Prices, Food Indices (2015 = 100)","7009","September","6125","Value","","102.599391","X","Figure from external organization","base year is 2015"
"CP","Consumer Price Indices","702","Singapore","2016","2016","23013","Consumer Prices, Food Indices (2015 = 100)","7010","October","6125","Value","","102.404198","X","Figure from external organization","base year is 2015"
"CP","Consumer Price Indices","702","Singapore","2016","2016","23013","Consumer Prices, Food Indices (2015 = 100)","7011","November","6125","Value","","102.517335","X","Figure from external organization","base year is 2015"
"CP","Consumer Price Indices","702","Singapore","2016","2016","23013","Consumer Prices, Food Indices (2015 = 100)","7012","December","6125","Value","","102.756042","X","Figure from external organization","base year is 2015"
"CP","Consumer Price Indices","702","Singapore","2017","2017","23013","Consumer Prices, Food Indices (2015 = 100)","7001","January","6125","Value","","103.9272","X","Figure from external organization","base year is 2015"
"CP","Consumer Price Indices","702","Singapore","2017","2017","23013","Consumer Prices, Food Indices (2015 = 100)","7002","February","6125","Value","","103.659898","X","Figure from external organization","base year is 2015"
"CP","Consumer Price Indices","702","Singapore","2017","2017","23013","Consumer Prices, Food Indices (2015 = 100)","7003","March","6125","Value","","103.092968","X","Figure from external organization","base year is 2015"
"CP","Consumer Price Indices","702","Singapore","2017","2017","23013","Consumer Prices, Food Indices (2015 = 100)","7004","April","6125","Value","","103.395082","X","Figure from external organization","base year is 2015"
"CP","Consumer Price Indices","702","Singapore","2017","2017","23013","Consumer Prices, Food Indices (2015 = 100)","7005","May","6125","Value","","103.600221","X","Figure from external organization","base year is 2015"
"CP","Consumer Price Indices","702","Singapore","2017","2017","23013","Consumer Prices, Food Indices (2015 = 100)","7006","June","6125","Value","","103.341621","X","Figure from external organization","base year is 2015"
"CP","Consumer Price Indices","702","Singapore","2017","2017","23013","Consumer Prices, Food Indices (2015 = 100)","7007","July","6125","Value","","103.74071","X","Figure from external organization","base year is 2015"
"CP","Consumer Price Indices","702","Singapore","2017","2017","23013","Consumer Prices, Food Indices (2015 = 100)","7008","August","6125","Value","","103.151401","X","Figure from external organization","base year is 2015"
"CP","Consumer Price Indices","702","Singapore","2017","2017","23013","Consumer Prices, Food Indices (2015 = 100)","7009","September","6125","Value","","103.712115","X","Figure from external organization","base year is 2015"
"CP","Consumer Price Indices","702","Singapore","2017","2017","23013","Consumer Prices, Food Indices (2015 = 100)","7010","October","6125","Value","","104.077635","X","Figure from external organization","base year is 2015"
"CP","Consumer Price Indices","702","Singapore","2017","2017","23013","Consumer Prices, Food Indices (2015 = 100)","7011","November","6125","Value","","104.039094","X","Figure from external organization","base year is 2015"
"CP","Consumer Price Indices","702","Singapore","2017","2017","23013","Consumer Prices, Food Indices (2015 = 100)","7012","December","6125","Value","","104.027905","X","Figure from external organization","base year is 2015"
"CP","Consumer Price Indices","702","Singapore","2018","2018","23013","Consumer Prices, Food Indices (2015 = 100)","7001","January","6125","Value","","104.666944","X","Figure from external organization","base year is 2015"
"CP","Consumer Price Indices","702","Singapore","2018","2018","23013","Consumer Prices, Food Indices (2015 = 100)","7002","February","6125","Value","","105.213982","X","Figure from external organization","base year is 2015"
"CP","Consumer Price Indices","702","Singapore","2018","2018","23013","Consumer Prices, Food Indices (2015 = 100)","7003","March","6125","Value","","104.440669","X","Figure from external organization","base year is 2015"
"CP","Consumer Price Indices","702","Singapore","2018","2018","23013","Consumer Prices, Food Indices (2015 = 100)","7004","April","6125","Value","","104.414561","X","Figure from external organization","base year is 2015"
"CP","Consumer Price Indices","702","Singapore","2018","2018","23013","Consumer Prices, Food Indices (2015 = 100)","7005","May","6125","Value","","104.550077","X","Figure from external organization","base year is 2015"
"CP","Consumer Price Indices","702","Singapore","2018","2018","23013","Consumer Prices, Food Indices (2015 = 100)","7006","June","6125","Value","","104.961598","X","Figure from external organization","base year is 2015"
"CP","Consumer Price Indices","702","Singapore","2018","2018","23013","Consumer Prices, Food Indices (2015 = 100)","7007","July","6125","Value","","105.317173","X","Figure from external organization","base year is 2015"
"CP","Consumer Price Indices","702","Singapore","2018","2018","23013","Consumer Prices, Food Indices (2015 = 100)","7008","August","6125","Value","","104.913111","X","Figure from external organization","base year is 2015"
"CP","Consumer Price Indices","702","Singapore","2018","2018","23013","Consumer Prices, Food Indices (2015 = 100)","7009","September","6125","Value","","105.335822","X","Figure from external organization","base year is 2015"
"CP","Consumer Price Indices","702","Singapore","2018","2018","23013","Consumer Prices, Food Indices (2015 = 100)","7010","October","6125","Value","","105.37685","X","Figure from external organization","base year is 2015"
"CP","Consumer Price Indices","702","Singapore","2018","2018","23013","Consumer Prices, Food Indices (2015 = 100)","7011","November","6125","Value","","105.395499","X","Figure from external organization","base year is 2015"
"CP","Consumer Price Indices","702","Singapore","2018","2018","23013","Consumer Prices, Food Indices (2015 = 100)","7012","December","6125","Value","","105.409175","X","Figure from external organization","base year is 2015"
"CP","Consumer Price Indices","702","Singapore","2019","2019","23013","Consumer Prices, Food Indices (2015 = 100)","7001","January","6125","Value","","106.043241","X","Figure from external organization","base year is 2015"
"CP","Consumer Price Indices","702","Singapore","2019","2019","23013","Consumer Prices, Food Indices (2015 = 100)","7002","February","6125","Value","","106.219785","X","Figure from external organization","base year is 2015"
"CP","Consumer Price Indices","702","Singapore","2019","2019","23013","Consumer Prices, Food Indices (2015 = 100)","7003","March","6125","Value","","105.983564","X","Figure from external organization","base year is 2015"
"CP","Consumer Price Indices","702","Singapore","2019","2019","23013","Consumer Prices, Food Indices (2015 = 100)","7004","April","6125","Value","","105.670261","X","Figure from external organization","base year is 2015"
"CP","Consumer Price Indices","702","Singapore","2019","2019","23013","Consumer Prices, Food Indices (2015 = 100)","7005","May","6125","Value","","105.757289","X","Figure from external organization","base year is 2015"
"CP","Consumer Price Indices","702","Singapore","2019","2019","23013","Consumer Prices, Food Indices (2015 = 100)","7006","June","6125","Value","","105.780912","X","Figure from external organization","base year is 2015"
"CP","Consumer Price Indices","702","Singapore","2019","2019","23013","Consumer Prices, Food Indices (2015 = 100)","7007","July","6125","Value","","105.836859","X","Figure from external organization","base year is 2015"
"CP","Consumer Price Indices","702","Singapore","2019","2019","23013","Consumer Prices, Food Indices (2015 = 100)","7008","August","6125","Value","","106.107891","X","Figure from external organization","base year is 2015"
"CP","Consumer Price Indices","702","Singapore","2019","2019","23013","Consumer Prices, Food Indices (2015 = 100)","7009","September","6125","Value","","106.454762","X","Figure from external organization","base year is 2015"
"CP","Consumer Price Indices","702","Singapore","2019","2019","23013","Consumer Prices, Food Indices (2015 = 100)","7010","October","6125","Value","","106.785472","X","Figure from external organization","base year is 2015"
"CP","Consumer Price Indices","702","Singapore","2019","2019","23013","Consumer Prices, Food Indices (2015 = 100)","7011","November","6125","Value","","106.69347","X","Figure from external organization","base year is 2015"
"CP","Consumer Price Indices","702","Singapore","2019","2019","23013","Consumer Prices, Food Indices (2015 = 100)","7012","December","6125","Value","","106.881203","X","Figure from external organization","base year is 2015"
"CP","Consumer Price Indices","702","Singapore","2020","2020","23013","Consumer Prices, Food Indices (2015 = 100)","7001","January","6125","Value","","107.936737","X","Figure from external organization","base year is 2015"
"CP","Consumer Price Indices","702","Singapore","2020","2020","23013","Consumer Prices, Food Indices (2015 = 100)","7002","February","6125","Value","","108.134417","X","Figure from external organization","base year is 2015"
"CP","Consumer Price Indices","702","Singapore","2020","2020","23013","Consumer Prices, Food Indices (2015 = 100)","7003","March","6125","Value","","107.63338","X","Figure from external organization","base year is 2015"
"CP","Consumer Price Indices","702","Singapore","2020","2020","23013","Consumer Prices, Food Indices (2015 = 100)","7004","April","6125","Value","","109.344116","X","Figure from external organization","base year is 2015"
"CP","Consumer Price Indices","702","Singapore","2020","2020","23013","Consumer Prices, Food Indices (2015 = 100)","7005","May","6125","Value","","109.917262","X","Figure from external organization","base year is 2015"
"CP","Consumer Price Indices","702","Singapore","2020","2020","23013","Consumer Prices, Food Indices (2015 = 100)","7006","June","6125","Value","","110.398406","X","Figure from external organization","base year is 2015"
"CP","Consumer Price Indices","702","Singapore","2020","2020","23013","Consumer Prices, Food Indices (2015 = 100)","7007","July","6125","Value","","110.027913","X","Figure from external organization","base year is 2015"
"CP","Consumer Price Indices","702","Singapore","2020","2020","23013","Consumer Prices, Food Indices (2015 = 100)","7008","August","6125","Value","","109.531849","X","Figure from external organization","base year is 2015"
"CP","Consumer Price Indices","702","Singapore","2020","2020","23013","Consumer Prices, Food Indices (2015 = 100)","7009","September","6125","Value","","109.749421","X","Figure from external organization","base year is 2015"
"CP","Consumer Price Indices","702","Singapore","2020","2020","23013","Consumer Prices, Food Indices (2015 = 100)","7010","October","6125","Value","","109.418712","X","Figure from external organization","base year is 2015"
"CP","Consumer Price Indices","702","Singapore","2020","2020","23013","Consumer Prices, Food Indices (2015 = 100)","7011","November","6125","Value","","109.482118","X","Figure from external organization","base year is 2015"
"CP","Consumer Price Indices","702","Singapore","2020","2020","23013","Consumer Prices, Food Indices (2015 = 100)","7012","December","6125","Value","","109.304331","X","Figure from external organization","base year is 2015"
"CP","Consumer Price Indices","702","Singapore","2021","2021","23013","Consumer Prices, Food Indices (2015 = 100)","7001","January","6125","Value","","110.100022","X","Figure from external organization","base year is 2015"
"CP","Consumer Price Indices","702","Singapore","2021","2021","23013","Consumer Prices, Food Indices (2015 = 100)","7002","February","6125","Value","","110.884524","X","Figure from external organization","base year is 2015"
"CP","Consumer Price Indices","702","Singapore","2021","2021","23013","Consumer Prices, Food Indices (2015 = 100)","7003","March","6125","Value","","109.948344","X","Figure from external organization","base year is 2015"
"CP","Consumer Price Indices","702","Singapore","2021","2021","23013","Consumer Prices, Food Indices (2015 = 100)","7004","April","6125","Value","","109.971966","X","Figure from external organization","base year is 2015"
"CP","Consumer Price Indices","702","Singapore","2021","2021","23013","Consumer Prices, Food Indices (2015 = 100)","7005","May","6125","Value","","110.604789","X","Figure from external organization","base year is 2015"
"CP","Consumer Price Indices","702","Singapore","2021","2021","23013","Consumer Prices, Food Indices (2015 = 100)","7006","June","6125","Value","","110.533922","X","Figure from external organization","base year is 2015"
"CP","Consumer Price Indices","702","Singapore","2021","2021","23013","Consumer Prices, Food Indices (2015 = 100)","7007","July","6125","Value","","110.792522","X","Figure from external organization","base year is 2015"
"CP","Consumer Price Indices","702","Singapore","2021","2021","23013","Consumer Prices, Food Indices (2015 = 100)","7008","August","6125","Value","","111.036202","X","Figure from external organization","base year is 2015"
"CP","Consumer Price Indices","702","Singapore","2021","2021","23013","Consumer Prices, Food Indices (2015 = 100)","7009","September","6125","Value","","111.486265","X","Figure from external organization","base year is 2015"
"CP","Consumer Price Indices","702","Singapore","2021","2021","23013","Consumer Prices, Food Indices (2015 = 100)","7010","October","6125","Value","","111.675242","X","Figure from external organization","base year is 2015"
"CP","Consumer Price Indices","702","Singapore","2021","2021","23013","Consumer Prices, Food Indices (2015 = 100)","7011","November","6125","Value","","112.219793","X","Figure from external organization","base year is 2015"
"CP","Consumer Price Indices","702","Singapore","2021","2021","23013","Consumer Prices, Food Indices (2015 = 100)","7012","December","6125","Value","","112.516934","X","Figure from external organization","base year is 2015"
"CP","Consumer Price Indices","702","Singapore","2022","2022","23013","Consumer Prices, Food Indices (2015 = 100)","7001","January","6125","Value","","113.941718","X","Figure from external organization","base year is 2015"
"CP","Consumer Price Indices","702","Singapore","2022","2022","23013","Consumer Prices, Food Indices (2015 = 100)","7002","February","6125","Value","","113.112459","X","Figure from external organization","base year is 2015"
"CP","Consumer Price Indices","702","Singapore","2022","2022","23013","Consumer Prices, Food Indices (2015 = 100)","7003","March","6125","Value","","113.793769","X","Figure from external organization","base year is 2015"
"CP","Consumer Price Indices","702","Singapore","2022","2022","23013","Consumer Prices, Food Indices (2015 = 100)","7004","April","6125","Value","","114.872925","X","Figure from external organization","base year is 2015"
"CP","Consumer Price Indices","702","Singapore","2022","2022","23013","Consumer Prices, Food Indices (2015 = 100)","7005","May","6125","Value","","115.489586","X","Figure from external organization","base year is 2015"
"CP","Consumer Price Indices","702","Singapore","2022","2022","23013","Consumer Prices, Food Indices (2015 = 100)","7006","June","6125","Value","","116.714204","X","Figure from external organization","base year is 2015"
"CP","Consumer Price Indices","702","Singapore","2022","2022","23013","Consumer Prices, Food Indices (2015 = 100)","7007","July","6125","Value","","117.456435","X","Figure from external organization","base year is 2015"
"CP","Consumer Price Indices","702","Singapore","2022","2022","23013","Consumer Prices, Food Indices (2015 = 100)","7008","August","6125","Value","","117.997256","X","Figure from external organization","base year is 2015"
"CP","Consumer Price Indices","702","Singapore","2022","2022","23013","Consumer Prices, Food Indices (2015 = 100)","7009","September","6125","Value","","119.057763","X","Figure from external organization","base year is 2015"
"CP","Consumer Price Indices","702","Singapore","2022","2022","23013","Consumer Prices, Food Indices (2015 = 100)","7010","October","6125","Value","","119.275335","X","Figure from external organization","base year is 2015"
"CP","Consumer Price Indices","702","Singapore","2022","2022","23013","Consumer Prices, Food Indices (2015 = 100)","7011","November","6125","Value","","119.736587","X","Figure from external organization","base year is 2015"
"CP","Consumer Price Indices","702","Singapore","2022","2022","23013","Consumer Prices, Food Indices (2015 = 100)","7012","December","6125","Value","","120.455195","X","Figure from external organization","base year is 2015"
"CP","Consumer Price Indices","702","Singapore","2023","2023","23013","Consumer Prices, Food Indices (2015 = 100)","7001","January","6125","Value","","122.133606","X","Figure from external organization","base year is 2015"
"CP","Consumer Price Indices","702","Singapore","2023","2023","23013","Consumer Prices, Food Indices (2015 = 100)","7002","February","6125","Value","","121.520676","X","Figure from external organization","base year is 2015"
"CP","Consumer Price Indices","702","Singapore","2023","2023","23013","Consumer Prices, Food Indices (2015 = 100)","7003","March","6125","Value","","122.175877","X","Figure from external organization","base year is 2015"
"CP","Consumer Price Indices","702","Singapore","2023","2023","23013","Consumer Prices, Food Indices (2015 = 100)","7004","April","6125","Value","","122.243014","X","Figure from external organization","base year is 2015"
"CP","Consumer Price Indices","702","Singapore","2023","2023","23013","Consumer Prices, Food Indices (2015 = 100)","7005","May","6125","Value","","123.158059","X","Figure from external organization","base year is 2015"
"CP","Consumer Price Indices","702","Singapore","2023","2023","23013","Consumer Prices, Food Indices (2015 = 100)","7006","June","6125","Value","","122.664481","X","Figure from external organization","base year is 2015"
"CP","Consumer Price Indices","702","Singapore","2023","2023","23013","Consumer Prices, Food Indices (2015 = 100)","7007","July","6125","Value","","122.879567","X","Figure from external organization","base year is 2015"
"CP","Consumer Price Indices","702","Singapore","2023","2023","23013","Consumer Prices, Food Indices (2015 = 100)","7008","August","6125","Value","","123.202816","X","Figure from external organization","base year is 2015"
"CP","Consumer Price Indices","702","Singapore","2023","2023","23013","Consumer Prices, Food Indices (2015 = 100)","7009","September","6125","Value","","123.199086","X","Figure from external organization","base year is 2015"
"CP","Consumer Price Indices","702","Singapore","2023","2023","23013","Consumer Prices, Food Indices (2015 = 100)","7010","October","6125","Value","","123.332116","X","Figure from external organization","base year is 2015"
"CP","Consumer Price Indices","702","Singapore","2023","2023","23013","Consumer Prices, Food Indices (2015 = 100)","7011","November","6125","Value","","123.932614","X","Figure from external organization","base year is 2015"
"CP","Consumer Price Indices","702","Singapore","2023","2023","23013","Consumer Prices, Food Indices (2015 = 100)","7012","December","6125","Value","","123.425361","X","Figure from external organization","base year is 2015"
"CP","Consumer Price Indices","702","Singapore","2024","2024","23013","Consumer Prices, Food Indices (2015 = 100)","7001","January","6125","Value","","123.44401","X","Figure from external organization","base year is 2015"
"CP","Consumer Price Indices","702","Singapore","2024","2024","23013","Consumer Prices, Food Indices (2015 = 100)","7002","February","6125","Value","","124.575383","X","Figure from external organization","base year is 2015"
"CP","Consumer Price Indices","702","Singapore","2024","2024","23013","Consumer Prices, Food Indices (2015 = 100)","7003","March","6125","Value","","123.804558","X","Figure from external organization","base year is 2015"
"CP","Consumer Price Indices","702","Singapore","2024","2024","23013","Consumer Prices, Food Indices (2015 = 100)","7004","April","6125","Value","","123.227682","X","Figure from external organization","base year is 2015"
"CP","Consumer Price Indices","702","Singapore","2024","2024","23013","Consumer Prices, Food Indices (2015 = 100)","7005","May","6125","Value","","123.962453","X","Figure from external organization","base year is 2015"
"CP","Consumer Price Indices","702","Singapore","2024","2024","23013","Consumer Prices, Food Indices (2015 = 100)","7006","June","6125","Value","","123.830666","X","Figure from external organization","base year is 2015"
"CP","Consumer Price Indices","702","Singapore","2024","2024","23013","Consumer Prices, Food Indices (2015 = 100)","7007","July","6125","Value","","123.992291","X","Figure from external organization","base year is 2015"
"CP","Consumer Price Indices","702","Singapore","2024","2024","23013","Consumer Prices, Food Indices (2015 = 100)","7008","August","6125","Value","","124.223539","X","Figure from external organization","base year is 2015"
"CP","Consumer Price Indices","702","Singapore","2024","2024","23013","Consumer Prices, Food Indices (2015 = 100)","7009","September","6125","Value","","125.185828","X","Figure from external organization","base year is 2015"
"CP","Consumer Price Indices","702","Singapore","2024","2024","23013","Consumer Prices, Food Indices (2015 = 100)","7010","October","6125","Value","","125.226855","X","Figure from external organization","base year is 2015"
"CP","Consumer Price Indices","702","Singapore","2024","2024","23013","Consumer Prices, Food Indices (2015 = 100)","7011","November","6125","Value","","125.188314","X","Figure from external organization","base year is 2015"
"CP","Consumer Price Indices","702","Singapore","2024","2024","23013","Consumer Prices, Food Indices (2015 = 100)","7012","December","6125","Value","","125.261667","X","Figure from external organization","base year is 2015"
"CP","Consumer Price Indices","702","Singapore","2025","2025","23013","Consumer Prices, Food Indices (2015 = 100)","7001","January","6125","Value","","126.071034","X","Figure from external organization","base year is 2015"
"CP","Consumer Price Indices","702","Singapore","2025","2025","23013","Consumer Prices, Food Indices (2015 = 100)","7002","February","6125","Value","","125.846002","X","Figure from external organization","base year is 2015"
"CP","Consumer Price Indices","702","Singapore","2025","2025","23013","Consumer Prices, Food Indices (2015 = 100)","7003","March","6125","Value","","125.741568","X","Figure from external organization","base year is 2015"
"CP","Consumer Price Indices","702","Singapore","2025","2025","23013","Consumer Prices, Food Indices (2015 = 100)","7004","April","6125","Value","","125.908166","X","Figure from external organization","base year is 2015"
"CP","Consumer Price Indices","702","Singapore","2025","2025","23013","Consumer Prices, Food Indices (2015 = 100)","7005","May","6125","Value","","125.063987","X","Figure from external organization","base year is 2015"
"CP","Consumer Price Indices","702","Singapore","2025","2025","23013","Consumer Prices, Food Indices (2015 = 100)","7006","June","6125","Value","","124.804145","X","Figure from external organization","base year is 2015"
"CP","Consumer Price Indices","702","Singapore","2025","2025","23013","Consumer Prices, Food Indices (2015 = 100)","7007","July","6125","Value","","125.223126","X","Figure from external organization","base year is 2015"
"CP","Consumer Price Indices","702","Singapore","2025","2025","23013","Consumer Prices, Food Indices (2015 = 100)","7008","August","6125","Value","","125.296478","X","Figure from external organization","base year is 2015"
"CP","Consumer Price Indices","702","Singapore","2025","2025","23013","Consumer Prices, Food Indices (2015 = 100)","7009","September","6125","Value","","125.469293","X","Figure from external organization","base year is 2015"
"CP","Consumer Price Indices","764","Thailand","2000","2000","23013","Consumer Prices, Food Indices (2015 = 100)","7001","January","6125","Value","","53.130204","A","Official figure","base year is 2015"
"CP","Consumer Price Indices","764","Thailand","2000","2000","23013","Consumer Prices, Food Indices (2015 = 100)","7002","February","6125","Value","","53.338967","A","Official figure","base year is 2015"
"CP","Consumer Price Indices","764","Thailand","2000","2000","23013","Consumer Prices, Food Indices (2015 = 100)","7003","March","6125","Value","","53.234586","A","Official figure","base year is 2015"
"CP","Consumer Price Indices","764","Thailand","2000","2000","23013","Consumer Prices, Food Indices (2015 = 100)","7004","April","6125","Value","","52.921441","A","Official figure","base year is 2015"
"CP","Consumer Price Indices","764","Thailand","2000","2000","23013","Consumer Prices, Food Indices (2015 = 100)","7005","May","6125","Value","","52.712678","A","Official figure","base year is 2015"
"CP","Consumer Price Indices","764","Thailand","2000","2000","23013","Consumer Prices, Food Indices (2015 = 100)","7006","June","6125","Value","","52.608296","A","Official figure","base year is 2015"
"CP","Consumer Price Indices","764","Thailand","2000","2000","23013","Consumer Prices, Food Indices (2015 = 100)","7007","July","6125","Value","","52.608296","A","Official figure","base year is 2015"
"CP","Consumer Price Indices","764","Thailand","2000","2000","23013","Consumer Prices, Food Indices (2015 = 100)","7008","August","6125","Value","","53.234586","A","Official figure","base year is 2015"
"CP","Consumer Price Indices","764","Thailand","2000","2000","23013","Consumer Prices, Food Indices (2015 = 100)","7009","September","6125","Value","","53.338967","A","Official figure","base year is 2015"
"CP","Consumer Price Indices","764","Thailand","2000","2000","23013","Consumer Prices, Food Indices (2015 = 100)","7010","October","6125","Value","","52.608296","A","Official figure","base year is 2015"
"CP","Consumer Price Indices","764","Thailand","2000","2000","23013","Consumer Prices, Food Indices (2015 = 100)","7011","November","6125","Value","","52.712678","A","Official figure","base year is 2015"
"CP","Consumer Price Indices","764","Thailand","2000","2000","23013","Consumer Prices, Food Indices (2015 = 100)","7012","December","6125","Value","","52.608296","A","Official figure","base year is 2015"
"CP","Consumer Price Indices","764","Thailand","2001","2001","23013","Consumer Prices, Food Indices (2015 = 100)","7001","January","6125","Value","","52.921441","A","Official figure","base year is 2015"
"CP","Consumer Price Indices","764","Thailand","2001","2001","23013","Consumer Prices, Food Indices (2015 = 100)","7002","February","6125","Value","","53.025823","A","Official figure","base year is 2015"
"CP","Consumer Price Indices","764","Thailand","2001","2001","23013","Consumer Prices, Food Indices (2015 = 100)","7003","March","6125","Value","","53.130204","A","Official figure","base year is 2015"
"CP","Consumer Price Indices","764","Thailand","2001","2001","23013","Consumer Prices, Food Indices (2015 = 100)","7004","April","6125","Value","","53.443349","A","Official figure","base year is 2015"
"CP","Consumer Price Indices","764","Thailand","2001","2001","23013","Consumer Prices, Food Indices (2015 = 100)","7005","May","6125","Value","","53.443349","A","Official figure","base year is 2015"
"CP","Consumer Price Indices","764","Thailand","2001","2001","23013","Consumer Prices, Food Indices (2015 = 100)","7006","June","6125","Value","","53.234586","A","Official figure","base year is 2015"
"CP","Consumer Price Indices","764","Thailand","2001","2001","23013","Consumer Prices, Food Indices (2015 = 100)","7007","July","6125","Value","","53.54773","A","Official figure","base year is 2015"
"CP","Consumer Price Indices","764","Thailand","2001","2001","23013","Consumer Prices, Food Indices (2015 = 100)","7008","August","6125","Value","","53.652112","A","Official figure","base year is 2015"
"CP","Consumer Price Indices","764","Thailand","2001","2001","23013","Consumer Prices, Food Indices (2015 = 100)","7009","September","6125","Value","","53.338967","A","Official figure","base year is 2015"
"CP","Consumer Price Indices","764","Thailand","2001","2001","23013","Consumer Prices, Food Indices (2015 = 100)","7010","October","6125","Value","","53.234586","A","Official figure","base year is 2015"
"CP","Consumer Price Indices","764","Thailand","2001","2001","23013","Consumer Prices, Food Indices (2015 = 100)","7011","November","6125","Value","","53.338967","A","Official figure","base year is 2015"
"CP","Consumer Price Indices","764","Thailand","2001","2001","23013","Consumer Prices, Food Indices (2015 = 100)","7012","December","6125","Value","","53.025823","A","Official figure","base year is 2015"
"CP","Consumer Price Indices","764","Thailand","2002","2002","23013","Consumer Prices, Food Indices (2015 = 100)","7001","January","6125","Value","","53.234586","A","Official figure","base year is 2015"
"CP","Consumer Price Indices","764","Thailand","2002","2002","23013","Consumer Prices, Food Indices (2015 = 100)","7002","February","6125","Value","","53.234586","A","Official figure","base year is 2015"
"CP","Consumer Price Indices","764","Thailand","2002","2002","23013","Consumer Prices, Food Indices (2015 = 100)","7003","March","6125","Value","","53.234586","A","Official figure","base year is 2015"
"CP","Consumer Price Indices","764","Thailand","2002","2002","23013","Consumer Prices, Food Indices (2015 = 100)","7004","April","6125","Value","","53.338967","A","Official figure","base year is 2015"
"CP","Consumer Price Indices","764","Thailand","2002","2002","23013","Consumer Prices, Food Indices (2015 = 100)","7005","May","6125","Value","","53.234586","A","Official figure","base year is 2015"
"CP","Consumer Price Indices","764","Thailand","2002","2002","23013","Consumer Prices, Food Indices (2015 = 100)","7006","June","6125","Value","","53.443349","A","Official figure","base year is 2015"
"CP","Consumer Price Indices","764","Thailand","2002","2002","23013","Consumer Prices, Food Indices (2015 = 100)","7007","July","6125","Value","","53.443349","A","Official figure","base year is 2015"
"CP","Consumer Price Indices","764","Thailand","2002","2002","23013","Consumer Prices, Food Indices (2015 = 100)","7008","August","6125","Value","","53.443349","A","Official figure","base year is 2015"
"CP","Consumer Price Indices","764","Thailand","2002","2002","23013","Consumer Prices, Food Indices (2015 = 100)","7009","September","6125","Value","","53.756493","A","Official figure","base year is 2015"
"CP","Consumer Price Indices","764","Thailand","2002","2002","23013","Consumer Prices, Food Indices (2015 = 100)","7010","October","6125","Value","","53.965256","A","Official figure","base year is 2015"
"CP","Consumer Price Indices","764","Thailand","2002","2002","23013","Consumer Prices, Food Indices (2015 = 100)","7011","November","6125","Value","","53.756493","A","Official figure","base year is 2015"
"CP","Consumer Price Indices","764","Thailand","2002","2002","23013","Consumer Prices, Food Indices (2015 = 100)","7012","December","6125","Value","","53.756493","A","Official figure","base year is 2015"
"CP","Consumer Price Indices","764","Thailand","2003","2003","23013","Consumer Prices, Food Indices (2015 = 100)","7001","January","6125","Value","","54.487164","A","Official figure","base year is 2015"
"CP","Consumer Price Indices","764","Thailand","2003","2003","23013","Consumer Prices, Food Indices (2015 = 100)","7002","February","6125","Value","","54.069638","A","Official figure","base year is 2015"
"CP","Consumer Price Indices","764","Thailand","2003","2003","23013","Consumer Prices, Food Indices (2015 = 100)","7003","March","6125","Value","","54.278401","A","Official figure","base year is 2015"
"CP","Consumer Price Indices","764","Thailand","2003","2003","23013","Consumer Prices, Food Indices (2015 = 100)","7004","April","6125","Value","","54.800309","A","Official figure","base year is 2015"
"CP","Consumer Price Indices","764","Thailand","2003","2003","23013","Consumer Prices, Food Indices (2015 = 100)","7005","May","6125","Value","","55.844124","A","Official figure","base year is 2015"
"CP","Consumer Price Indices","764","Thailand","2003","2003","23013","Consumer Prices, Food Indices (2015 = 100)","7006","June","6125","Value","","55.948506","A","Official figure","base year is 2015"
"CP","Consumer Price Indices","764","Thailand","2003","2003","23013","Consumer Prices, Food Indices (2015 = 100)","7007","July","6125","Value","","55.739743","A","Official figure","base year is 2015"
"CP","Consumer Price Indices","764","Thailand","2003","2003","23013","Consumer Prices, Food Indices (2015 = 100)","7008","August","6125","Value","","55.948506","A","Official figure","base year is 2015"
"CP","Consumer Price Indices","764","Thailand","2003","2003","23013","Consumer Prices, Food Indices (2015 = 100)","7009","September","6125","Value","","56.052887","A","Official figure","base year is 2015"
"CP","Consumer Price Indices","764","Thailand","2003","2003","23013","Consumer Prices, Food Indices (2015 = 100)","7010","October","6125","Value","","56.157269","A","Official figure","base year is 2015"
"CP","Consumer Price Indices","764","Thailand","2003","2003","23013","Consumer Prices, Food Indices (2015 = 100)","7011","November","6125","Value","","56.157269","A","Official figure","base year is 2015"
"CP","Consumer Price Indices","764","Thailand","2003","2003","23013","Consumer Prices, Food Indices (2015 = 100)","7012","December","6125","Value","","56.052887","A","Official figure","base year is 2015"
"CP","Consumer Price Indices","764","Thailand","2004","2004","23013","Consumer Prices, Food Indices (2015 = 100)","7001","January","6125","Value","","56.26165","A","Official figure","base year is 2015"
"CP","Consumer Price Indices","764","Thailand","2004","2004","23013","Consumer Prices, Food Indices (2015 = 100)","7002","February","6125","Value","","57.096703","A","Official figure","base year is 2015"
"CP","Consumer Price Indices","764","Thailand","2004","2004","23013","Consumer Prices, Food Indices (2015 = 100)","7003","March","6125","Value","","57.409847","A","Official figure","base year is 2015"
"CP","Consumer Price Indices","764","Thailand","2004","2004","23013","Consumer Prices, Food Indices (2015 = 100)","7004","April","6125","Value","","58.349281","A","Official figure","base year is 2015"
"CP","Consumer Price Indices","764","Thailand","2004","2004","23013","Consumer Prices, Food Indices (2015 = 100)","7005","May","6125","Value","","58.349281","A","Official figure","base year is 2015"
"CP","Consumer Price Indices","764","Thailand","2004","2004","23013","Consumer Prices, Food Indices (2015 = 100)","7006","June","6125","Value","","58.349281","A","Official figure","base year is 2015"
"CP","Consumer Price Indices","764","Thailand","2004","2004","23013","Consumer Prices, Food Indices (2015 = 100)","7007","July","6125","Value","","58.349281","A","Official figure","base year is 2015"
"CP","Consumer Price Indices","764","Thailand","2004","2004","23013","Consumer Prices, Food Indices (2015 = 100)","7008","August","6125","Value","","58.453663","A","Official figure","base year is 2015"
"CP","Consumer Price Indices","764","Thailand","2004","2004","23013","Consumer Prices, Food Indices (2015 = 100)","7009","September","6125","Value","","58.453663","A","Official figure","base year is 2015"
"CP","Consumer Price Indices","764","Thailand","2004","2004","23013","Consumer Prices, Food Indices (2015 = 100)","7010","October","6125","Value","","58.349281","A","Official figure","base year is 2015"
"CP","Consumer Price Indices","764","Thailand","2004","2004","23013","Consumer Prices, Food Indices (2015 = 100)","7011","November","6125","Value","","57.827373","A","Official figure","base year is 2015"
"CP","Consumer Price Indices","764","Thailand","2004","2004","23013","Consumer Prices, Food Indices (2015 = 100)","7012","December","6125","Value","","58.349281","A","Official figure","base year is 2015"
"CP","Consumer Price Indices","764","Thailand","2005","2005","23013","Consumer Prices, Food Indices (2015 = 100)","7001","January","6125","Value","","58.766807","A","Official figure","base year is 2015"
"CP","Consumer Price Indices","764","Thailand","2005","2005","23013","Consumer Prices, Food Indices (2015 = 100)","7002","February","6125","Value","","59.288715","A","Official figure","base year is 2015"
"CP","Consumer Price Indices","764","Thailand","2005","2005","23013","Consumer Prices, Food Indices (2015 = 100)","7003","March","6125","Value","","59.706241","A","Official figure","base year is 2015"
"CP","Consumer Price Indices","764","Thailand","2005","2005","23013","Consumer Prices, Food Indices (2015 = 100)","7004","April","6125","Value","","60.436912","A","Official figure","base year is 2015"
"CP","Consumer Price Indices","764","Thailand","2005","2005","23013","Consumer Prices, Food Indices (2015 = 100)","7005","May","6125","Value","","60.541293","A","Official figure","base year is 2015"
"CP","Consumer Price Indices","764","Thailand","2005","2005","23013","Consumer Prices, Food Indices (2015 = 100)","7006","June","6125","Value","","60.541293","A","Official figure","base year is 2015"
"CP","Consumer Price Indices","764","Thailand","2005","2005","23013","Consumer Prices, Food Indices (2015 = 100)","7007","July","6125","Value","","60.750057","A","Official figure","base year is 2015"
"CP","Consumer Price Indices","764","Thailand","2005","2005","23013","Consumer Prices, Food Indices (2015 = 100)","7008","August","6125","Value","","61.585109","A","Official figure","base year is 2015"
"CP","Consumer Price Indices","764","Thailand","2005","2005","23013","Consumer Prices, Food Indices (2015 = 100)","7009","September","6125","Value","","62.420161","A","Official figure","base year is 2015"
"CP","Consumer Price Indices","764","Thailand","2005","2005","23013","Consumer Prices, Food Indices (2015 = 100)","7010","October","6125","Value","","62.420161","A","Official figure","base year is 2015"
"CP","Consumer Price Indices","764","Thailand","2005","2005","23013","Consumer Prices, Food Indices (2015 = 100)","7011","November","6125","Value","","61.898253","A","Official figure","base year is 2015"
"CP","Consumer Price Indices","764","Thailand","2005","2005","23013","Consumer Prices, Food Indices (2015 = 100)","7012","December","6125","Value","","61.585109","A","Official figure","base year is 2015"
"CP","Consumer Price Indices","764","Thailand","2006","2006","23013","Consumer Prices, Food Indices (2015 = 100)","7001","January","6125","Value","","61.167583","A","Official figure","base year is 2015"
"CP","Consumer Price Indices","764","Thailand","2006","2006","23013","Consumer Prices, Food Indices (2015 = 100)","7002","February","6125","Value","","61.167583","A","Official figure","base year is 2015"
"CP","Consumer Price Indices","764","Thailand","2006","2006","23013","Consumer Prices, Food Indices (2015 = 100)","7003","March","6125","Value","","62.524543","A","Official figure","base year is 2015"
"CP","Consumer Price Indices","764","Thailand","2006","2006","23013","Consumer Prices, Food Indices (2015 = 100)","7004","April","6125","Value","","63.67274","A","Official figure","base year is 2015"
"CP","Consumer Price Indices","764","Thailand","2006","2006","23013","Consumer Prices, Food Indices (2015 = 100)","7005","May","6125","Value","","63.985884","A","Official figure","base year is 2015"
"CP","Consumer Price Indices","764","Thailand","2006","2006","23013","Consumer Prices, Food Indices (2015 = 100)","7006","June","6125","Value","","63.255214","A","Official figure","base year is 2015"
"CP","Consumer Price Indices","764","Thailand","2006","2006","23013","Consumer Prices, Food Indices (2015 = 100)","7007","July","6125","Value","","63.359595","A","Official figure","base year is 2015"
"CP","Consumer Price Indices","764","Thailand","2006","2006","23013","Consumer Prices, Food Indices (2015 = 100)","7008","August","6125","Value","","63.359595","A","Official figure","base year is 2015"
"CP","Consumer Price Indices","764","Thailand","2006","2006","23013","Consumer Prices, Food Indices (2015 = 100)","7009","September","6125","Value","","64.090266","A","Official figure","base year is 2015"
"CP","Consumer Price Indices","764","Thailand","2006","2006","23013","Consumer Prices, Food Indices (2015 = 100)","7010","October","6125","Value","","65.551607","A","Official figure","base year is 2015"
"CP","Consumer Price Indices","764","Thailand","2006","2006","23013","Consumer Prices, Food Indices (2015 = 100)","7011","November","6125","Value","","65.551607","A","Official figure","base year is 2015"
"CP","Consumer Price Indices","764","Thailand","2006","2006","23013","Consumer Prices, Food Indices (2015 = 100)","7012","December","6125","Value","","65.342844","A","Official figure","base year is 2015"
"CP","Consumer Price Indices","764","Thailand","2007","2007","23013","Consumer Prices, Food Indices (2015 = 100)","7001","January","6125","Value","","65.0297","A","Official figure","base year is 2015"
"CP","Consumer Price Indices","764","Thailand","2007","2007","23013","Consumer Prices, Food Indices (2015 = 100)","7002","February","6125","Value","","64.40341","A","Official figure","base year is 2015"
"CP","Consumer Price Indices","764","Thailand","2007","2007","23013","Consumer Prices, Food Indices (2015 = 100)","7003","March","6125","Value","","64.820937","A","Official figure","base year is 2015"
"CP","Consumer Price Indices","764","Thailand","2007","2007","23013","Consumer Prices, Food Indices (2015 = 100)","7004","April","6125","Value","","65.76037","A","Official figure","base year is 2015"
"CP","Consumer Price Indices","764","Thailand","2007","2007","23013","Consumer Prices, Food Indices (2015 = 100)","7005","May","6125","Value","","66.38666","A","Official figure","base year is 2015"
"CP","Consumer Price Indices","764","Thailand","2007","2007","23013","Consumer Prices, Food Indices (2015 = 100)","7006","June","6125","Value","","66.595423","A","Official figure","base year is 2015"
"CP","Consumer Price Indices","764","Thailand","2007","2007","23013","Consumer Prices, Food Indices (2015 = 100)","7007","July","6125","Value","","66.595423","A","Official figure","base year is 2015"
"CP","Consumer Price Indices","764","Thailand","2007","2007","23013","Consumer Prices, Food Indices (2015 = 100)","7008","August","6125","Value","","66.177897","A","Official figure","base year is 2015"
"CP","Consumer Price Indices","764","Thailand","2007","2007","23013","Consumer Prices, Food Indices (2015 = 100)","7009","September","6125","Value","","66.491041","A","Official figure","base year is 2015"
"CP","Consumer Price Indices","764","Thailand","2007","2007","23013","Consumer Prices, Food Indices (2015 = 100)","7010","October","6125","Value","","67.430475","A","Official figure","base year is 2015"
"CP","Consumer Price Indices","764","Thailand","2007","2007","23013","Consumer Prices, Food Indices (2015 = 100)","7011","November","6125","Value","","67.221712","A","Official figure","base year is 2015"
"CP","Consumer Price Indices","764","Thailand","2007","2007","23013","Consumer Prices, Food Indices (2015 = 100)","7012","December","6125","Value","","67.117331","A","Official figure","base year is 2015"
"CP","Consumer Price Indices","764","Thailand","2008","2008","23013","Consumer Prices, Food Indices (2015 = 100)","7001","January","6125","Value","","68.161146","A","Official figure","base year is 2015"
"CP","Consumer Price Indices","764","Thailand","2008","2008","23013","Consumer Prices, Food Indices (2015 = 100)","7002","February","6125","Value","","69.518106","A","Official figure","base year is 2015"
"CP","Consumer Price Indices","764","Thailand","2008","2008","23013","Consumer Prices, Food Indices (2015 = 100)","7003","March","6125","Value","","69.935632","A","Official figure","base year is 2015"
"CP","Consumer Price Indices","764","Thailand","2008","2008","23013","Consumer Prices, Food Indices (2015 = 100)","7004","April","6125","Value","","72.336408","A","Official figure","base year is 2015"
"CP","Consumer Price Indices","764","Thailand","2008","2008","23013","Consumer Prices, Food Indices (2015 = 100)","7005","May","6125","Value","","74.215275","A","Official figure","base year is 2015"
"CP","Consumer Price Indices","764","Thailand","2008","2008","23013","Consumer Prices, Food Indices (2015 = 100)","7006","June","6125","Value","","74.215275","A","Official figure","base year is 2015"
"CP","Consumer Price Indices","764","Thailand","2008","2008","23013","Consumer Prices, Food Indices (2015 = 100)","7007","July","6125","Value","","74.424038","A","Official figure","base year is 2015"
"CP","Consumer Price Indices","764","Thailand","2008","2008","23013","Consumer Prices, Food Indices (2015 = 100)","7008","August","6125","Value","","75.572235","A","Official figure","base year is 2015"
"CP","Consumer Price Indices","764","Thailand","2008","2008","23013","Consumer Prices, Food Indices (2015 = 100)","7009","September","6125","Value","","77.033577","A","Official figure","base year is 2015"
"CP","Consumer Price Indices","764","Thailand","2008","2008","23013","Consumer Prices, Food Indices (2015 = 100)","7010","October","6125","Value","","76.824814","A","Official figure","base year is 2015"
"CP","Consumer Price Indices","764","Thailand","2008","2008","23013","Consumer Prices, Food Indices (2015 = 100)","7011","November","6125","Value","","77.555485","A","Official figure","base year is 2015"
"CP","Consumer Price Indices","764","Thailand","2008","2008","23013","Consumer Prices, Food Indices (2015 = 100)","7012","December","6125","Value","","76.302906","A","Official figure","base year is 2015"
"CP","Consumer Price Indices","764","Thailand","2009","2009","23013","Consumer Prices, Food Indices (2015 = 100)","7001","January","6125","Value","","76.094143","A","Official figure","base year is 2015"
"CP","Consumer Price Indices","764","Thailand","2009","2009","23013","Consumer Prices, Food Indices (2015 = 100)","7002","February","6125","Value","","75.780998","A","Official figure","base year is 2015"
"CP","Consumer Price Indices","764","Thailand","2009","2009","23013","Consumer Prices, Food Indices (2015 = 100)","7003","March","6125","Value","","76.302906","A","Official figure","base year is 2015"
"CP","Consumer Price Indices","764","Thailand","2009","2009","23013","Consumer Prices, Food Indices (2015 = 100)","7004","April","6125","Value","","77.346721","A","Official figure","base year is 2015"
"CP","Consumer Price Indices","764","Thailand","2009","2009","23013","Consumer Prices, Food Indices (2015 = 100)","7005","May","6125","Value","","77.451103","A","Official figure","base year is 2015"
"CP","Consumer Price Indices","764","Thailand","2009","2009","23013","Consumer Prices, Food Indices (2015 = 100)","7006","June","6125","Value","","77.033577","A","Official figure","base year is 2015"
"CP","Consumer Price Indices","764","Thailand","2009","2009","23013","Consumer Prices, Food Indices (2015 = 100)","7007","July","6125","Value","","76.824814","A","Official figure","base year is 2015"
"CP","Consumer Price Indices","764","Thailand","2009","2009","23013","Consumer Prices, Food Indices (2015 = 100)","7008","August","6125","Value","","76.720432","A","Official figure","base year is 2015"
"CP","Consumer Price Indices","764","Thailand","2009","2009","23013","Consumer Prices, Food Indices (2015 = 100)","7009","September","6125","Value","","77.555485","A","Official figure","base year is 2015"
"CP","Consumer Price Indices","764","Thailand","2009","2009","23013","Consumer Prices, Food Indices (2015 = 100)","7010","October","6125","Value","","77.973011","A","Official figure","base year is 2015"
"CP","Consumer Price Indices","764","Thailand","2009","2009","23013","Consumer Prices, Food Indices (2015 = 100)","7011","November","6125","Value","","77.973011","A","Official figure","base year is 2015"
"CP","Consumer Price Indices","764","Thailand","2009","2009","23013","Consumer Prices, Food Indices (2015 = 100)","7012","December","6125","Value","","77.973011","A","Official figure","base year is 2015"
"CP","Consumer Price Indices","764","Thailand","2010","2010","23013","Consumer Prices, Food Indices (2015 = 100)","7001","January","6125","Value","","78.588862","A","Official figure","base year is 2015"
"CP","Consumer Price Indices","764","Thailand","2010","2010","23013","Consumer Prices, Food Indices (2015 = 100)","7002","February","6125","Value","","79.684868","A","Official figure","base year is 2015"
"CP","Consumer Price Indices","764","Thailand","2010","2010","23013","Consumer Prices, Food Indices (2015 = 100)","7003","March","6125","Value","","79.737059","A","Official figure","base year is 2015"
"CP","Consumer Price Indices","764","Thailand","2010","2010","23013","Consumer Prices, Food Indices (2015 = 100)","7004","April","6125","Value","","80.165023","A","Official figure","base year is 2015"
"CP","Consumer Price Indices","764","Thailand","2010","2010","23013","Consumer Prices, Food Indices (2015 = 100)","7005","May","6125","Value","","80.937446","A","Official figure","base year is 2015"
"CP","Consumer Price Indices","764","Thailand","2010","2010","23013","Consumer Prices, Food Indices (2015 = 100)","7006","June","6125","Value","","81.762061","A","Official figure","base year is 2015"
"CP","Consumer Price Indices","764","Thailand","2010","2010","23013","Consumer Prices, Food Indices (2015 = 100)","7007","July","6125","Value","","82.054329","A","Official figure","base year is 2015"
"CP","Consumer Price Indices","764","Thailand","2010","2010","23013","Consumer Prices, Food Indices (2015 = 100)","7008","August","6125","Value","","82.450979","A","Official figure","base year is 2015"
"CP","Consumer Price Indices","764","Thailand","2010","2010","23013","Consumer Prices, Food Indices (2015 = 100)","7009","September","6125","Value","","82.67018","A","Official figure","base year is 2015"
"CP","Consumer Price Indices","764","Thailand","2010","2010","23013","Consumer Prices, Food Indices (2015 = 100)","7010","October","6125","Value","","82.346597","A","Official figure","base year is 2015"
"CP","Consumer Price Indices","764","Thailand","2010","2010","23013","Consumer Prices, Food Indices (2015 = 100)","7011","November","6125","Value","","82.534484","A","Official figure","base year is 2015"
"CP","Consumer Price Indices","764","Thailand","2010","2010","23013","Consumer Prices, Food Indices (2015 = 100)","7012","December","6125","Value","","82.367474","A","Official figure","base year is 2015"
"CP","Consumer Price Indices","764","Thailand","2011","2011","23013","Consumer Prices, Food Indices (2015 = 100)","7001","January","6125","Value","","83.260878","X","Figure from external organization","base year is 2015"
"CP","Consumer Price Indices","764","Thailand","2011","2011","23013","Consumer Prices, Food Indices (2015 = 100)","7002","February","6125","Value","","83.787346","X","Figure from external organization","base year is 2015"
"CP","Consumer Price Indices","764","Thailand","2011","2011","23013","Consumer Prices, Food Indices (2015 = 100)","7003","March","6125","Value","","84.419107","X","Figure from external organization","base year is 2015"
"CP","Consumer Price Indices","764","Thailand","2011","2011","23013","Consumer Prices, Food Indices (2015 = 100)","7004","April","6125","Value","","87.06022","X","Figure from external organization","base year is 2015"
"CP","Consumer Price Indices","764","Thailand","2011","2011","23013","Consumer Prices, Food Indices (2015 = 100)","7005","May","6125","Value","","87.727079","X","Figure from external organization","base year is 2015"
"CP","Consumer Price Indices","764","Thailand","2011","2011","23013","Consumer Prices, Food Indices (2015 = 100)","7006","June","6125","Value","","88.104381","X","Figure from external organization","base year is 2015"
"CP","Consumer Price Indices","764","Thailand","2011","2011","23013","Consumer Prices, Food Indices (2015 = 100)","7007","July","6125","Value","","87.937667","X","Figure from external organization","base year is 2015"
"CP","Consumer Price Indices","764","Thailand","2011","2011","23013","Consumer Prices, Food Indices (2015 = 100)","7008","August","6125","Value","","89.403002","X","Figure from external organization","base year is 2015"
"CP","Consumer Price Indices","764","Thailand","2011","2011","23013","Consumer Prices, Food Indices (2015 = 100)","7009","September","6125","Value","","89.982116","X","Figure from external organization","base year is 2015"
"CP","Consumer Price Indices","764","Thailand","2011","2011","23013","Consumer Prices, Food Indices (2015 = 100)","7010","October","6125","Value","","90.473486","X","Figure from external organization","base year is 2015"
"CP","Consumer Price Indices","764","Thailand","2011","2011","23013","Consumer Prices, Food Indices (2015 = 100)","7011","November","6125","Value","","90.956082","X","Figure from external organization","base year is 2015"
"CP","Consumer Price Indices","764","Thailand","2011","2011","23013","Consumer Prices, Food Indices (2015 = 100)","7012","December","6125","Value","","89.859274","X","Figure from external organization","base year is 2015"
"CP","Consumer Price Indices","764","Thailand","2012","2012","23013","Consumer Prices, Food Indices (2015 = 100)","7001","January","6125","Value","","89.67501","X","Figure from external organization","base year is 2015"
"CP","Consumer Price Indices","764","Thailand","2012","2012","23013","Consumer Prices, Food Indices (2015 = 100)","7002","February","6125","Value","","89.806627","X","Figure from external organization","base year is 2015"
"CP","Consumer Price Indices","764","Thailand","2012","2012","23013","Consumer Prices, Food Indices (2015 = 100)","7003","March","6125","Value","","90.394516","X","Figure from external organization","base year is 2015"
"CP","Consumer Price Indices","764","Thailand","2012","2012","23013","Consumer Prices, Food Indices (2015 = 100)","7004","April","6125","Value","","90.982405","X","Figure from external organization","base year is 2015"
"CP","Consumer Price Indices","764","Thailand","2012","2012","23013","Consumer Prices, Food Indices (2015 = 100)","7005","May","6125","Value","","92.263477","X","Figure from external organization","base year is 2015"
"CP","Consumer Price Indices","764","Thailand","2012","2012","23013","Consumer Prices, Food Indices (2015 = 100)","7006","June","6125","Value","","92.263477","X","Figure from external organization","base year is 2015"
"CP","Consumer Price Indices","764","Thailand","2012","2012","23013","Consumer Prices, Food Indices (2015 = 100)","7007","July","6125","Value","","92.7022","X","Figure from external organization","base year is 2015"
"CP","Consumer Price Indices","764","Thailand","2012","2012","23013","Consumer Prices, Food Indices (2015 = 100)","7008","August","6125","Value","","92.991757","X","Figure from external organization","base year is 2015"
"CP","Consumer Price Indices","764","Thailand","2012","2012","23013","Consumer Prices, Food Indices (2015 = 100)","7009","September","6125","Value","","93.281314","X","Figure from external organization","base year is 2015"
"CP","Consumer Price Indices","764","Thailand","2012","2012","23013","Consumer Prices, Food Indices (2015 = 100)","7010","October","6125","Value","","93.500676","X","Figure from external organization","base year is 2015"
"CP","Consumer Price Indices","764","Thailand","2012","2012","23013","Consumer Prices, Food Indices (2015 = 100)","7011","November","6125","Value","","92.7022","X","Figure from external organization","base year is 2015"
"CP","Consumer Price Indices","764","Thailand","2012","2012","23013","Consumer Prices, Food Indices (2015 = 100)","7012","December","6125","Value","","93.456804","X","Figure from external organization","base year is 2015"
"CP","Consumer Price Indices","764","Thailand","2013","2013","23013","Consumer Prices, Food Indices (2015 = 100)","7001","January","6125","Value","","93.526999","X","Figure from external organization","base year is 2015"
"CP","Consumer Price Indices","764","Thailand","2013","2013","23013","Consumer Prices, Food Indices (2015 = 100)","7002","February","6125","Value","","93.456804","X","Figure from external organization","base year is 2015"
"CP","Consumer Price Indices","764","Thailand","2013","2013","23013","Consumer Prices, Food Indices (2015 = 100)","7003","March","6125","Value","","93.702489","X","Figure from external organization","base year is 2015"
"CP","Consumer Price Indices","764","Thailand","2013","2013","23013","Consumer Prices, Food Indices (2015 = 100)","7004","April","6125","Value","","94.755424","X","Figure from external organization","base year is 2015"
"CP","Consumer Price Indices","764","Thailand","2013","2013","23013","Consumer Prices, Food Indices (2015 = 100)","7005","May","6125","Value","","95.580224","X","Figure from external organization","base year is 2015"
"CP","Consumer Price Indices","764","Thailand","2013","2013","23013","Consumer Prices, Food Indices (2015 = 100)","7006","June","6125","Value","","95.510028","X","Figure from external organization","base year is 2015"
"CP","Consumer Price Indices","764","Thailand","2013","2013","23013","Consumer Prices, Food Indices (2015 = 100)","7007","July","6125","Value","","95.308215","X","Figure from external organization","base year is 2015"
"CP","Consumer Price Indices","764","Thailand","2013","2013","23013","Consumer Prices, Food Indices (2015 = 100)","7008","August","6125","Value","","95.457381","X","Figure from external organization","base year is 2015"
"CP","Consumer Price Indices","764","Thailand","2013","2013","23013","Consumer Prices, Food Indices (2015 = 100)","7009","September","6125","Value","","95.606547","X","Figure from external organization","base year is 2015"
"CP","Consumer Price Indices","764","Thailand","2013","2013","23013","Consumer Prices, Food Indices (2015 = 100)","7010","October","6125","Value","","96.185662","X","Figure from external organization","base year is 2015"
"CP","Consumer Price Indices","764","Thailand","2013","2013","23013","Consumer Prices, Food Indices (2015 = 100)","7011","November","6125","Value","","96.273406","X","Figure from external organization","base year is 2015"
"CP","Consumer Price Indices","764","Thailand","2013","2013","23013","Consumer Prices, Food Indices (2015 = 100)","7012","December","6125","Value","","96.273406","X","Figure from external organization","base year is 2015"
"CP","Consumer Price Indices","764","Thailand","2014","2014","23013","Consumer Prices, Food Indices (2015 = 100)","7001","January","6125","Value","","96.913942","X","Figure from external organization","base year is 2015"
"CP","Consumer Price Indices","764","Thailand","2014","2014","23013","Consumer Prices, Food Indices (2015 = 100)","7002","February","6125","Value","","97.44041","X","Figure from external organization","base year is 2015"
"CP","Consumer Price Indices","764","Thailand","2014","2014","23013","Consumer Prices, Food Indices (2015 = 100)","7003","March","6125","Value","","97.879133","X","Figure from external organization","base year is 2015"
"CP","Consumer Price Indices","764","Thailand","2014","2014","23013","Consumer Prices, Food Indices (2015 = 100)","7004","April","6125","Value","","99.125107","X","Figure from external organization","base year is 2015"
"CP","Consumer Price Indices","764","Thailand","2014","2014","23013","Consumer Prices, Food Indices (2015 = 100)","7005","May","6125","Value","","99.774417","X","Figure from external organization","base year is 2015"
"CP","Consumer Price Indices","764","Thailand","2014","2014","23013","Consumer Prices, Food Indices (2015 = 100)","7006","June","6125","Value","","99.467311","X","Figure from external organization","base year is 2015"
"CP","Consumer Price Indices","764","Thailand","2014","2014","23013","Consumer Prices, Food Indices (2015 = 100)","7007","July","6125","Value","","99.291821","X","Figure from external organization","base year is 2015"
"CP","Consumer Price Indices","764","Thailand","2014","2014","23013","Consumer Prices, Food Indices (2015 = 100)","7008","August","6125","Value","","99.212851","X","Figure from external organization","base year is 2015"
"CP","Consumer Price Indices","764","Thailand","2014","2014","23013","Consumer Prices, Food Indices (2015 = 100)","7009","September","6125","Value","","99.291821","X","Figure from external organization","base year is 2015"
"CP","Consumer Price Indices","764","Thailand","2014","2014","23013","Consumer Prices, Food Indices (2015 = 100)","7010","October","6125","Value","","99.30937","X","Figure from external organization","base year is 2015"
"CP","Consumer Price Indices","764","Thailand","2014","2014","23013","Consumer Prices, Food Indices (2015 = 100)","7011","November","6125","Value","","99.528732","X","Figure from external organization","base year is 2015"
"CP","Consumer Price Indices","764","Thailand","2014","2014","23013","Consumer Prices, Food Indices (2015 = 100)","7012","December","6125","Value","","99.318145","X","Figure from external organization","base year is 2015"
"CP","Consumer Price Indices","764","Thailand","2015","2015","23013","Consumer Prices, Food Indices (2015 = 100)","7001","January","6125","Value","","99.177753","X","Figure from external organization","base year is 2015"
"CP","Consumer Price Indices","764","Thailand","2015","2015","23013","Consumer Prices, Food Indices (2015 = 100)","7002","February","6125","Value","","99.116332","X","Figure from external organization","base year is 2015"
"CP","Consumer Price Indices","764","Thailand","2015","2015","23013","Consumer Prices, Food Indices (2015 = 100)","7003","March","6125","Value","","99.098783","X","Figure from external organization","base year is 2015"
"CP","Consumer Price Indices","764","Thailand","2015","2015","23013","Consumer Prices, Food Indices (2015 = 100)","7004","April","6125","Value","","99.72177","X","Figure from external organization","base year is 2015"
"CP","Consumer Price Indices","764","Thailand","2015","2015","23013","Consumer Prices, Food Indices (2015 = 100)","7005","May","6125","Value","","99.87971","X","Figure from external organization","base year is 2015"
"CP","Consumer Price Indices","764","Thailand","2015","2015","23013","Consumer Prices, Food Indices (2015 = 100)","7006","June","6125","Value","","99.97623","X","Figure from external organization","base year is 2015"
"CP","Consumer Price Indices","764","Thailand","2015","2015","23013","Consumer Prices, Food Indices (2015 = 100)","7007","July","6125","Value","","100.388629","X","Figure from external organization","base year is 2015"
"CP","Consumer Price Indices","764","Thailand","2015","2015","23013","Consumer Prices, Food Indices (2015 = 100)","7008","August","6125","Value","","100.476374","X","Figure from external organization","base year is 2015"
"CP","Consumer Price Indices","764","Thailand","2015","2015","23013","Consumer Prices, Food Indices (2015 = 100)","7009","September","6125","Value","","100.590442","X","Figure from external organization","base year is 2015"
"CP","Consumer Price Indices","764","Thailand","2015","2015","23013","Consumer Prices, Food Indices (2015 = 100)","7010","October","6125","Value","","101.046714","X","Figure from external organization","base year is 2015"
"CP","Consumer Price Indices","764","Thailand","2015","2015","23013","Consumer Prices, Food Indices (2015 = 100)","7011","November","6125","Value","","100.406178","X","Figure from external organization","base year is 2015"
"CP","Consumer Price Indices","764","Thailand","2015","2015","23013","Consumer Prices, Food Indices (2015 = 100)","7012","December","6125","Value","","100.142944","X","Figure from external organization","base year is 2015"
"CP","Consumer Price Indices","764","Thailand","2016","2016","23013","Consumer Prices, Food Indices (2015 = 100)","7001","January","6125","Value","","99.985004","X","Figure from external organization","base year is 2015"
"CP","Consumer Price Indices","764","Thailand","2016","2016","23013","Consumer Prices, Food Indices (2015 = 100)","7002","February","6125","Value","","100.362306","X","Figure from external organization","base year is 2015"
"CP","Consumer Price Indices","764","Thailand","2016","2016","23013","Consumer Prices, Food Indices (2015 = 100)","7003","March","6125","Value","","100.0552","X","Figure from external organization","base year is 2015"
"CP","Consumer Price Indices","764","Thailand","2016","2016","23013","Consumer Prices, Food Indices (2015 = 100)","7004","April","6125","Value","","101.283624","X","Figure from external organization","base year is 2015"
"CP","Consumer Price Indices","764","Thailand","2016","2016","23013","Consumer Prices, Food Indices (2015 = 100)","7005","May","6125","Value","","102.845479","X","Figure from external organization","base year is 2015"
"CP","Consumer Price Indices","764","Thailand","2016","2016","23013","Consumer Prices, Food Indices (2015 = 100)","7006","June","6125","Value","","102.775283","X","Figure from external organization","base year is 2015"
"CP","Consumer Price Indices","764","Thailand","2016","2016","23013","Consumer Prices, Food Indices (2015 = 100)","7007","July","6125","Value","","102.222492","X","Figure from external organization","base year is 2015"
"CP","Consumer Price Indices","764","Thailand","2016","2016","23013","Consumer Prices, Food Indices (2015 = 100)","7008","August","6125","Value","","102.362883","X","Figure from external organization","base year is 2015"
"CP","Consumer Price Indices","764","Thailand","2016","2016","23013","Consumer Prices, Food Indices (2015 = 100)","7009","September","6125","Value","","102.073326","X","Figure from external organization","base year is 2015"
"CP","Consumer Price Indices","764","Thailand","2016","2016","23013","Consumer Prices, Food Indices (2015 = 100)","7010","October","6125","Value","","101.950484","X","Figure from external organization","base year is 2015"
"CP","Consumer Price Indices","764","Thailand","2016","2016","23013","Consumer Prices, Food Indices (2015 = 100)","7011","November","6125","Value","","101.906611","X","Figure from external organization","base year is 2015"
"CP","Consumer Price Indices","764","Thailand","2016","2016","23013","Consumer Prices, Food Indices (2015 = 100)","7012","December","6125","Value","","101.502986","X","Figure from external organization","base year is 2015"
"CP","Consumer Price Indices","764","Thailand","2017","2017","23013","Consumer Prices, Food Indices (2015 = 100)","7001","January","6125","Value","","101.512832","X","Figure from external organization","base year is 2015"
"CP","Consumer Price Indices","764","Thailand","2017","2017","23013","Consumer Prices, Food Indices (2015 = 100)","7002","February","6125","Value","","101.362828","X","Figure from external organization","base year is 2015"
"CP","Consumer Price Indices","764","Thailand","2017","2017","23013","Consumer Prices, Food Indices (2015 = 100)","7003","March","6125","Value","","100.73281","X","Figure from external organization","base year is 2015"
"CP","Consumer Price Indices","764","Thailand","2017","2017","23013","Consumer Prices, Food Indices (2015 = 100)","7004","April","6125","Value","","101.022818","X","Figure from external organization","base year is 2015"
"CP","Consumer Price Indices","764","Thailand","2017","2017","23013","Consumer Prices, Food Indices (2015 = 100)","7005","May","6125","Value","","101.42283","X","Figure from external organization","base year is 2015"
"CP","Consumer Price Indices","764","Thailand","2017","2017","23013","Consumer Prices, Food Indices (2015 = 100)","7006","June","6125","Value","","102.052847","X","Figure from external organization","base year is 2015"
"CP","Consumer Price Indices","764","Thailand","2017","2017","23013","Consumer Prices, Food Indices (2015 = 100)","7007","July","6125","Value","","101.662836","X","Figure from external organization","base year is 2015"
"CP","Consumer Price Indices","764","Thailand","2017","2017","23013","Consumer Prices, Food Indices (2015 = 100)","7008","August","6125","Value","","101.42283","X","Figure from external organization","base year is 2015"
"CP","Consumer Price Indices","764","Thailand","2017","2017","23013","Consumer Prices, Food Indices (2015 = 100)","7009","September","6125","Value","","102.132849","X","Figure from external organization","base year is 2015"
"CP","Consumer Price Indices","764","Thailand","2017","2017","23013","Consumer Prices, Food Indices (2015 = 100)","7010","October","6125","Value","","102.362856","X","Figure from external organization","base year is 2015"
"CP","Consumer Price Indices","764","Thailand","2017","2017","23013","Consumer Prices, Food Indices (2015 = 100)","7011","November","6125","Value","","101.932844","X","Figure from external organization","base year is 2015"
"CP","Consumer Price Indices","764","Thailand","2017","2017","23013","Consumer Prices, Food Indices (2015 = 100)","7012","December","6125","Value","","101.702837","X","Figure from external organization","base year is 2015"
"CP","Consumer Price Indices","764","Thailand","2018","2018","23013","Consumer Prices, Food Indices (2015 = 100)","7001","January","6125","Value","","101.602835","X","Figure from external organization","base year is 2015"
"CP","Consumer Price Indices","764","Thailand","2018","2018","23013","Consumer Prices, Food Indices (2015 = 100)","7002","February","6125","Value","","101.202823","X","Figure from external organization","base year is 2015"
"CP","Consumer Price Indices","764","Thailand","2018","2018","23013","Consumer Prices, Food Indices (2015 = 100)","7003","March","6125","Value","","100.922816","X","Figure from external organization","base year is 2015"
"CP","Consumer Price Indices","764","Thailand","2018","2018","23013","Consumer Prices, Food Indices (2015 = 100)","7004","April","6125","Value","","101.712838","X","Figure from external organization","base year is 2015"
"CP","Consumer Price Indices","764","Thailand","2018","2018","23013","Consumer Prices, Food Indices (2015 = 100)","7005","May","6125","Value","","102.17285","X","Figure from external organization","base year is 2015"
"CP","Consumer Price Indices","764","Thailand","2018","2018","23013","Consumer Prices, Food Indices (2015 = 100)","7006","June","6125","Value","","102.022846","X","Figure from external organization","base year is 2015"
"CP","Consumer Price Indices","764","Thailand","2018","2018","23013","Consumer Prices, Food Indices (2015 = 100)","7007","July","6125","Value","","101.679787","X","Figure from external organization","base year is 2015"
"CP","Consumer Price Indices","764","Thailand","2018","2018","23013","Consumer Prices, Food Indices (2015 = 100)","7008","August","6125","Value","","102.202851","X","Figure from external organization","base year is 2015"
"CP","Consumer Price Indices","764","Thailand","2018","2018","23013","Consumer Prices, Food Indices (2015 = 100)","7009","September","6125","Value","","102.492859","X","Figure from external organization","base year is 2015"
"CP","Consumer Price Indices","764","Thailand","2018","2018","23013","Consumer Prices, Food Indices (2015 = 100)","7010","October","6125","Value","","102.632863","X","Figure from external organization","base year is 2015"
"CP","Consumer Price Indices","764","Thailand","2018","2018","23013","Consumer Prices, Food Indices (2015 = 100)","7011","November","6125","Value","","102.992873","X","Figure from external organization","base year is 2015"
"CP","Consumer Price Indices","764","Thailand","2018","2018","23013","Consumer Prices, Food Indices (2015 = 100)","7012","December","6125","Value","","102.622863","X","Figure from external organization","base year is 2015"
"CP","Consumer Price Indices","764","Thailand","2019","2019","23013","Consumer Prices, Food Indices (2015 = 100)","7001","January","6125","Value","","102.962873","X","Figure from external organization","base year is 2015"
"CP","Consumer Price Indices","764","Thailand","2019","2019","23013","Consumer Prices, Food Indices (2015 = 100)","7002","February","6125","Value","","103.112877","X","Figure from external organization","base year is 2015"
"CP","Consumer Price Indices","764","Thailand","2019","2019","23013","Consumer Prices, Food Indices (2015 = 100)","7003","March","6125","Value","","103.322883","X","Figure from external organization","base year is 2015"
"CP","Consumer Price Indices","764","Thailand","2019","2019","23013","Consumer Prices, Food Indices (2015 = 100)","7004","April","6125","Value","","103.9529","X","Figure from external organization","base year is 2015"
"CP","Consumer Price Indices","764","Thailand","2019","2019","23013","Consumer Prices, Food Indices (2015 = 100)","7005","May","6125","Value","","105.062931","X","Figure from external organization","base year is 2015"
"CP","Consumer Price Indices","764","Thailand","2019","2019","23013","Consumer Prices, Food Indices (2015 = 100)","7006","June","6125","Value","","105.202935","X","Figure from external organization","base year is 2015"
"CP","Consumer Price Indices","764","Thailand","2019","2019","23013","Consumer Prices, Food Indices (2015 = 100)","7007","July","6125","Value","","105.212935","X","Figure from external organization","base year is 2015"
"CP","Consumer Price Indices","764","Thailand","2019","2019","23013","Consumer Prices, Food Indices (2015 = 100)","7008","August","6125","Value","","104.892926","X","Figure from external organization","base year is 2015"
"CP","Consumer Price Indices","764","Thailand","2019","2019","23013","Consumer Prices, Food Indices (2015 = 100)","7009","September","6125","Value","","105.02293","X","Figure from external organization","base year is 2015"
"CP","Consumer Price Indices","764","Thailand","2019","2019","23013","Consumer Prices, Food Indices (2015 = 100)","7010","October","6125","Value","","104.912927","X","Figure from external organization","base year is 2015"
"CP","Consumer Price Indices","764","Thailand","2019","2019","23013","Consumer Prices, Food Indices (2015 = 100)","7011","November","6125","Value","","104.542917","X","Figure from external organization","base year is 2015"
"CP","Consumer Price Indices","764","Thailand","2019","2019","23013","Consumer Prices, Food Indices (2015 = 100)","7012","December","6125","Value","","104.402913","X","Figure from external organization","base year is 2015"
"CP","Consumer Price Indices","764","Thailand","2020","2020","23013","Consumer Prices, Food Indices (2015 = 100)","7001","January","6125","Value","","104.832925","X","Figure from external organization","base year is 2015"
"CP","Consumer Price Indices","764","Thailand","2020","2020","23013","Consumer Prices, Food Indices (2015 = 100)","7002","February","6125","Value","","105.212935","X","Figure from external organization","base year is 2015"
"CP","Consumer Price Indices","764","Thailand","2020","2020","23013","Consumer Prices, Food Indices (2015 = 100)","7003","March","6125","Value","","104.952928","X","Figure from external organization","base year is 2015"
"CP","Consumer Price Indices","764","Thailand","2020","2020","23013","Consumer Prices, Food Indices (2015 = 100)","7004","April","6125","Value","","105.03293","X","Figure from external organization","base year is 2015"
"CP","Consumer Price Indices","764","Thailand","2020","2020","23013","Consumer Prices, Food Indices (2015 = 100)","7005","May","6125","Value","","105.052931","X","Figure from external organization","base year is 2015"
"CP","Consumer Price Indices","764","Thailand","2020","2020","23013","Consumer Prices, Food Indices (2015 = 100)","7006","June","6125","Value","","105.262937","X","Figure from external organization","base year is 2015"
"CP","Consumer Price Indices","764","Thailand","2020","2020","23013","Consumer Prices, Food Indices (2015 = 100)","7007","July","6125","Value","","105.792951","X","Figure from external organization","base year is 2015"
"CP","Consumer Price Indices","764","Thailand","2020","2020","23013","Consumer Prices, Food Indices (2015 = 100)","7008","August","6125","Value","","106.592974","X","Figure from external organization","base year is 2015"
"CP","Consumer Price Indices","764","Thailand","2020","2020","23013","Consumer Prices, Food Indices (2015 = 100)","7009","September","6125","Value","","106.512972","X","Figure from external organization","base year is 2015"
"CP","Consumer Price Indices","764","Thailand","2020","2020","23013","Consumer Prices, Food Indices (2015 = 100)","7010","October","6125","Value","","106.562973","X","Figure from external organization","base year is 2015"
"CP","Consumer Price Indices","764","Thailand","2020","2020","23013","Consumer Prices, Food Indices (2015 = 100)","7011","November","6125","Value","","106.322966","X","Figure from external organization","base year is 2015"
"CP","Consumer Price Indices","764","Thailand","2020","2020","23013","Consumer Prices, Food Indices (2015 = 100)","7012","December","6125","Value","","105.842953","X","Figure from external organization","base year is 2015"
"CP","Consumer Price Indices","764","Thailand","2021","2021","23013","Consumer Prices, Food Indices (2015 = 100)","7001","January","6125","Value","","105.435794","X","Figure from external organization","base year is 2015"
"CP","Consumer Price Indices","764","Thailand","2021","2021","23013","Consumer Prices, Food Indices (2015 = 100)","7002","February","6125","Value","","104.767752","X","Figure from external organization","base year is 2015"
"CP","Consumer Price Indices","764","Thailand","2021","2021","23013","Consumer Prices, Food Indices (2015 = 100)","7003","March","6125","Value","","104.684247","X","Figure from external organization","base year is 2015"
"CP","Consumer Price Indices","764","Thailand","2021","2021","23013","Consumer Prices, Food Indices (2015 = 100)","7004","April","6125","Value","","105.446232","X","Figure from external organization","base year is 2015"
"CP","Consumer Price Indices","764","Thailand","2021","2021","23013","Consumer Prices, Food Indices (2015 = 100)","7005","May","6125","Value","","105.185278","X","Figure from external organization","base year is 2015"
"CP","Consumer Price Indices","764","Thailand","2021","2021","23013","Consumer Prices, Food Indices (2015 = 100)","7006","June","6125","Value","","105.561052","X","Figure from external organization","base year is 2015"
"CP","Consumer Price Indices","764","Thailand","2021","2021","23013","Consumer Prices, Food Indices (2015 = 100)","7007","July","6125","Value","","105.28966","X","Figure from external organization","base year is 2015"
"CP","Consumer Price Indices","764","Thailand","2021","2021","23013","Consumer Prices, Food Indices (2015 = 100)","7008","August","6125","Value","","105.018268","X","Figure from external organization","base year is 2015"
"CP","Consumer Price Indices","764","Thailand","2021","2021","23013","Consumer Prices, Food Indices (2015 = 100)","7009","September","6125","Value","","105.279222","X","Figure from external organization","base year is 2015"
"CP","Consumer Price Indices","764","Thailand","2021","2021","23013","Consumer Prices, Food Indices (2015 = 100)","7010","October","6125","Value","","106.281284","X","Figure from external organization","base year is 2015"
"CP","Consumer Price Indices","764","Thailand","2021","2021","23013","Consumer Prices, Food Indices (2015 = 100)","7011","November","6125","Value","","106.782316","X","Figure from external organization","base year is 2015"
"CP","Consumer Price Indices","764","Thailand","2021","2021","23013","Consumer Prices, Food Indices (2015 = 100)","7012","December","6125","Value","","106.657058","X","Figure from external organization","base year is 2015"
"CP","Consumer Price Indices","764","Thailand","2022","2022","23013","Consumer Prices, Food Indices (2015 = 100)","7001","January","6125","Value","","107.951389","X","Figure from external organization","base year is 2015"
"CP","Consumer Price Indices","764","Thailand","2022","2022","23013","Consumer Prices, Food Indices (2015 = 100)","7002","February","6125","Value","","109.496236","X","Figure from external organization","base year is 2015"
"CP","Consumer Price Indices","764","Thailand","2022","2022","23013","Consumer Prices, Food Indices (2015 = 100)","7003","March","6125","Value","","109.454483","X","Figure from external organization","base year is 2015"
"CP","Consumer Price Indices","764","Thailand","2022","2022","23013","Consumer Prices, Food Indices (2015 = 100)","7004","April","6125","Value","","110.540051","X","Figure from external organization","base year is 2015"
"CP","Consumer Price Indices","764","Thailand","2022","2022","23013","Consumer Prices, Food Indices (2015 = 100)","7005","May","6125","Value","","111.688248","X","Figure from external organization","base year is 2015"
"CP","Consumer Price Indices","764","Thailand","2022","2022","23013","Consumer Prices, Food Indices (2015 = 100)","7006","June","6125","Value","","112.335414","X","Figure from external organization","base year is 2015"
"CP","Consumer Price Indices","764","Thailand","2022","2022","23013","Consumer Prices, Food Indices (2015 = 100)","7007","July","6125","Value","","113.734126","X","Figure from external organization","base year is 2015"
"CP","Consumer Price Indices","764","Thailand","2022","2022","23013","Consumer Prices, Food Indices (2015 = 100)","7008","August","6125","Value","","114.840571","X","Figure from external organization","base year is 2015"
"CP","Consumer Price Indices","764","Thailand","2022","2022","23013","Consumer Prices, Food Indices (2015 = 100)","7009","September","6125","Value","","115.612994","X","Figure from external organization","base year is 2015"
"CP","Consumer Price Indices","764","Thailand","2022","2022","23013","Consumer Prices, Food Indices (2015 = 100)","7010","October","6125","Value","","116.458485","X","Figure from external organization","base year is 2015"
"CP","Consumer Price Indices","764","Thailand","2022","2022","23013","Consumer Prices, Food Indices (2015 = 100)","7011","November","6125","Value","","115.74869","X","Figure from external organization","base year is 2015"
"CP","Consumer Price Indices","764","Thailand","2022","2022","23013","Consumer Prices, Food Indices (2015 = 100)","7012","December","6125","Value","","116.114026","X","Figure from external organization","base year is 2015"
"CP","Consumer Price Indices","764","Thailand","2023","2023","23013","Consumer Prices, Food Indices (2015 = 100)","7001","January","6125","Value","","116.26016","X","Figure from external organization","base year is 2015"
"CP","Consumer Price Indices","764","Thailand","2023","2023","23013","Consumer Prices, Food Indices (2015 = 100)","7002","February","6125","Value","","115.780005","X","Figure from external organization","base year is 2015"
"CP","Consumer Price Indices","764","Thailand","2023","2023","23013","Consumer Prices, Food Indices (2015 = 100)","7003","March","6125","Value","","115.164154","X","Figure from external organization","base year is 2015"
"CP","Consumer Price Indices","764","Thailand","2023","2023","23013","Consumer Prices, Food Indices (2015 = 100)","7004","April","6125","Value","","115.550365","X","Figure from external organization","base year is 2015"
"CP","Consumer Price Indices","764","Thailand","2023","2023","23013","Consumer Prices, Food Indices (2015 = 100)","7005","May","6125","Value","","116.14534","X","Figure from external organization","base year is 2015"
"CP","Consumer Price Indices","764","Thailand","2023","2023","23013","Consumer Prices, Food Indices (2015 = 100)","7006","June","6125","Value","","116.124464","X","Figure from external organization","base year is 2015"
"CP","Consumer Price Indices","764","Thailand","2023","2023","23013","Consumer Prices, Food Indices (2015 = 100)","7007","July","6125","Value","","115.425107","X","Figure from external organization","base year is 2015"
"CP","Consumer Price Indices","764","Thailand","2023","2023","23013","Consumer Prices, Food Indices (2015 = 100)","7008","August","6125","Value","","115.686061","X","Figure from external organization","base year is 2015"
"CP","Consumer Price Indices","764","Thailand","2023","2023","23013","Consumer Prices, Food Indices (2015 = 100)","7009","September","6125","Value","","115.498175","X","Figure from external organization","base year is 2015"
"CP","Consumer Price Indices","764","Thailand","2023","2023","23013","Consumer Prices, Food Indices (2015 = 100)","7010","October","6125","Value","","115.706938","X","Figure from external organization","base year is 2015"
"CP","Consumer Price Indices","764","Thailand","2023","2023","23013","Consumer Prices, Food Indices (2015 = 100)","7011","November","6125","Value","","115.97833","X","Figure from external organization","base year is 2015"
"CP","Consumer Price Indices","764","Thailand","2023","2023","23013","Consumer Prices, Food Indices (2015 = 100)","7012","December","6125","Value","","115.383355","X","Figure from external organization","base year is 2015"
"CP","Consumer Price Indices","764","Thailand","2024","2024","23013","Consumer Prices, Food Indices (2015 = 100)","7001","January","6125","Value","","115.028458","X","Figure from external organization","base year is 2015"
"CP","Consumer Price Indices","764","Thailand","2024","2024","23013","Consumer Prices, Food Indices (2015 = 100)","7002","February","6125","Value","","114.652684","X","Figure from external organization","base year is 2015"
"CP","Consumer Price Indices","764","Thailand","2024","2024","23013","Consumer Prices, Food Indices (2015 = 100)","7003","March","6125","Value","","114.50655","X","Figure from external organization","base year is 2015"
"CP","Consumer Price Indices","764","Thailand","2024","2024","23013","Consumer Prices, Food Indices (2015 = 100)","7004","April","6125","Value","","117.210032","X","Figure from external organization","base year is 2015"
"CP","Consumer Price Indices","764","Thailand","2024","2024","23013","Consumer Prices, Food Indices (2015 = 100)","7005","May","6125","Value","","119.109776","X","Figure from external organization","base year is 2015"
"CP","Consumer Price Indices","764","Thailand","2024","2024","23013","Consumer Prices, Food Indices (2015 = 100)","7006","June","6125","Value","","118.128589","X","Figure from external organization","base year is 2015"
"CP","Consumer Price Indices","764","Thailand","2024","2024","23013","Consumer Prices, Food Indices (2015 = 100)","7007","July","6125","Value","","118.368667","X","Figure from external organization","base year is 2015"
"CP","Consumer Price Indices","764","Thailand","2024","2024","23013","Consumer Prices, Food Indices (2015 = 100)","7008","August","6125","Value","","119.297663","X","Figure from external organization","base year is 2015"
"CP","Consumer Price Indices","764","Thailand","2024","2024","23013","Consumer Prices, Food Indices (2015 = 100)","7009","September","6125","Value","","118.097275","X","Figure from external organization","base year is 2015"
"CP","Consumer Price Indices","764","Thailand","2024","2024","23013","Consumer Prices, Food Indices (2015 = 100)","7010","October","6125","Value","","116.959563","X","Figure from external organization","base year is 2015"
"CP","Consumer Price Indices","764","Thailand","2024","2024","23013","Consumer Prices, Food Indices (2015 = 100)","7011","November","6125","Value","","116.47754","X","Figure from external organization","base year is 2015"
"CP","Consumer Price Indices","764","Thailand","2024","2024","23013","Consumer Prices, Food Indices (2015 = 100)","7012","December","6125","Value","","115.892225","X","Figure from external organization","base year is 2015"
"CP","Consumer Price Indices","764","Thailand","2025","2025","23013","Consumer Prices, Food Indices (2015 = 100)","7001","January","6125","Value","","116.098807","X","Figure from external organization","base year is 2015"
"CP","Consumer Price Indices","764","Thailand","2025","2025","23013","Consumer Prices, Food Indices (2015 = 100)","7002","February","6125","Value","","116.006993","X","Figure from external organization","base year is 2015"
"CP","Consumer Price Indices","764","Thailand","2025","2025","23013","Consumer Prices, Food Indices (2015 = 100)","7003","March","6125","Value","","116.225051","X","Figure from external organization","base year is 2015"
"CP","Consumer Price Indices","764","Thailand","2025","2025","23013","Consumer Prices, Food Indices (2015 = 100)","7004","April","6125","Value","","116.78925","X","Figure from external organization","base year is 2015"
"CP","Consumer Price Indices","764","Thailand","2025","2025","23013","Consumer Prices, Food Indices (2015 = 100)","7005","May","6125","Value","","117.514649","X","Figure from external organization","base year is 2015"
"CP","Consumer Price Indices","764","Thailand","2025","2025","23013","Consumer Prices, Food Indices (2015 = 100)","7006","June","6125","Value","","117.595249","X","Figure from external organization","base year is 2015"
"CP","Consumer Price Indices","764","Thailand","2025","2025","23013","Consumer Prices, Food Indices (2015 = 100)","7007","July","6125","Value","","116.86985","X","Figure from external organization","base year is 2015"
"CP","Consumer Price Indices","764","Thailand","2025","2025","23013","Consumer Prices, Food Indices (2015 = 100)","7008","August","6125","Value","","116.70865","X","Figure from external organization","base year is 2015"
"CP","Consumer Price Indices","764","Thailand","2025","2025","23013","Consumer Prices, Food Indices (2015 = 100)","7009","September","6125","Value","","116.86985","X","Figure from external organization","base year is 2015"
"CP","Consumer Price Indices","704","Viet Nam","2000","2000","23013","Consumer Prices, Food Indices (2015 = 100)","7001","January","6125","Value","","25.523371","I","Value imputed by a receiving agency","base year is 2015"
"CP","Consumer Price Indices","704","Viet Nam","2000","2000","23013","Consumer Prices, Food Indices (2015 = 100)","7002","February","6125","Value","","26.067135","I","Value imputed by a receiving agency","base year is 2015"
"CP","Consumer Price Indices","704","Viet Nam","2000","2000","23013","Consumer Prices, Food Indices (2015 = 100)","7003","March","6125","Value","","25.666178","I","Value imputed by a receiving agency","base year is 2015"
"CP","Consumer Price Indices","704","Viet Nam","2000","2000","23013","Consumer Prices, Food Indices (2015 = 100)","7004","April","6125","Value","","25.409275","I","Value imputed by a receiving agency","base year is 2015"
"CP","Consumer Price Indices","704","Viet Nam","2000","2000","23013","Consumer Prices, Food Indices (2015 = 100)","7005","May","6125","Value","","25.209927","I","Value imputed by a receiving agency","base year is 2015"
"CP","Consumer Price Indices","704","Viet Nam","2000","2000","23013","Consumer Prices, Food Indices (2015 = 100)","7006","June","6125","Value","","25.039382","I","Value imputed by a receiving agency","base year is 2015"
"CP","Consumer Price Indices","704","Viet Nam","2000","2000","23013","Consumer Prices, Food Indices (2015 = 100)","7007","July","6125","Value","","24.840793","I","Value imputed by a receiving agency","base year is 2015"
"CP","Consumer Price Indices","704","Viet Nam","2000","2000","23013","Consumer Prices, Food Indices (2015 = 100)","7008","August","6125","Value","","24.869138","I","Value imputed by a receiving agency","base year is 2015"
"CP","Consumer Price Indices","704","Viet Nam","2000","2000","23013","Consumer Prices, Food Indices (2015 = 100)","7009","September","6125","Value","","24.812457","I","Value imputed by a receiving agency","base year is 2015"
"CP","Consumer Price Indices","704","Viet Nam","2000","2000","23013","Consumer Prices, Food Indices (2015 = 100)","7010","October","6125","Value","","24.840793","I","Value imputed by a receiving agency","base year is 2015"
"CP","Consumer Price Indices","704","Viet Nam","2000","2000","23013","Consumer Prices, Food Indices (2015 = 100)","7011","November","6125","Value","","25.153045","I","Value imputed by a receiving agency","base year is 2015"
"CP","Consumer Price Indices","704","Viet Nam","2000","2000","23013","Consumer Prices, Food Indices (2015 = 100)","7012","December","6125","Value","","25.181482","I","Value imputed by a receiving agency","base year is 2015"
"CP","Consumer Price Indices","704","Viet Nam","2001","2001","23013","Consumer Prices, Food Indices (2015 = 100)","7001","January","6125","Value","","25.266842","I","Value imputed by a receiving agency","base year is 2015"
"CP","Consumer Price Indices","704","Viet Nam","2001","2001","23013","Consumer Prices, Food Indices (2015 = 100)","7002","February","6125","Value","","25.409275","I","Value imputed by a receiving agency","base year is 2015"
"CP","Consumer Price Indices","704","Viet Nam","2001","2001","23013","Consumer Prices, Food Indices (2015 = 100)","7003","March","6125","Value","","25.153045","I","Value imputed by a receiving agency","base year is 2015"
"CP","Consumer Price Indices","704","Viet Nam","2001","2001","23013","Consumer Prices, Food Indices (2015 = 100)","7004","April","6125","Value","","24.9826","I","Value imputed by a receiving agency","base year is 2015"
"CP","Consumer Price Indices","704","Viet Nam","2001","2001","23013","Consumer Prices, Food Indices (2015 = 100)","7005","May","6125","Value","","24.925852","I","Value imputed by a receiving agency","base year is 2015"
"CP","Consumer Price Indices","704","Viet Nam","2001","2001","23013","Consumer Prices, Food Indices (2015 = 100)","7006","June","6125","Value","","24.925852","I","Value imputed by a receiving agency","base year is 2015"
"CP","Consumer Price Indices","704","Viet Nam","2001","2001","23013","Consumer Prices, Food Indices (2015 = 100)","7007","July","6125","Value","","24.869138","I","Value imputed by a receiving agency","base year is 2015"
"CP","Consumer Price Indices","704","Viet Nam","2001","2001","23013","Consumer Prices, Food Indices (2015 = 100)","7008","August","6125","Value","","24.869138","I","Value imputed by a receiving agency","base year is 2015"
"CP","Consumer Price Indices","704","Viet Nam","2001","2001","23013","Consumer Prices, Food Indices (2015 = 100)","7009","September","6125","Value","","25.039382","I","Value imputed by a receiving agency","base year is 2015"
"CP","Consumer Price Indices","704","Viet Nam","2001","2001","23013","Consumer Prices, Food Indices (2015 = 100)","7010","October","6125","Value","","24.9826","I","Value imputed by a receiving agency","base year is 2015"
"CP","Consumer Price Indices","704","Viet Nam","2001","2001","23013","Consumer Prices, Food Indices (2015 = 100)","7011","November","6125","Value","","25.067785","I","Value imputed by a receiving agency","base year is 2015"
"CP","Consumer Price Indices","704","Viet Nam","2001","2001","23013","Consumer Prices, Food Indices (2015 = 100)","7012","December","6125","Value","","25.352277","I","Value imputed by a receiving agency","base year is 2015"
"CP","Consumer Price Indices","704","Viet Nam","2002","2002","23013","Consumer Prices, Food Indices (2015 = 100)","7001","January","6125","Value","","25.690764","X","Figure from external organization","base year is 2015"
"CP","Consumer Price Indices","704","Viet Nam","2002","2002","23013","Consumer Prices, Food Indices (2015 = 100)","7002","February","6125","Value","","26.718394","X","Figure from external organization","base year is 2015"
"CP","Consumer Price Indices","704","Viet Nam","2002","2002","23013","Consumer Prices, Food Indices (2015 = 100)","7003","March","6125","Value","","26.424492","X","Figure from external organization","base year is 2015"
"CP","Consumer Price Indices","704","Viet Nam","2002","2002","23013","Consumer Prices, Food Indices (2015 = 100)","7004","April","6125","Value","","26.424492","X","Figure from external organization","base year is 2015"
"CP","Consumer Price Indices","704","Viet Nam","2002","2002","23013","Consumer Prices, Food Indices (2015 = 100)","7005","May","6125","Value","","26.609463","X","Figure from external organization","base year is 2015"
"CP","Consumer Price Indices","704","Viet Nam","2002","2002","23013","Consumer Prices, Food Indices (2015 = 100)","7006","June","6125","Value","","26.662682","X","Figure from external organization","base year is 2015"
"CP","Consumer Price Indices","704","Viet Nam","2002","2002","23013","Consumer Prices, Food Indices (2015 = 100)","7007","July","6125","Value","","26.556032","X","Figure from external organization","base year is 2015"
"CP","Consumer Price Indices","704","Viet Nam","2002","2002","23013","Consumer Prices, Food Indices (2015 = 100)","7008","August","6125","Value","","26.556032","X","Figure from external organization","base year is 2015"
"CP","Consumer Price Indices","704","Viet Nam","2002","2002","23013","Consumer Prices, Food Indices (2015 = 100)","7009","September","6125","Value","","26.6357","X","Figure from external organization","base year is 2015"
"CP","Consumer Price Indices","704","Viet Nam","2002","2002","23013","Consumer Prices, Food Indices (2015 = 100)","7010","October","6125","Value","","26.582428","X","Figure from external organization","base year is 2015"
"CP","Consumer Price Indices","704","Viet Nam","2002","2002","23013","Consumer Prices, Food Indices (2015 = 100)","7011","November","6125","Value","","26.582428","X","Figure from external organization","base year is 2015"
"CP","Consumer Price Indices","704","Viet Nam","2002","2002","23013","Consumer Prices, Food Indices (2015 = 100)","7012","December","6125","Value","","26.662176","X","Figure from external organization","base year is 2015"
"CP","Consumer Price Indices","704","Viet Nam","2003","2003","23013","Consumer Prices, Food Indices (2015 = 100)","7001","January","6125","Value","","27.008784","X","Figure from external organization","base year is 2015"
"CP","Consumer Price Indices","704","Viet Nam","2003","2003","23013","Consumer Prices, Food Indices (2015 = 100)","7002","February","6125","Value","","27.927082","X","Figure from external organization","base year is 2015"
"CP","Consumer Price Indices","704","Viet Nam","2003","2003","23013","Consumer Prices, Food Indices (2015 = 100)","7003","March","6125","Value","","27.396468","X","Figure from external organization","base year is 2015"
"CP","Consumer Price Indices","704","Viet Nam","2003","2003","23013","Consumer Prices, Food Indices (2015 = 100)","7004","April","6125","Value","","27.314279","X","Figure from external organization","base year is 2015"
"CP","Consumer Price Indices","704","Viet Nam","2003","2003","23013","Consumer Prices, Food Indices (2015 = 100)","7005","May","6125","Value","","27.232336","X","Figure from external organization","base year is 2015"
"CP","Consumer Price Indices","704","Viet Nam","2003","2003","23013","Consumer Prices, Food Indices (2015 = 100)","7006","June","6125","Value","","27.096174","X","Figure from external organization","base year is 2015"
"CP","Consumer Price Indices","704","Viet Nam","2003","2003","23013","Consumer Prices, Food Indices (2015 = 100)","7007","July","6125","Value","","26.960693","X","Figure from external organization","base year is 2015"
"CP","Consumer Price Indices","704","Viet Nam","2003","2003","23013","Consumer Prices, Food Indices (2015 = 100)","7008","August","6125","Value","","26.906772","X","Figure from external organization","base year is 2015"
"CP","Consumer Price Indices","704","Viet Nam","2003","2003","23013","Consumer Prices, Food Indices (2015 = 100)","7009","September","6125","Value","","26.879865","X","Figure from external organization","base year is 2015"
"CP","Consumer Price Indices","704","Viet Nam","2003","2003","23013","Consumer Prices, Food Indices (2015 = 100)","7010","October","6125","Value","","26.879865","X","Figure from external organization","base year is 2015"
"CP","Consumer Price Indices","704","Viet Nam","2003","2003","23013","Consumer Prices, Food Indices (2015 = 100)","7011","November","6125","Value","","27.121784","X","Figure from external organization","base year is 2015"
"CP","Consumer Price Indices","704","Viet Nam","2003","2003","23013","Consumer Prices, Food Indices (2015 = 100)","7012","December","6125","Value","","27.420123","X","Figure from external organization","base year is 2015"
"CP","Consumer Price Indices","704","Viet Nam","2004","2004","23013","Consumer Prices, Food Indices (2015 = 100)","7001","January","6125","Value","","27.858845","X","Figure from external organization","base year is 2015"
"CP","Consumer Price Indices","704","Viet Nam","2004","2004","23013","Consumer Prices, Food Indices (2015 = 100)","7002","February","6125","Value","","29.279646","X","Figure from external organization","base year is 2015"
"CP","Consumer Price Indices","704","Viet Nam","2004","2004","23013","Consumer Prices, Food Indices (2015 = 100)","7003","March","6125","Value","","29.748121","X","Figure from external organization","base year is 2015"
"CP","Consumer Price Indices","704","Viet Nam","2004","2004","23013","Consumer Prices, Food Indices (2015 = 100)","7004","April","6125","Value","","30.015854","X","Figure from external organization","base year is 2015"
"CP","Consumer Price Indices","704","Viet Nam","2004","2004","23013","Consumer Prices, Food Indices (2015 = 100)","7005","May","6125","Value","","30.556139","X","Figure from external organization","base year is 2015"
"CP","Consumer Price Indices","704","Viet Nam","2004","2004","23013","Consumer Prices, Food Indices (2015 = 100)","7006","June","6125","Value","","31.014481","X","Figure from external organization","base year is 2015"
"CP","Consumer Price Indices","704","Viet Nam","2004","2004","23013","Consumer Prices, Food Indices (2015 = 100)","7007","July","6125","Value","","31.138539","X","Figure from external organization","base year is 2015"
"CP","Consumer Price Indices","704","Viet Nam","2004","2004","23013","Consumer Prices, Food Indices (2015 = 100)","7008","August","6125","Value","","31.356509","X","Figure from external organization","base year is 2015"
"CP","Consumer Price Indices","704","Viet Nam","2004","2004","23013","Consumer Prices, Food Indices (2015 = 100)","7009","September","6125","Value","","31.481935","X","Figure from external organization","base year is 2015"
"CP","Consumer Price Indices","704","Viet Nam","2004","2004","23013","Consumer Prices, Food Indices (2015 = 100)","7010","October","6125","Value","","31.418971","X","Figure from external organization","base year is 2015"
"CP","Consumer Price Indices","704","Viet Nam","2004","2004","23013","Consumer Prices, Food Indices (2015 = 100)","7011","November","6125","Value","","31.418971","X","Figure from external organization","base year is 2015"
"CP","Consumer Price Indices","704","Viet Nam","2004","2004","23013","Consumer Prices, Food Indices (2015 = 100)","7012","December","6125","Value","","31.638904","X","Figure from external organization","base year is 2015"
"CP","Consumer Price Indices","704","Viet Nam","2005","2005","23013","Consumer Prices, Food Indices (2015 = 100)","7001","January","6125","Value","","32.176765","X","Figure from external organization","base year is 2015"
"CP","Consumer Price Indices","704","Viet Nam","2005","2005","23013","Consumer Prices, Food Indices (2015 = 100)","7002","February","6125","Value","","33.496013","X","Figure from external organization","base year is 2015"
"CP","Consumer Price Indices","704","Viet Nam","2005","2005","23013","Consumer Prices, Food Indices (2015 = 100)","7003","March","6125","Value","","33.563005","X","Figure from external organization","base year is 2015"
"CP","Consumer Price Indices","704","Viet Nam","2005","2005","23013","Consumer Prices, Food Indices (2015 = 100)","7004","April","6125","Value","","33.73082","X","Figure from external organization","base year is 2015"
"CP","Consumer Price Indices","704","Viet Nam","2005","2005","23013","Consumer Prices, Food Indices (2015 = 100)","7005","May","6125","Value","","33.933205","X","Figure from external organization","base year is 2015"
"CP","Consumer Price Indices","704","Viet Nam","2005","2005","23013","Consumer Prices, Food Indices (2015 = 100)","7006","June","6125","Value","","34.102871","X","Figure from external organization","base year is 2015"
"CP","Consumer Price Indices","704","Viet Nam","2005","2005","23013","Consumer Prices, Food Indices (2015 = 100)","7007","July","6125","Value","","34.102871","X","Figure from external organization","base year is 2015"
"CP","Consumer Price Indices","704","Viet Nam","2005","2005","23013","Consumer Prices, Food Indices (2015 = 100)","7008","August","6125","Value","","34.205179","X","Figure from external organization","base year is 2015"
"CP","Consumer Price Indices","704","Viet Nam","2005","2005","23013","Consumer Prices, Food Indices (2015 = 100)","7009","September","6125","Value","","34.342","X","Figure from external organization","base year is 2015"
"CP","Consumer Price Indices","704","Viet Nam","2005","2005","23013","Consumer Prices, Food Indices (2015 = 100)","7010","October","6125","Value","","34.479368","X","Figure from external organization","base year is 2015"
"CP","Consumer Price Indices","704","Viet Nam","2005","2005","23013","Consumer Prices, Food Indices (2015 = 100)","7011","November","6125","Value","","34.651765","X","Figure from external organization","base year is 2015"
"CP","Consumer Price Indices","704","Viet Nam","2005","2005","23013","Consumer Prices, Food Indices (2015 = 100)","7012","December","6125","Value","","35.13689","X","Figure from external organization","base year is 2015"
"CP","Consumer Price Indices","704","Viet Nam","2006","2006","23013","Consumer Prices, Food Indices (2015 = 100)","7001","January","6125","Value","","35.734217","X","Figure from external organization","base year is 2015"
"CP","Consumer Price Indices","704","Viet Nam","2006","2006","23013","Consumer Prices, Food Indices (2015 = 100)","7002","February","6125","Value","","36.877712","X","Figure from external organization","base year is 2015"
"CP","Consumer Price Indices","704","Viet Nam","2006","2006","23013","Consumer Prices, Food Indices (2015 = 100)","7003","March","6125","Value","","36.545812","X","Figure from external organization","base year is 2015"
"CP","Consumer Price Indices","704","Viet Nam","2006","2006","23013","Consumer Prices, Food Indices (2015 = 100)","7004","April","6125","Value","","36.618904","X","Figure from external organization","base year is 2015"
"CP","Consumer Price Indices","704","Viet Nam","2006","2006","23013","Consumer Prices, Food Indices (2015 = 100)","7005","May","6125","Value","","36.708877","X","Figure from external organization","base year is 2015"
"CP","Consumer Price Indices","704","Viet Nam","2006","2006","23013","Consumer Prices, Food Indices (2015 = 100)","7006","June","6125","Value","","36.859383","X","Figure from external organization","base year is 2015"
"CP","Consumer Price Indices","704","Viet Nam","2006","2006","23013","Consumer Prices, Food Indices (2015 = 100)","7007","July","6125","Value","","37.017878","X","Figure from external organization","base year is 2015"
"CP","Consumer Price Indices","704","Viet Nam","2006","2006","23013","Consumer Prices, Food Indices (2015 = 100)","7008","August","6125","Value","","37.080809","X","Figure from external organization","base year is 2015"
"CP","Consumer Price Indices","704","Viet Nam","2006","2006","23013","Consumer Prices, Food Indices (2015 = 100)","7009","September","6125","Value","","36.995523","X","Figure from external organization","base year is 2015"
"CP","Consumer Price Indices","704","Viet Nam","2006","2006","23013","Consumer Prices, Food Indices (2015 = 100)","7010","October","6125","Value","","37.195299","X","Figure from external organization","base year is 2015"
"CP","Consumer Price Indices","704","Viet Nam","2006","2006","23013","Consumer Prices, Food Indices (2015 = 100)","7011","November","6125","Value","","37.645362","X","Figure from external organization","base year is 2015"
"CP","Consumer Price Indices","704","Viet Nam","2006","2006","23013","Consumer Prices, Food Indices (2015 = 100)","7012","December","6125","Value","","37.912644","X","Figure from external organization","base year is 2015"
"CP","Consumer Price Indices","704","Viet Nam","2007","2007","23013","Consumer Prices, Food Indices (2015 = 100)","7001","January","6125","Value","","38.341057","X","Figure from external organization","base year is 2015"
"CP","Consumer Price Indices","704","Viet Nam","2007","2007","23013","Consumer Prices, Food Indices (2015 = 100)","7002","February","6125","Value","","39.663823","X","Figure from external organization","base year is 2015"
"CP","Consumer Price Indices","704","Viet Nam","2007","2007","23013","Consumer Prices, Food Indices (2015 = 100)","7003","March","6125","Value","","39.497235","X","Figure from external organization","base year is 2015"
"CP","Consumer Price Indices","704","Viet Nam","2007","2007","23013","Consumer Prices, Food Indices (2015 = 100)","7004","April","6125","Value","","39.671023","X","Figure from external organization","base year is 2015"
"CP","Consumer Price Indices","704","Viet Nam","2007","2007","23013","Consumer Prices, Food Indices (2015 = 100)","7005","May","6125","Value","","40.083602","X","Figure from external organization","base year is 2015"
"CP","Consumer Price Indices","704","Viet Nam","2007","2007","23013","Consumer Prices, Food Indices (2015 = 100)","7006","June","6125","Value","","40.492454","X","Figure from external organization","base year is 2015"
"CP","Consumer Price Indices","704","Viet Nam","2007","2007","23013","Consumer Prices, Food Indices (2015 = 100)","7007","July","6125","Value","","41.136284","X","Figure from external organization","base year is 2015"
"CP","Consumer Price Indices","704","Viet Nam","2007","2007","23013","Consumer Prices, Food Indices (2015 = 100)","7008","August","6125","Value","","41.498284","X","Figure from external organization","base year is 2015"
"CP","Consumer Price Indices","704","Viet Nam","2007","2007","23013","Consumer Prices, Food Indices (2015 = 100)","7009","September","6125","Value","","41.921566","X","Figure from external organization","base year is 2015"
"CP","Consumer Price Indices","704","Viet Nam","2007","2007","23013","Consumer Prices, Food Indices (2015 = 100)","7010","October","6125","Value","","42.378511","X","Figure from external organization","base year is 2015"
"CP","Consumer Price Indices","704","Viet Nam","2007","2007","23013","Consumer Prices, Food Indices (2015 = 100)","7011","November","6125","Value","","43.251509","X","Figure from external organization","base year is 2015"
"CP","Consumer Price Indices","704","Viet Nam","2007","2007","23013","Consumer Prices, Food Indices (2015 = 100)","7012","December","6125","Value","","45.085373","X","Figure from external organization","base year is 2015"
"CP","Consumer Price Indices","704","Viet Nam","2008","2008","23013","Consumer Prices, Food Indices (2015 = 100)","7001","January","6125","Value","","46.780583","X","Figure from external organization","base year is 2015"
"CP","Consumer Price Indices","704","Viet Nam","2008","2008","23013","Consumer Prices, Food Indices (2015 = 100)","7002","February","6125","Value","","49.671623","X","Figure from external organization","base year is 2015"
"CP","Consumer Price Indices","704","Viet Nam","2008","2008","23013","Consumer Prices, Food Indices (2015 = 100)","7003","March","6125","Value","","51.598882","X","Figure from external organization","base year is 2015"
"CP","Consumer Price Indices","704","Viet Nam","2008","2008","23013","Consumer Prices, Food Indices (2015 = 100)","7004","April","6125","Value","","53.203607","X","Figure from external organization","base year is 2015"
"CP","Consumer Price Indices","704","Viet Nam","2008","2008","23013","Consumer Prices, Food Indices (2015 = 100)","7005","May","6125","Value","","57.060868","X","Figure from external organization","base year is 2015"
"CP","Consumer Price Indices","704","Viet Nam","2008","2008","23013","Consumer Prices, Food Indices (2015 = 100)","7006","June","6125","Value","","58.938171","X","Figure from external organization","base year is 2015"
"CP","Consumer Price Indices","704","Viet Nam","2008","2008","23013","Consumer Prices, Food Indices (2015 = 100)","7007","July","6125","Value","","59.521659","X","Figure from external organization","base year is 2015"
"CP","Consumer Price Indices","704","Viet Nam","2008","2008","23013","Consumer Prices, Food Indices (2015 = 100)","7008","August","6125","Value","","59.819267","X","Figure from external organization","base year is 2015"
"CP","Consumer Price Indices","704","Viet Nam","2008","2008","23013","Consumer Prices, Food Indices (2015 = 100)","7009","September","6125","Value","","59.819267","X","Figure from external organization","base year is 2015"
"CP","Consumer Price Indices","704","Viet Nam","2008","2008","23013","Consumer Prices, Food Indices (2015 = 100)","7010","October","6125","Value","","59.568026","X","Figure from external organization","base year is 2015"
"CP","Consumer Price Indices","704","Viet Nam","2008","2008","23013","Consumer Prices, Food Indices (2015 = 100)","7011","November","6125","Value","","59.526329","X","Figure from external organization","base year is 2015"
"CP","Consumer Price Indices","704","Viet Nam","2008","2008","23013","Consumer Prices, Food Indices (2015 = 100)","7012","December","6125","Value","","59.448944","X","Figure from external organization","base year is 2015"
"CP","Consumer Price Indices","704","Viet Nam","2009","2009","23013","Consumer Prices, Food Indices (2015 = 100)","7001","January","6125","Value","","59.680795","X","Figure from external organization","base year is 2015"
"CP","Consumer Price Indices","704","Viet Nam","2009","2009","23013","Consumer Prices, Food Indices (2015 = 100)","7002","February","6125","Value","","60.677464","X","Figure from external organization","base year is 2015"
"CP","Consumer Price Indices","704","Viet Nam","2009","2009","23013","Consumer Prices, Food Indices (2015 = 100)","7003","March","6125","Value","","60.398348","X","Figure from external organization","base year is 2015"
"CP","Consumer Price Indices","704","Viet Nam","2009","2009","23013","Consumer Prices, Food Indices (2015 = 100)","7004","April","6125","Value","","60.658061","X","Figure from external organization","base year is 2015"
"CP","Consumer Price Indices","704","Viet Nam","2009","2009","23013","Consumer Prices, Food Indices (2015 = 100)","7005","May","6125","Value","","60.767246","X","Figure from external organization","base year is 2015"
"CP","Consumer Price Indices","704","Viet Nam","2009","2009","23013","Consumer Prices, Food Indices (2015 = 100)","7006","June","6125","Value","","60.937394","X","Figure from external organization","base year is 2015"
"CP","Consumer Price Indices","704","Viet Nam","2009","2009","23013","Consumer Prices, Food Indices (2015 = 100)","7007","July","6125","Value","","60.906925","X","Figure from external organization","base year is 2015"
"CP","Consumer Price Indices","704","Viet Nam","2009","2009","23013","Consumer Prices, Food Indices (2015 = 100)","7008","August","6125","Value","","60.8582","X","Figure from external organization","base year is 2015"
"CP","Consumer Price Indices","704","Viet Nam","2009","2009","23013","Consumer Prices, Food Indices (2015 = 100)","7009","September","6125","Value","","60.888629","X","Figure from external organization","base year is 2015"
"CP","Consumer Price Indices","704","Viet Nam","2009","2009","23013","Consumer Prices, Food Indices (2015 = 100)","7010","October","6125","Value","","61.083472","X","Figure from external organization","base year is 2015"
"CP","Consumer Price Indices","704","Viet Nam","2009","2009","23013","Consumer Prices, Food Indices (2015 = 100)","7011","November","6125","Value","","61.614899","X","Figure from external organization","base year is 2015"
"CP","Consumer Price Indices","704","Viet Nam","2009","2009","23013","Consumer Prices, Food Indices (2015 = 100)","7012","December","6125","Value","","62.884165","X","Figure from external organization","base year is 2015"
"CP","Consumer Price Indices","704","Viet Nam","2010","2010","23013","Consumer Prices, Food Indices (2015 = 100)","7001","January","6125","Value","","64.211021","X","Figure from external organization","base year is 2015"
"CP","Consumer Price Indices","704","Viet Nam","2010","2010","23013","Consumer Prices, Food Indices (2015 = 100)","7002","February","6125","Value","","66.195142","X","Figure from external organization","base year is 2015"
"CP","Consumer Price Indices","704","Viet Nam","2010","2010","23013","Consumer Prices, Food Indices (2015 = 100)","7003","March","6125","Value","","66.876952","X","Figure from external organization","base year is 2015"
"CP","Consumer Price Indices","704","Viet Nam","2010","2010","23013","Consumer Prices, Food Indices (2015 = 100)","7004","April","6125","Value","","66.455627","X","Figure from external organization","base year is 2015"
"CP","Consumer Price Indices","704","Viet Nam","2010","2010","23013","Consumer Prices, Food Indices (2015 = 100)","7005","May","6125","Value","","66.37588","X","Figure from external organization","base year is 2015"
"CP","Consumer Price Indices","704","Viet Nam","2010","2010","23013","Consumer Prices, Food Indices (2015 = 100)","7006","June","6125","Value","","66.621471","X","Figure from external organization","base year is 2015"
"CP","Consumer Price Indices","704","Viet Nam","2010","2010","23013","Consumer Prices, Food Indices (2015 = 100)","7007","July","6125","Value","","66.761376","X","Figure from external organization","base year is 2015"
"CP","Consumer Price Indices","704","Viet Nam","2010","2010","23013","Consumer Prices, Food Indices (2015 = 100)","7008","August","6125","Value","","66.941632","X","Figure from external organization","base year is 2015"
"CP","Consumer Price Indices","704","Viet Nam","2010","2010","23013","Consumer Prices, Food Indices (2015 = 100)","7009","September","6125","Value","","67.470471","X","Figure from external organization","base year is 2015"
"CP","Consumer Price Indices","704","Viet Nam","2010","2010","23013","Consumer Prices, Food Indices (2015 = 100)","7010","October","6125","Value","","68.361081","X","Figure from external organization","base year is 2015"
"CP","Consumer Price Indices","704","Viet Nam","2010","2010","23013","Consumer Prices, Food Indices (2015 = 100)","7011","November","6125","Value","","70.719538","X","Figure from external organization","base year is 2015"
"CP","Consumer Price Indices","704","Viet Nam","2010","2010","23013","Consumer Prices, Food Indices (2015 = 100)","7012","December","6125","Value","","73.060355","X","Figure from external organization","base year is 2015"
"CP","Consumer Price Indices","704","Viet Nam","2011","2011","23013","Consumer Prices, Food Indices (2015 = 100)","7001","January","6125","Value","","74.864946","X","Figure from external organization","base year is 2015"
"CP","Consumer Price Indices","704","Viet Nam","2011","2011","23013","Consumer Prices, Food Indices (2015 = 100)","7002","February","6125","Value","","77.597516","X","Figure from external organization","base year is 2015"
"CP","Consumer Price Indices","704","Viet Nam","2011","2011","23013","Consumer Prices, Food Indices (2015 = 100)","7003","March","6125","Value","","79.133947","X","Figure from external organization","base year is 2015"
"CP","Consumer Price Indices","704","Viet Nam","2011","2011","23013","Consumer Prices, Food Indices (2015 = 100)","7004","April","6125","Value","","82.694975","X","Figure from external organization","base year is 2015"
"CP","Consumer Price Indices","704","Viet Nam","2011","2011","23013","Consumer Prices, Food Indices (2015 = 100)","7005","May","6125","Value","","85.184093","X","Figure from external organization","base year is 2015"
"CP","Consumer Price Indices","704","Viet Nam","2011","2011","23013","Consumer Prices, Food Indices (2015 = 100)","7006","June","6125","Value","","86.708889","X","Figure from external organization","base year is 2015"
"CP","Consumer Price Indices","704","Viet Nam","2011","2011","23013","Consumer Prices, Food Indices (2015 = 100)","7007","July","6125","Value","","88.547117","X","Figure from external organization","base year is 2015"
"CP","Consumer Price Indices","704","Viet Nam","2011","2011","23013","Consumer Prices, Food Indices (2015 = 100)","7008","August","6125","Value","","89.742503","X","Figure from external organization","base year is 2015"
"CP","Consumer Price Indices","704","Viet Nam","2011","2011","23013","Consumer Prices, Food Indices (2015 = 100)","7009","September","6125","Value","","89.993782","X","Figure from external organization","base year is 2015"
"CP","Consumer Price Indices","704","Viet Nam","2011","2011","23013","Consumer Prices, Food Indices (2015 = 100)","7010","October","6125","Value","","90.047779","X","Figure from external organization","base year is 2015"
"CP","Consumer Price Indices","704","Viet Nam","2011","2011","23013","Consumer Prices, Food Indices (2015 = 100)","7011","November","6125","Value","","90.552046","X","Figure from external organization","base year is 2015"
"CP","Consumer Price Indices","704","Viet Nam","2011","2011","23013","Consumer Prices, Food Indices (2015 = 100)","7012","December","6125","Value","","91.176855","X","Figure from external organization","base year is 2015"
"CP","Consumer Price Indices","704","Viet Nam","2012","2012","23013","Consumer Prices, Food Indices (2015 = 100)","7001","January","6125","Value","","92.097741","X","Figure from external organization","base year is 2015"
"CP","Consumer Price Indices","704","Viet Nam","2012","2012","23013","Consumer Prices, Food Indices (2015 = 100)","7002","February","6125","Value","","94.041004","X","Figure from external organization","base year is 2015"
"CP","Consumer Price Indices","704","Viet Nam","2012","2012","23013","Consumer Prices, Food Indices (2015 = 100)","7003","March","6125","Value","","93.260463","X","Figure from external organization","base year is 2015"
"CP","Consumer Price Indices","704","Viet Nam","2012","2012","23013","Consumer Prices, Food Indices (2015 = 100)","7004","April","6125","Value","","92.51438","X","Figure from external organization","base year is 2015"
"CP","Consumer Price Indices","704","Viet Nam","2012","2012","23013","Consumer Prices, Food Indices (2015 = 100)","7005","May","6125","Value","","92.38486","X","Figure from external organization","base year is 2015"
"CP","Consumer Price Indices","704","Viet Nam","2012","2012","23013","Consumer Prices, Food Indices (2015 = 100)","7006","June","6125","Value","","92.172374","X","Figure from external organization","base year is 2015"
"CP","Consumer Price Indices","704","Viet Nam","2012","2012","23013","Consumer Prices, Food Indices (2015 = 100)","7007","July","6125","Value","","91.739164","X","Figure from external organization","base year is 2015"
"CP","Consumer Price Indices","704","Viet Nam","2012","2012","23013","Consumer Prices, Food Indices (2015 = 100)","7008","August","6125","Value","","91.574034","X","Figure from external organization","base year is 2015"
"CP","Consumer Price Indices","704","Viet Nam","2012","2012","23013","Consumer Prices, Food Indices (2015 = 100)","7009","September","6125","Value","","91.647293","X","Figure from external organization","base year is 2015"
"CP","Consumer Price Indices","704","Viet Nam","2012","2012","23013","Consumer Prices, Food Indices (2015 = 100)","7010","October","6125","Value","","91.91307","X","Figure from external organization","base year is 2015"
"CP","Consumer Price Indices","704","Viet Nam","2012","2012","23013","Consumer Prices, Food Indices (2015 = 100)","7011","November","6125","Value","","91.83954","X","Figure from external organization","base year is 2015"
"CP","Consumer Price Indices","704","Viet Nam","2012","2012","23013","Consumer Prices, Food Indices (2015 = 100)","7012","December","6125","Value","","92.09669","X","Figure from external organization","base year is 2015"
"CP","Consumer Price Indices","704","Viet Nam","2013","2013","23013","Consumer Prices, Food Indices (2015 = 100)","7001","January","6125","Value","","93.330786","X","Figure from external organization","base year is 2015"
"CP","Consumer Price Indices","704","Viet Nam","2013","2013","23013","Consumer Prices, Food Indices (2015 = 100)","7002","February","6125","Value","","95.458728","X","Figure from external organization","base year is 2015"
"CP","Consumer Price Indices","704","Viet Nam","2013","2013","23013","Consumer Prices, Food Indices (2015 = 100)","7003","March","6125","Value","","94.952797","X","Figure from external organization","base year is 2015"
"CP","Consumer Price Indices","704","Viet Nam","2013","2013","23013","Consumer Prices, Food Indices (2015 = 100)","7004","April","6125","Value","","94.088726","X","Figure from external organization","base year is 2015"
"CP","Consumer Price Indices","704","Viet Nam","2013","2013","23013","Consumer Prices, Food Indices (2015 = 100)","7005","May","6125","Value","","93.759416","X","Figure from external organization","base year is 2015"
"CP","Consumer Price Indices","704","Viet Nam","2013","2013","23013","Consumer Prices, Food Indices (2015 = 100)","7006","June","6125","Value","","93.684408","X","Figure from external organization","base year is 2015"
"CP","Consumer Price Indices","704","Viet Nam","2013","2013","23013","Consumer Prices, Food Indices (2015 = 100)","7007","July","6125","Value","","93.778093","X","Figure from external organization","base year is 2015"
"CP","Consumer Price Indices","704","Viet Nam","2013","2013","23013","Consumer Prices, Food Indices (2015 = 100)","7008","August","6125","Value","","94.284494","X","Figure from external organization","base year is 2015"
"CP","Consumer Price Indices","704","Viet Nam","2013","2013","23013","Consumer Prices, Food Indices (2015 = 100)","7009","September","6125","Value","","94.897344","X","Figure from external organization","base year is 2015"
"CP","Consumer Price Indices","704","Viet Nam","2013","2013","23013","Consumer Prices, Food Indices (2015 = 100)","7010","October","6125","Value","","95.713461","X","Figure from external organization","base year is 2015"
"CP","Consumer Price Indices","704","Viet Nam","2013","2013","23013","Consumer Prices, Food Indices (2015 = 100)","7011","November","6125","Value","","96.306884","X","Figure from external organization","base year is 2015"
"CP","Consumer Price Indices","704","Viet Nam","2013","2013","23013","Consumer Prices, Food Indices (2015 = 100)","7012","December","6125","Value","","96.778788","X","Figure from external organization","base year is 2015"
"CP","Consumer Price Indices","704","Viet Nam","2014","2014","23013","Consumer Prices, Food Indices (2015 = 100)","7001","January","6125","Value","","97.523985","X","Figure from external organization","base year is 2015"
"CP","Consumer Price Indices","704","Viet Nam","2014","2014","23013","Consumer Prices, Food Indices (2015 = 100)","7002","February","6125","Value","","98.64551","X","Figure from external organization","base year is 2015"
"CP","Consumer Price Indices","704","Viet Nam","2014","2014","23013","Consumer Prices, Food Indices (2015 = 100)","7003","March","6125","Value","","97.698513","X","Figure from external organization","base year is 2015"
"CP","Consumer Price Indices","704","Viet Nam","2014","2014","23013","Consumer Prices, Food Indices (2015 = 100)","7004","April","6125","Value","","97.845061","X","Figure from external organization","base year is 2015"
"CP","Consumer Price Indices","704","Viet Nam","2014","2014","23013","Consumer Prices, Food Indices (2015 = 100)","7005","May","6125","Value","","98.011398","X","Figure from external organization","base year is 2015"
"CP","Consumer Price Indices","704","Viet Nam","2014","2014","23013","Consumer Prices, Food Indices (2015 = 100)","7006","June","6125","Value","","98.28583","X","Figure from external organization","base year is 2015"
"CP","Consumer Price Indices","704","Viet Nam","2014","2014","23013","Consumer Prices, Food Indices (2015 = 100)","7007","July","6125","Value","","98.541373","X","Figure from external organization","base year is 2015"
"CP","Consumer Price Indices","704","Viet Nam","2014","2014","23013","Consumer Prices, Food Indices (2015 = 100)","7008","August","6125","Value","","98.984809","X","Figure from external organization","base year is 2015"
"CP","Consumer Price Indices","704","Viet Nam","2014","2014","23013","Consumer Prices, Food Indices (2015 = 100)","7009","September","6125","Value","","99.202576","X","Figure from external organization","base year is 2015"
"CP","Consumer Price Indices","704","Viet Nam","2014","2014","23013","Consumer Prices, Food Indices (2015 = 100)","7010","October","6125","Value","","99.252177","X","Figure from external organization","base year is 2015"
"CP","Consumer Price Indices","704","Viet Nam","2014","2014","23013","Consumer Prices, Food Indices (2015 = 100)","7011","November","6125","Value","","99.222401","X","Figure from external organization","base year is 2015"
"CP","Consumer Price Indices","704","Viet Nam","2014","2014","23013","Consumer Prices, Food Indices (2015 = 100)","7012","December","6125","Value","","99.301779","X","Figure from external organization","base year is 2015"
"CP","Consumer Price Indices","704","Viet Nam","2015","2015","23013","Consumer Prices, Food Indices (2015 = 100)","7001","January","6125","Value","","99.579824","X","Figure from external organization","base year is 2015"
"CP","Consumer Price Indices","704","Viet Nam","2015","2015","23013","Consumer Prices, Food Indices (2015 = 100)","7002","February","6125","Value","","100.107597","X","Figure from external organization","base year is 2015"
"CP","Consumer Price Indices","704","Viet Nam","2015","2015","23013","Consumer Prices, Food Indices (2015 = 100)","7003","March","6125","Value","","100.467985","X","Figure from external organization","base year is 2015"
"CP","Consumer Price Indices","704","Viet Nam","2015","2015","23013","Consumer Prices, Food Indices (2015 = 100)","7004","April","6125","Value","","100.046019","X","Figure from external organization","base year is 2015"
"CP","Consumer Price Indices","704","Viet Nam","2015","2015","23013","Consumer Prices, Food Indices (2015 = 100)","7005","May","6125","Value","","99.825918","X","Figure from external organization","base year is 2015"
"CP","Consumer Price Indices","704","Viet Nam","2015","2015","23013","Consumer Prices, Food Indices (2015 = 100)","7006","June","6125","Value","","99.79597","X","Figure from external organization","base year is 2015"
"CP","Consumer Price Indices","704","Viet Nam","2015","2015","23013","Consumer Prices, Food Indices (2015 = 100)","7007","July","6125","Value","","99.895766","X","Figure from external organization","base year is 2015"
"CP","Consumer Price Indices","704","Viet Nam","2015","2015","23013","Consumer Prices, Food Indices (2015 = 100)","7008","August","6125","Value","","99.995662","X","Figure from external organization","base year is 2015"
"CP","Consumer Price Indices","704","Viet Nam","2015","2015","23013","Consumer Prices, Food Indices (2015 = 100)","7009","September","6125","Value","","99.865667","X","Figure from external organization","base year is 2015"
"CP","Consumer Price Indices","704","Viet Nam","2015","2015","23013","Consumer Prices, Food Indices (2015 = 100)","7010","October","6125","Value","","100.055412","X","Figure from external organization","base year is 2015"
"CP","Consumer Price Indices","704","Viet Nam","2015","2015","23013","Consumer Prices, Food Indices (2015 = 100)","7011","November","6125","Value","","100.104539","X","Figure from external organization","base year is 2015"
"CP","Consumer Price Indices","704","Viet Nam","2015","2015","23013","Consumer Prices, Food Indices (2015 = 100)","7012","December","6125","Value","","100.262604","X","Figure from external organization","base year is 2015"
"CP","Consumer Price Indices","704","Viet Nam","2016","2016","23013","Consumer Prices, Food Indices (2015 = 100)","7001","January","6125","Value","","100.514965","X","Figure from external organization","base year is 2015"
"CP","Consumer Price Indices","704","Viet Nam","2016","2016","23013","Consumer Prices, Food Indices (2015 = 100)","7002","February","6125","Value","","102.503453","X","Figure from external organization","base year is 2015"
"CP","Consumer Price Indices","704","Viet Nam","2016","2016","23013","Consumer Prices, Food Indices (2015 = 100)","7003","March","6125","Value","","102.006824","X","Figure from external organization","base year is 2015"
"CP","Consumer Price Indices","704","Viet Nam","2016","2016","23013","Consumer Prices, Food Indices (2015 = 100)","7004","April","6125","Value","","102.002233","X","Figure from external organization","base year is 2015"
"CP","Consumer Price Indices","704","Viet Nam","2016","2016","23013","Consumer Prices, Food Indices (2015 = 100)","7005","May","6125","Value","","102.372196","X","Figure from external organization","base year is 2015"
"CP","Consumer Price Indices","704","Viet Nam","2016","2016","23013","Consumer Prices, Food Indices (2015 = 100)","7006","June","6125","Value","","102.585232","X","Figure from external organization","base year is 2015"
"CP","Consumer Price Indices","704","Viet Nam","2016","2016","23013","Consumer Prices, Food Indices (2015 = 100)","7007","July","6125","Value","","102.529221","X","Figure from external organization","base year is 2015"
"CP","Consumer Price Indices","704","Viet Nam","2016","2016","23013","Consumer Prices, Food Indices (2015 = 100)","7008","August","6125","Value","","102.389883","X","Figure from external organization","base year is 2015"
"CP","Consumer Price Indices","704","Viet Nam","2016","2016","23013","Consumer Prices, Food Indices (2015 = 100)","7009","September","6125","Value","","102.486335","X","Figure from external organization","base year is 2015"
"CP","Consumer Price Indices","704","Viet Nam","2016","2016","23013","Consumer Prices, Food Indices (2015 = 100)","7010","October","6125","Value","","102.663329","X","Figure from external organization","base year is 2015"
"CP","Consumer Price Indices","704","Viet Nam","2016","2016","23013","Consumer Prices, Food Indices (2015 = 100)","7011","November","6125","Value","","103.170177","X","Figure from external organization","base year is 2015"
"CP","Consumer Price Indices","704","Viet Nam","2016","2016","23013","Consumer Prices, Food Indices (2015 = 100)","7012","December","6125","Value","","103.139639","X","Figure from external organization","base year is 2015"
"CP","Consumer Price Indices","704","Viet Nam","2017","2017","23013","Consumer Prices, Food Indices (2015 = 100)","7001","January","6125","Value","","102.89592","X","Figure from external organization","base year is 2015"
"CP","Consumer Price Indices","704","Viet Nam","2017","2017","23013","Consumer Prices, Food Indices (2015 = 100)","7002","February","6125","Value","","103.013016","X","Figure from external organization","base year is 2015"
"CP","Consumer Price Indices","704","Viet Nam","2017","2017","23013","Consumer Prices, Food Indices (2015 = 100)","7003","March","6125","Value","","102.115875","X","Figure from external organization","base year is 2015"
"CP","Consumer Price Indices","704","Viet Nam","2017","2017","23013","Consumer Prices, Food Indices (2015 = 100)","7004","April","6125","Value","","101.446506","X","Figure from external organization","base year is 2015"
"CP","Consumer Price Indices","704","Viet Nam","2017","2017","23013","Consumer Prices, Food Indices (2015 = 100)","7005","May","6125","Value","","99.999168","X","Figure from external organization","base year is 2015"
"CP","Consumer Price Indices","704","Viet Nam","2017","2017","23013","Consumer Prices, Food Indices (2015 = 100)","7006","June","6125","Value","","99.405473","X","Figure from external organization","base year is 2015"
"CP","Consumer Price Indices","704","Viet Nam","2017","2017","23013","Consumer Prices, Food Indices (2015 = 100)","7007","July","6125","Value","","99.942362","X","Figure from external organization","base year is 2015"
"CP","Consumer Price Indices","704","Viet Nam","2017","2017","23013","Consumer Prices, Food Indices (2015 = 100)","7008","August","6125","Value","","101.000652","X","Figure from external organization","base year is 2015"
"CP","Consumer Price Indices","704","Viet Nam","2017","2017","23013","Consumer Prices, Food Indices (2015 = 100)","7009","September","6125","Value","","101.08226","X","Figure from external organization","base year is 2015"
"CP","Consumer Price Indices","704","Viet Nam","2017","2017","23013","Consumer Prices, Food Indices (2015 = 100)","7010","October","6125","Value","","101.399558","X","Figure from external organization","base year is 2015"
"CP","Consumer Price Indices","704","Viet Nam","2017","2017","23013","Consumer Prices, Food Indices (2015 = 100)","7011","November","6125","Value","","101.515559","X","Figure from external organization","base year is 2015"
"CP","Consumer Price Indices","704","Viet Nam","2017","2017","23013","Consumer Prices, Food Indices (2015 = 100)","7012","December","6125","Value","","101.286235","X","Figure from external organization","base year is 2015"
"CP","Consumer Price Indices","704","Viet Nam","2018","2018","23013","Consumer Prices, Food Indices (2015 = 100)","7001","January","6125","Value","","101.732907","X","Figure from external organization","base year is 2015"
"CP","Consumer Price Indices","704","Viet Nam","2018","2018","23013","Consumer Prices, Food Indices (2015 = 100)","7002","February","6125","Value","","103.289319","X","Figure from external organization","base year is 2015"
"CP","Consumer Price Indices","704","Viet Nam","2018","2018","23013","Consumer Prices, Food Indices (2015 = 100)","7003","March","6125","Value","","102.645827","X","Figure from external organization","base year is 2015"
"CP","Consumer Price Indices","704","Viet Nam","2018","2018","23013","Consumer Prices, Food Indices (2015 = 100)","7004","April","6125","Value","","102.464144","X","Figure from external organization","base year is 2015"
"CP","Consumer Price Indices","704","Viet Nam","2018","2018","23013","Consumer Prices, Food Indices (2015 = 100)","7005","May","6125","Value","","103.364906","X","Figure from external organization","base year is 2015"
"CP","Consumer Price Indices","704","Viet Nam","2018","2018","23013","Consumer Prices, Food Indices (2015 = 100)","7006","June","6125","Value","","104.479076","X","Figure from external organization","base year is 2015"
"CP","Consumer Price Indices","704","Viet Nam","2018","2018","23013","Consumer Prices, Food Indices (2015 = 100)","7007","July","6125","Value","","104.930321","X","Figure from external organization","base year is 2015"
"CP","Consumer Price Indices","704","Viet Nam","2018","2018","23013","Consumer Prices, Food Indices (2015 = 100)","7008","August","6125","Value","","105.843425","X","Figure from external organization","base year is 2015"
"CP","Consumer Price Indices","704","Viet Nam","2018","2018","23013","Consumer Prices, Food Indices (2015 = 100)","7009","September","6125","Value","","106.311888","X","Figure from external organization","base year is 2015"
"CP","Consumer Price Indices","704","Viet Nam","2018","2018","23013","Consumer Prices, Food Indices (2015 = 100)","7010","October","6125","Value","","106.543223","X","Figure from external organization","base year is 2015"
"CP","Consumer Price Indices","704","Viet Nam","2018","2018","23013","Consumer Prices, Food Indices (2015 = 100)","7011","November","6125","Value","","106.391505","X","Figure from external organization","base year is 2015"
"CP","Consumer Price Indices","704","Viet Nam","2018","2018","23013","Consumer Prices, Food Indices (2015 = 100)","7012","December","6125","Value","","106.442999","X","Figure from external organization","base year is 2015"
"CP","Consumer Price Indices","704","Viet Nam","2019","2019","23013","Consumer Prices, Food Indices (2015 = 100)","7001","January","6125","Value","","107.149567","X","Figure from external organization","base year is 2015"
"CP","Consumer Price Indices","704","Viet Nam","2019","2019","23013","Consumer Prices, Food Indices (2015 = 100)","7002","February","6125","Value","","109.00229","X","Figure from external organization","base year is 2015"
"CP","Consumer Price Indices","704","Viet Nam","2019","2019","23013","Consumer Prices, Food Indices (2015 = 100)","7003","March","6125","Value","","107.452823","X","Figure from external organization","base year is 2015"
"CP","Consumer Price Indices","704","Viet Nam","2019","2019","23013","Consumer Prices, Food Indices (2015 = 100)","7004","April","6125","Value","","106.845285","X","Figure from external organization","base year is 2015"
"CP","Consumer Price Indices","704","Viet Nam","2019","2019","23013","Consumer Prices, Food Indices (2015 = 100)","7005","May","6125","Value","","106.897532","X","Figure from external organization","base year is 2015"
"CP","Consumer Price Indices","704","Viet Nam","2019","2019","23013","Consumer Prices, Food Indices (2015 = 100)","7006","June","6125","Value","","107.030833","X","Figure from external organization","base year is 2015"
"CP","Consumer Price Indices","704","Viet Nam","2019","2019","23013","Consumer Prices, Food Indices (2015 = 100)","7007","July","6125","Value","","107.383286","X","Figure from external organization","base year is 2015"
"CP","Consumer Price Indices","704","Viet Nam","2019","2019","23013","Consumer Prices, Food Indices (2015 = 100)","7008","August","6125","Value","","107.639932","X","Figure from external organization","base year is 2015"
"CP","Consumer Price Indices","704","Viet Nam","2019","2019","23013","Consumer Prices, Food Indices (2015 = 100)","7009","September","6125","Value","","108.237441","X","Figure from external organization","base year is 2015"
"CP","Consumer Price Indices","704","Viet Nam","2019","2019","23013","Consumer Prices, Food Indices (2015 = 100)","7010","October","6125","Value","","109.366358","X","Figure from external organization","base year is 2015"
"CP","Consumer Price Indices","704","Viet Nam","2019","2019","23013","Consumer Prices, Food Indices (2015 = 100)","7011","November","6125","Value","","112.361137","X","Figure from external organization","base year is 2015"
"CP","Consumer Price Indices","704","Viet Nam","2019","2019","23013","Consumer Prices, Food Indices (2015 = 100)","7012","December","6125","Value","","116.199618","X","Figure from external organization","base year is 2015"
"CP","Consumer Price Indices","704","Viet Nam","2020","2020","23013","Consumer Prices, Food Indices (2015 = 100)","7001","January","6125","Value","","118.857916","X","Figure from external organization","base year is 2015"
"CP","Consumer Price Indices","704","Viet Nam","2020","2020","23013","Consumer Prices, Food Indices (2015 = 100)","7002","February","6125","Value","","119.161836","X","Figure from external organization","base year is 2015"
"CP","Consumer Price Indices","704","Viet Nam","2020","2020","23013","Consumer Prices, Food Indices (2015 = 100)","7003","March","6125","Value","","118.654683","X","Figure from external organization","base year is 2015"
"CP","Consumer Price Indices","704","Viet Nam","2020","2020","23013","Consumer Prices, Food Indices (2015 = 100)","7004","April","6125","Value","","119.431871","X","Figure from external organization","base year is 2015"
"CP","Consumer Price Indices","704","Viet Nam","2020","2020","23013","Consumer Prices, Food Indices (2015 = 100)","7005","May","6125","Value","","119.84212","X","Figure from external organization","base year is 2015"
"CP","Consumer Price Indices","704","Viet Nam","2020","2020","23013","Consumer Prices, Food Indices (2015 = 100)","7006","June","6125","Value","","120.366429","X","Figure from external organization","base year is 2015"
"CP","Consumer Price Indices","704","Viet Nam","2020","2020","23013","Consumer Prices, Food Indices (2015 = 100)","7007","July","6125","Value","","120.148686","X","Figure from external organization","base year is 2015"
"CP","Consumer Price Indices","704","Viet Nam","2020","2020","23013","Consumer Prices, Food Indices (2015 = 100)","7008","August","6125","Value","","120.282412","X","Figure from external organization","base year is 2015"
"CP","Consumer Price Indices","704","Viet Nam","2020","2020","23013","Consumer Prices, Food Indices (2015 = 100)","7009","September","6125","Value","","119.913506","X","Figure from external organization","base year is 2015"
"CP","Consumer Price Indices","704","Viet Nam","2020","2020","23013","Consumer Prices, Food Indices (2015 = 100)","7010","October","6125","Value","","119.752822","X","Figure from external organization","base year is 2015"
"CP","Consumer Price Indices","704","Viet Nam","2020","2020","23013","Consumer Prices, Food Indices (2015 = 100)","7011","November","6125","Value","","119.811261","X","Figure from external organization","base year is 2015"
"CP","Consumer Price Indices","704","Viet Nam","2020","2020","23013","Consumer Prices, Food Indices (2015 = 100)","7012","December","6125","Value","","119.31644","X","Figure from external organization","base year is 2015"
"CP","Consumer Price Indices","704","Viet Nam","2021","2021","23013","Consumer Prices, Food Indices (2015 = 100)","7001","January","6125","Value","","120.081736","X","Figure from external organization","base year is 2015"
"CP","Consumer Price Indices","704","Viet Nam","2021","2021","23013","Consumer Prices, Food Indices (2015 = 100)","7002","February","6125","Value","","122.009648","X","Figure from external organization","base year is 2015"
"CP","Consumer Price Indices","704","Viet Nam","2021","2021","23013","Consumer Prices, Food Indices (2015 = 100)","7003","March","6125","Value","","120.230748","X","Figure from external organization","base year is 2015"
"CP","Consumer Price Indices","704","Viet Nam","2021","2021","23013","Consumer Prices, Food Indices (2015 = 100)","7004","April","6125","Value","","120.079137","X","Figure from external organization","base year is 2015"
"CP","Consumer Price Indices","704","Viet Nam","2021","2021","23013","Consumer Prices, Food Indices (2015 = 100)","7005","May","6125","Value","","120.127288","X","Figure from external organization","base year is 2015"
"CP","Consumer Price Indices","704","Viet Nam","2021","2021","23013","Consumer Prices, Food Indices (2015 = 100)","7006","June","6125","Value","","119.968961","X","Figure from external organization","base year is 2015"
"CP","Consumer Price Indices","704","Viet Nam","2021","2021","23013","Consumer Prices, Food Indices (2015 = 100)","7007","July","6125","Value","","120.772633","X","Figure from external organization","base year is 2015"
"CP","Consumer Price Indices","704","Viet Nam","2021","2021","23013","Consumer Prices, Food Indices (2015 = 100)","7008","August","6125","Value","","121.668524","X","Figure from external organization","base year is 2015"
"CP","Consumer Price Indices","704","Viet Nam","2021","2021","23013","Consumer Prices, Food Indices (2015 = 100)","7009","September","6125","Value","","121.468744","X","Figure from external organization","base year is 2015"
"CP","Consumer Price Indices","704","Viet Nam","2021","2021","23013","Consumer Prices, Food Indices (2015 = 100)","7010","October","6125","Value","","119.916495","X","Figure from external organization","base year is 2015"
"CP","Consumer Price Indices","704","Viet Nam","2021","2021","23013","Consumer Prices, Food Indices (2015 = 100)","7011","November","6125","Value","","119.712757","X","Figure from external organization","base year is 2015"
"CP","Consumer Price Indices","704","Viet Nam","2021","2021","23013","Consumer Prices, Food Indices (2015 = 100)","7012","December","6125","Value","","119.919262","X","Figure from external organization","base year is 2015"
"CP","Consumer Price Indices","704","Viet Nam","2022","2022","23013","Consumer Prices, Food Indices (2015 = 100)","7001","January","6125","Value","","119.917703","X","Figure from external organization","base year is 2015"
"CP","Consumer Price Indices","704","Viet Nam","2022","2022","23013","Consumer Prices, Food Indices (2015 = 100)","7002","February","6125","Value","","121.761557","X","Figure from external organization","base year is 2015"
"CP","Consumer Price Indices","704","Viet Nam","2022","2022","23013","Consumer Prices, Food Indices (2015 = 100)","7003","March","6125","Value","","121.438646","X","Figure from external organization","base year is 2015"
"CP","Consumer Price Indices","704","Viet Nam","2022","2022","23013","Consumer Prices, Food Indices (2015 = 100)","7004","April","6125","Value","","121.378534","X","Figure from external organization","base year is 2015"
"CP","Consumer Price Indices","704","Viet Nam","2022","2022","23013","Consumer Prices, Food Indices (2015 = 100)","7005","May","6125","Value","","121.711111","X","Figure from external organization","base year is 2015"
"CP","Consumer Price Indices","704","Viet Nam","2022","2022","23013","Consumer Prices, Food Indices (2015 = 100)","7006","June","6125","Value","","122.690277","X","Figure from external organization","base year is 2015"
"CP","Consumer Price Indices","704","Viet Nam","2022","2022","23013","Consumer Prices, Food Indices (2015 = 100)","7007","July","6125","Value","","124.377023","X","Figure from external organization","base year is 2015"
"CP","Consumer Price Indices","704","Viet Nam","2022","2022","23013","Consumer Prices, Food Indices (2015 = 100)","7008","August","6125","Value","","125.683354","X","Figure from external organization","base year is 2015"
"CP","Consumer Price Indices","704","Viet Nam","2022","2022","23013","Consumer Prices, Food Indices (2015 = 100)","7009","September","6125","Value","","125.903426","X","Figure from external organization","base year is 2015"
"CP","Consumer Price Indices","704","Viet Nam","2022","2022","23013","Consumer Prices, Food Indices (2015 = 100)","7010","October","6125","Value","","126.067226","X","Figure from external organization","base year is 2015"
"CP","Consumer Price Indices","704","Viet Nam","2022","2022","23013","Consumer Prices, Food Indices (2015 = 100)","7011","November","6125","Value","","125.97961","X","Figure from external organization","base year is 2015"
"CP","Consumer Price Indices","704","Viet Nam","2022","2022","23013","Consumer Prices, Food Indices (2015 = 100)","7012","December","6125","Value","","126.168327","X","Figure from external organization","base year is 2015"
"CP","Consumer Price Indices","704","Viet Nam","2023","2023","23013","Consumer Prices, Food Indices (2015 = 100)","7001","January","6125","Value","","127.203033","X","Figure from external organization","base year is 2015"
"CP","Consumer Price Indices","704","Viet Nam","2023","2023","23013","Consumer Prices, Food Indices (2015 = 100)","7002","February","6125","Value","","126.990986","X","Figure from external organization","base year is 2015"
"CP","Consumer Price Indices","704","Viet Nam","2023","2023","23013","Consumer Prices, Food Indices (2015 = 100)","7003","March","6125","Value","","126.255835","X","Figure from external organization","base year is 2015"
"CP","Consumer Price Indices","704","Viet Nam","2023","2023","23013","Consumer Prices, Food Indices (2015 = 100)","7004","April","6125","Value","","125.769876","X","Figure from external organization","base year is 2015"
"CP","Consumer Price Indices","704","Viet Nam","2023","2023","23013","Consumer Prices, Food Indices (2015 = 100)","7005","May","6125","Value","","126.070844","X","Figure from external organization","base year is 2015"
"CP","Consumer Price Indices","704","Viet Nam","2023","2023","23013","Consumer Prices, Food Indices (2015 = 100)","7006","June","6125","Value","","126.790834","X","Figure from external organization","base year is 2015"
"CP","Consumer Price Indices","704","Viet Nam","2023","2023","23013","Consumer Prices, Food Indices (2015 = 100)","7007","July","6125","Value","","127.59342","X","Figure from external organization","base year is 2015"
"CP","Consumer Price Indices","704","Viet Nam","2023","2023","23013","Consumer Prices, Food Indices (2015 = 100)","7008","August","6125","Value","","128.587246","X","Figure from external organization","base year is 2015"
"CP","Consumer Price Indices","704","Viet Nam","2023","2023","23013","Consumer Prices, Food Indices (2015 = 100)","7009","September","6125","Value","","129.521175","X","Figure from external organization","base year is 2015"
"CP","Consumer Price Indices","704","Viet Nam","2023","2023","23013","Consumer Prices, Food Indices (2015 = 100)","7010","October","6125","Value","","129.604845","X","Figure from external organization","base year is 2015"
"CP","Consumer Price Indices","704","Viet Nam","2023","2023","23013","Consumer Prices, Food Indices (2015 = 100)","7011","November","6125","Value","","129.732247","X","Figure from external organization","base year is 2015"
"CP","Consumer Price Indices","704","Viet Nam","2023","2023","23013","Consumer Prices, Food Indices (2015 = 100)","7012","December","6125","Value","","129.868985","X","Figure from external organization","base year is 2015"
"CP","Consumer Price Indices","704","Viet Nam","2024","2024","23013","Consumer Prices, Food Indices (2015 = 100)","7001","January","6125","Value","","130.137684","X","Figure from external organization","base year is 2015"
"CP","Consumer Price Indices","704","Viet Nam","2024","2024","23013","Consumer Prices, Food Indices (2015 = 100)","7002","February","6125","Value","","132.369024","X","Figure from external organization","base year is 2015"
"CP","Consumer Price Indices","704","Viet Nam","2024","2024","23013","Consumer Prices, Food Indices (2015 = 100)","7003","March","6125","Value","","131.368712","X","Figure from external organization","base year is 2015"
"CP","Consumer Price Indices","704","Viet Nam","2024","2024","23013","Consumer Prices, Food Indices (2015 = 100)","7004","April","6125","Value","","131.203056","X","Figure from external organization","base year is 2015"
"CP","Consumer Price Indices","704","Viet Nam","2024","2024","23013","Consumer Prices, Food Indices (2015 = 100)","7005","May","6125","Value","","131.707531","X","Figure from external organization","base year is 2015"
"CP","Consumer Price Indices","704","Viet Nam","2024","2024","23013","Consumer Prices, Food Indices (2015 = 100)","7006","June","6125","Value","","132.69705","X","Figure from external organization","base year is 2015"
"CP","Consumer Price Indices","704","Viet Nam","2024","2024","23013","Consumer Prices, Food Indices (2015 = 100)","7007","July","6125","Value","","133.039409","X","Figure from external organization","base year is 2015"
"CP","Consumer Price Indices","704","Viet Nam","2024","2024","23013","Consumer Prices, Food Indices (2015 = 100)","7008","August","6125","Value","","133.394624","X","Figure from external organization","base year is 2015"
"CP","Consumer Price Indices","704","Viet Nam","2024","2024","23013","Consumer Prices, Food Indices (2015 = 100)","7009","September","6125","Value","","134.62719","X","Figure from external organization","base year is 2015"
"CP","Consumer Price Indices","704","Viet Nam","2024","2024","23013","Consumer Prices, Food Indices (2015 = 100)","7010","October","6125","Value","","135.368582","X","Figure from external organization","base year is 2015"
"CP","Consumer Price Indices","704","Viet Nam","2024","2024","23013","Consumer Prices, Food Indices (2015 = 100)","7011","November","6125","Value","","135.074697","X","Figure from external organization","base year is 2015"
"CP","Consumer Price Indices","704","Viet Nam","2024","2024","23013","Consumer Prices, Food Indices (2015 = 100)","7012","December","6125","Value","","134.90018","X","Figure from external organization","base year is 2015"
"CP","Consumer Price Indices","704","Viet Nam","2025","2025","23013","Consumer Prices, Food Indices (2015 = 100)","7001","January","6125","Value","","135.892371","X","Figure from external organization","base year is 2015"
"CP","Consumer Price Indices","704","Viet Nam","2025","2025","23013","Consumer Prices, Food Indices (2015 = 100)","7002","February","6125","Value","","136.471409","X","Figure from external organization","base year is 2015"
"CP","Consumer Price Indices","704","Viet Nam","2025","2025","23013","Consumer Prices, Food Indices (2015 = 100)","7003","March","6125","Value","","136.4029","X","Figure from external organization","base year is 2015"
"CP","Consumer Price Indices","704","Viet Nam","2025","2025","23013","Consumer Prices, Food Indices (2015 = 100)","7004","April","6125","Value","","136.537885","X","Figure from external organization","base year is 2015"
"CP","Consumer Price Indices","704","Viet Nam","2025","2025","23013","Consumer Prices, Food Indices (2015 = 100)","7005","May","6125","Value","","136.605378","X","Figure from external organization","base year is 2015"
"CP","Consumer Price Indices","704","Viet Nam","2025","2025","23013","Consumer Prices, Food Indices (2015 = 100)","7006","June","6125","Value","","136.672871","X","Figure from external organization","base year is 2015"
"CP","Consumer Price Indices","704","Viet Nam","2025","2025","23013","Consumer Prices, Food Indices (2015 = 100)","7007","July","6125","Value","","136.875349","X","Figure from external organization","base year is 2015"
"CP","Consumer Price Indices","704","Viet Nam","2025","2025","23013","Consumer Prices, Food Indices (2015 = 100)","7008","August","6125","Value","","136.807857","X","Figure from external organization","base year is 2015"
"CP","Consumer Price Indices","704","Viet Nam","2025","2025","23013","Consumer Prices, Food Indices (2015 = 100)","7009","September","6125","Value","","137.347799","X","Figure from external organization","base year is 2015"
